Change Component Comment : Designator= Old Comment= New Comment=1N4007-SMA
Change Component Comment : Designator= Old Comment= New Comment=1N4007-SMA
Change Component Comment : Designator= Old Comment= New Comment=1N4007-SMA
Change Component Comment : Designator= Old Comment= New Comment=1N4007-SMA
Change Component Comment : Designator= Old Comment= New Comment=1N4007-SMA
Change Component Comment : Designator= Old Comment= New Comment=1N4007-SMA
Change Component Comment : Designator= Old Comment= New Comment=1N4007-SMA
Change Component Comment : Designator= Old Comment= New Comment=1N4007-SMA
Change Component Comment : Designator= Old Comment= New Comment=1nf-1206
Change Component Comment : Designator= Old Comment= New Comment=1nf-1206
Change Component Comment : Designator= Old Comment= New Comment=1nf-1206
Change Component Comment : Designator= Old Comment= New Comment=1nF-1206
Change Component Comment : Designator= Old Comment= New Comment=1nf-1206
Change Component Comment : Designator= Old Comment= New Comment=1nf-1206
Change Component Comment : Designator= Old Comment= New Comment=1uf-1206
Change Component Comment : Designator= Old Comment= New Comment=1uf-1206
Change Component Comment : Designator= Old Comment= New Comment=1uf-1206
Change Component Comment : Designator= Old Comment= New Comment=1uf-1206
Change Component Comment : Designator= Old Comment= New Comment=1uf-1206
Change Component Comment : Designator= Old Comment= New Comment=1uf-1206
Change Component Comment : Designator= Old Comment= New Comment=1uf-1206
Change Component Comment : Designator= Old Comment= New Comment=1uf-1206
Change Component Comment : Designator= Old Comment= New Comment=1uf-1206
Change Component Comment : Designator= Old Comment= New Comment=1uf-1206
Change Component Comment : Designator= Old Comment= New Comment=1uf-1206
Change Component Comment : Designator= Old Comment= New Comment=1uf-1206
Change Component Comment : Designator= Old Comment= New Comment=1uf-1206
Change Component Comment : Designator= Old Comment= New Comment=2N7002
Change Component Comment : Designator= Old Comment= New Comment=2N7002
Change Component Comment : Designator= Old Comment= New Comment=2N7002
Change Component Comment : Designator= Old Comment= New Comment=2N7002
Change Component Comment : Designator= Old Comment= New Comment=2N7002
Change Component Comment : Designator= Old Comment= New Comment=2N7002
Change Component Comment : Designator= Old Comment= New Comment=2N7002
Change Component Comment : Designator= Old Comment= New Comment=2N7002
Change Component Comment : Designator= Old Comment= New Comment=2N7002
Change Component Comment : Designator= Old Comment= New Comment=2N7002
Change Component Comment : Designator= Old Comment= New Comment=4.7k -0805
Change Component Comment : Designator= Old Comment= New Comment=4.7k -0805
Change Component Comment : Designator= Old Comment= New Comment=4.7k-1206
Change Component Comment : Designator= Old Comment= New Comment=4.7k-1206
Change Component Comment : Designator= Old Comment= New Comment=4.7k-1206
Change Component Comment : Designator= Old Comment= New Comment=4.7k-1206
Change Component Comment : Designator= Old Comment= New Comment=4.7k-1206
Change Component Comment : Designator= Old Comment= New Comment=4.7k-1206
Change Component Comment : Designator= Old Comment= New Comment=4.7k-1206
Change Component Comment : Designator= Old Comment= New Comment=4.7k-1206
Change Component Comment : Designator= Old Comment= New Comment=4.7k-1206
Change Component Comment : Designator= Old Comment= New Comment=4.7k-1206
Change Component Comment : Designator= Old Comment= New Comment=4.7k-1206
Change Component Comment : Designator= Old Comment= New Comment=4.7k-1206
Change Component Comment : Designator= Old Comment= New Comment=4.7k-1206
Change Component Comment : Designator= Old Comment= New Comment=4.7k-1206
Change Component Comment : Designator= Old Comment= New Comment=4.7k-1206
Change Component Comment : Designator= Old Comment= New Comment=4.7k-1206
Change Component Comment : Designator= Old Comment= New Comment=4.7k-1206
Change Component Comment : Designator= Old Comment= New Comment=4.7k-1206
Change Component Comment : Designator= Old Comment= New Comment=4.7k-1206
Change Component Comment : Designator= Old Comment= New Comment=4.7k-1206
Change Component Comment : Designator= Old Comment= New Comment=4.7k-1206
Change Component Comment : Designator= Old Comment= New Comment=4.7k-1206
Change Component Comment : Designator= Old Comment= New Comment=4.7k-1206
Change Component Comment : Designator= Old Comment= New Comment=4.7k-1206
Change Component Comment : Designator= Old Comment= New Comment=4.7k-1206
Change Component Comment : Designator= Old Comment= New Comment=4.7k-1206
Change Component Comment : Designator= Old Comment= New Comment=4.7k-1206
Change Component Comment : Designator= Old Comment= New Comment=4.7k-1206
Change Component Comment : Designator= Old Comment= New Comment=4.7k-1206
Change Component Comment : Designator= Old Comment= New Comment=4.7k-1206
Change Component Comment : Designator= Old Comment= New Comment=4.7k-1206
Change Component Comment : Designator= Old Comment= New Comment=4.7k-1206
Change Component Comment : Designator= Old Comment= New Comment=4.7k-1206
Change Component Comment : Designator= Old Comment= New Comment=4.7k-1206
Change Component Comment : Designator= Old Comment= New Comment=4.7k-1206
Change Component Comment : Designator= Old Comment= New Comment=4.7k-1206
Change Component Comment : Designator= Old Comment= New Comment=4.7k-1206
Change Component Comment : Designator= Old Comment= New Comment=4.7k-1206
Change Component Comment : Designator= Old Comment= New Comment=4.7k-1206
Change Component Comment : Designator= Old Comment= New Comment=4.7k-1206
Change Component Comment : Designator= Old Comment= New Comment=4.7k-1206
Change Component Comment : Designator= Old Comment= New Comment=4.7k-1206
Change Component Comment : Designator= Old Comment= New Comment=4.7k-1206
Change Component Comment : Designator= Old Comment= New Comment=4.7k-1206
Change Component Comment : Designator= Old Comment= New Comment=4.7k-1206
Change Component Comment : Designator= Old Comment= New Comment=4.7k-1206
Change Component Comment : Designator= Old Comment= New Comment=4.7k-1206
Change Component Comment : Designator= Old Comment= New Comment=4.7k-1206
Change Component Comment : Designator= Old Comment= New Comment=4.7k-1206
Change Component Comment : Designator= Old Comment= New Comment=4.7k-1206
Change Component Comment : Designator= Old Comment= New Comment=4.7k-1206
Change Component Comment : Designator= Old Comment= New Comment=4.7k-1206
Change Component Comment : Designator= Old Comment= New Comment=4.7k-1206
Change Component Comment : Designator= Old Comment= New Comment=4.7k-1206
Change Component Comment : Designator= Old Comment= New Comment=4.7k-1206
Change Component Comment : Designator= Old Comment= New Comment=4.7k-1206
Change Component Comment : Designator= Old Comment= New Comment=8MHZ
Change Component Comment : Designator= Old Comment= New Comment=10K -1206
Change Component Comment : Designator= Old Comment= New Comment=10K -1206
Change Component Comment : Designator= Old Comment= New Comment=10K -1206
Change Component Comment : Designator= Old Comment= New Comment=10K -1206
Change Component Comment : Designator= Old Comment= New Comment=10K -1206
Change Component Comment : Designator= Old Comment= New Comment=10K -1206
Change Component Comment : Designator= Old Comment= New Comment=10K -1206
Change Component Comment : Designator= Old Comment= New Comment=10K -1206
Change Component Comment : Designator= Old Comment= New Comment=10k-2512
Change Component Comment : Designator= Old Comment= New Comment=10k-2512
Change Component Comment : Designator= Old Comment= New Comment=10k-2512
Change Component Comment : Designator= Old Comment= New Comment=10k-2512
Change Component Comment : Designator= Old Comment= New Comment=10k-2512
Change Component Comment : Designator= Old Comment= New Comment=10k-2512
Change Component Comment : Designator= Old Comment= New Comment=10k-2512
Change Component Comment : Designator= Old Comment= New Comment=10k-2512
Change Component Comment : Designator= Old Comment= New Comment=10k-2512
Change Component Comment : Designator= Old Comment= New Comment=10k-2512
Change Component Comment : Designator= Old Comment= New Comment=10k-2512
Change Component Comment : Designator= Old Comment= New Comment=10k-2512
Change Component Comment : Designator= Old Comment= New Comment=10k-2512
Change Component Comment : Designator= Old Comment= New Comment=10k-2512
Change Component Comment : Designator= Old Comment= New Comment=10k-2512
Change Component Comment : Designator= Old Comment= New Comment=10k-2512
Change Component Comment : Designator= Old Comment= New Comment=10k-2512
Change Component Comment : Designator= Old Comment= New Comment=10k-2512
Change Component Comment : Designator= Old Comment= New Comment=10k-2512
Change Component Comment : Designator= Old Comment= New Comment=10k-2512
Change Component Comment : Designator= Old Comment= New Comment=10k-2512
Change Component Comment : Designator= Old Comment= New Comment=10k-2512
Change Component Comment : Designator= Old Comment= New Comment=10k-2512
Change Component Comment : Designator= Old Comment= New Comment=10k-2512
Change Component Comment : Designator= Old Comment= New Comment=10k-2512
Change Component Comment : Designator= Old Comment= New Comment=10k-2512
Change Component Comment : Designator= Old Comment= New Comment=10k-2512
Change Component Comment : Designator= Old Comment= New Comment=10k-2512
Change Component Comment : Designator= Old Comment= New Comment=10k-2512
Change Component Comment : Designator= Old Comment= New Comment=10k-2512
Change Component Comment : Designator= Old Comment= New Comment=10k-2512
Change Component Comment : Designator= Old Comment= New Comment=10k-2512
Change Component Comment : Designator= Old Comment= New Comment=22k-1206
Change Component Comment : Designator= Old Comment= New Comment=22pf-1206
Change Component Comment : Designator= Old Comment= New Comment=22pf-1206
Change Component Comment : Designator= Old Comment= New Comment=100uF-50v-polymer
Change Component Comment : Designator= Old Comment= New Comment=100uF-50v-polymer
Change Component Comment : Designator= Old Comment= New Comment=220k-1206
Change Component Comment : Designator= Old Comment= New Comment=300 ohm-1206
Change Component Comment : Designator= Old Comment= New Comment=300 ohm-1206
Change Component Comment : Designator= Old Comment= New Comment=300 ohm-1206
Change Component Comment : Designator= Old Comment= New Comment=300 ohm-1206
Change Component Comment : Designator= Old Comment= New Comment=300 ohm-1206
Change Component Comment : Designator= Old Comment= New Comment=300 ohm-1206
Change Component Comment : Designator= Old Comment= New Comment=300 ohm-1206
Change Component Comment : Designator= Old Comment= New Comment=300 ohm-1206
Change Component Comment : Designator= Old Comment= New Comment=300 ohm-1206
Change Component Comment : Designator= Old Comment= New Comment=300 ohm-1206
Change Component Comment : Designator= Old Comment= New Comment=300 ohm-1206
Change Component Comment : Designator= Old Comment= New Comment=300 ohm-1206
Change Component Comment : Designator= Old Comment= New Comment=300 ohm-1206
Change Component Comment : Designator= Old Comment= New Comment=300 ohm-1206
Change Component Comment : Designator= Old Comment= New Comment=300 ohm-1206
Change Component Comment : Designator= Old Comment= New Comment=300 ohm-1206
Change Component Comment : Designator= Old Comment= New Comment=470uF-6.3v-polymer
Change Component Comment : Designator= Old Comment= New Comment=470uF-16v-polymer
Change Component Comment : Designator= Old Comment= New Comment=470uF-16v-polymer
Change Component Comment : Designator= Old Comment= New Comment=470uF-16v-polymer
Change Component Comment : Designator= Old Comment= New Comment=AMS1117
Change Component Comment : Designator= Old Comment= New Comment=Component_1
Change Component Comment : Designator= Old Comment= New Comment=EL817
Change Component Comment : Designator= Old Comment= New Comment=EL817
Change Component Comment : Designator= Old Comment= New Comment=EL817
Change Component Comment : Designator= Old Comment= New Comment=EL817
Change Component Comment : Designator= Old Comment= New Comment=EL817
Change Component Comment : Designator= Old Comment= New Comment=EL817
Change Component Comment : Designator= Old Comment= New Comment=EL817
Change Component Comment : Designator= Old Comment= New Comment=EL817
Change Component Comment : Designator= Old Comment= New Comment=HDRF3
Change Component Comment : Designator= Old Comment= New Comment=HDRF3
Change Component Comment : Designator= Old Comment= New Comment=HDRF3
Change Component Comment : Designator= Old Comment= New Comment=HDRF3
Change Component Comment : Designator= Old Comment= New Comment=led-red-1206
Change Component Comment : Designator= Old Comment= New Comment=led-red-1206
Change Component Comment : Designator= Old Comment= New Comment=led-red-1206
Change Component Comment : Designator= Old Comment= New Comment=led-red-1206
Change Component Comment : Designator= Old Comment= New Comment=led-red-1206
Change Component Comment : Designator= Old Comment= New Comment=led-red-1206
Change Component Comment : Designator= Old Comment= New Comment=led-red-1206
Change Component Comment : Designator= Old Comment= New Comment=led-red-1206
Change Component Comment : Designator= Old Comment= New Comment=led-red-1206
Change Component Comment : Designator= Old Comment= New Comment=led-red-1206
Change Component Comment : Designator= Old Comment= New Comment=led-red-1206
Change Component Comment : Designator= Old Comment= New Comment=led-red-1206
Change Component Comment : Designator= Old Comment= New Comment=led-red-1206
Change Component Comment : Designator= Old Comment= New Comment=led-red-1206
Change Component Comment : Designator= Old Comment= New Comment=led-red-1206
Change Component Comment : Designator= Old Comment= New Comment=led-red-1206
Change Component Comment : Designator= Old Comment= New Comment=led-red-1206
Change Component Comment : Designator= Old Comment= New Comment=led-red-1206
Change Component Comment : Designator= Old Comment= New Comment=led-red-1206
Change Component Comment : Designator= Old Comment= New Comment=led-red-1206
Change Component Comment : Designator= Old Comment= New Comment=led-red-1206
Change Component Comment : Designator= Old Comment= New Comment=led-red-1206
Change Component Comment : Designator= Old Comment= New Comment=led-red-1206
Change Component Comment : Designator= Old Comment= New Comment=led-red-1206
Change Component Comment : Designator= Old Comment= New Comment=led-red-1206
Change Component Comment : Designator= Old Comment= New Comment=LF50
Change Component Comment : Designator= Old Comment= New Comment=mp 1584 12v
Change Component Comment : Designator= Old Comment= New Comment=MTSW-104-24-G-S-230
Change Component Comment : Designator= Old Comment= New Comment=MTSW-104-24-G-S-230
Change Component Comment : Designator= Old Comment= New Comment=phoenix-3.81mm-2pos
Change Component Comment : Designator= Old Comment= New Comment=phoenix-3.81mm-2pos
Change Component Comment : Designator= Old Comment= New Comment=phoenix-3.81mm-2pos
Change Component Comment : Designator= Old Comment= New Comment=phoenix-3.81mm-2pos
Change Component Comment : Designator= Old Comment= New Comment=phoenix-3.81mm-2pos
Change Component Comment : Designator= Old Comment= New Comment=phoenix-3.81mm-2pos
Change Component Comment : Designator= Old Comment= New Comment=phoenix-3.81mm-2pos
Change Component Comment : Designator= Old Comment= New Comment=phoenix-3.81mm-2pos
Change Component Comment : Designator= Old Comment= New Comment=phoenix-3.81mm-2pos
Change Component Comment : Designator= Old Comment= New Comment=phoenix-3.81mm-2pos
Change Component Comment : Designator= Old Comment= New Comment=phoenix-3.81mm-2pos
Change Component Comment : Designator= Old Comment= New Comment=phoenix-3.81mm-2pos
Change Component Comment : Designator= Old Comment= New Comment=phoenix-3.81mm-2pos
Change Component Comment : Designator= Old Comment= New Comment=phoenix-5.08mm-2pos
Change Component Comment : Designator= Old Comment= New Comment=phoenix-5.08mm-2pos
Change Component Comment : Designator= Old Comment= New Comment=phoenix-5.08mm-2pos
Change Component Comment : Designator= Old Comment= New Comment=phoenix-5.08mm-2pos
Change Component Comment : Designator= Old Comment= New Comment=phoenix-5.08mm-2pos
Change Component Comment : Designator= Old Comment= New Comment=phoenix-5.08mm-2pos
Change Component Comment : Designator= Old Comment= New Comment=phoenix-5.08mm-2pos
Change Component Comment : Designator= Old Comment= New Comment=phoenix-5.08mm-2pos
Change Component Comment : Designator= Old Comment= New Comment=phoenix-5.08mm-2pos
Change Component Comment : Designator= Old Comment= New Comment=phoenix-5.08mm-3pos
Change Component Comment : Designator= Old Comment= New Comment=phoenix-5.08mm-3pos
Change Component Comment : Designator= Old Comment= New Comment=RELAY_SPDT
Change Component Comment : Designator= Old Comment= New Comment=RELAY_SPDT
Change Component Comment : Designator= Old Comment= New Comment=RELAY_SPDT
Change Component Comment : Designator= Old Comment= New Comment=RELAY_SPDT
Change Component Comment : Designator= Old Comment= New Comment=RELAY_SPDT
Change Component Comment : Designator= Old Comment= New Comment=RELAY_SPDT
Change Component Comment : Designator= Old Comment= New Comment=RELAY_SPDT
Change Component Comment : Designator= Old Comment= New Comment=RELAY_SPDT
Change Component Comment : Designator= Old Comment= New Comment=RotaryEncoderSwitch
Change Component Comment : Designator= Old Comment= New Comment=SS8050
Change Component Comment : Designator= Old Comment= New Comment=SS8050
Change Component Comment : Designator= Old Comment= New Comment=SS8050
Change Component Comment : Designator= Old Comment= New Comment=SS8050
Change Component Comment : Designator= Old Comment= New Comment=SS8050
Change Component Comment : Designator= Old Comment= New Comment=SS8050
Change Component Comment : Designator= Old Comment= New Comment=SS8050
Change Component Comment : Designator= Old Comment= New Comment=SS8050
Change Component Comment : Designator= Old Comment= New Comment=SS8050
Change Component Comment : Designator= Old Comment= New Comment=SS8050
Change Component Comment : Designator= Old Comment= New Comment=SS8050
Change Component Comment : Designator= Old Comment= New Comment=SS8050
Change Component Comment : Designator= Old Comment= New Comment=SS8050
Change Component Comment : Designator= Old Comment= New Comment=SS8050
Change Component Comment : Designator= Old Comment= New Comment=SS8050
Change Component Comment : Designator= Old Comment= New Comment=SS8050
Change Component Comment : Designator= Old Comment= New Comment=SS8050
Change Component Comment : Designator= Old Comment= New Comment=SS8050
Change Component Comment : Designator= Old Comment= New Comment=SS8050
Change Component Comment : Designator= Old Comment= New Comment=SS8050
Change Component Comment : Designator= Old Comment= New Comment=SS8050
Change Component Comment : Designator= Old Comment= New Comment=SS8050
Change Component Comment : Designator= Old Comment= New Comment=SS8050
Change Component Comment : Designator= Old Comment= New Comment=SS8050
Change Component Comment : Designator= Old Comment= New Comment=STM32G070RBT6
Change Component Designator: OldDesignator= NewDesignator=*1
Change Component Designator: OldDesignator= NewDesignator=C1
Change Component Designator: OldDesignator= NewDesignator=C2
Change Component Designator: OldDesignator= NewDesignator=C3
Change Component Designator: OldDesignator= NewDesignator=C4
Change Component Designator: OldDesignator= NewDesignator=C5
Change Component Designator: OldDesignator= NewDesignator=C6
Change Component Designator: OldDesignator= NewDesignator=C7
Change Component Designator: OldDesignator= NewDesignator=C8
Change Component Designator: OldDesignator= NewDesignator=C9
Change Component Designator: OldDesignator= NewDesignator=C10
Change Component Designator: OldDesignator= NewDesignator=C11
Change Component Designator: OldDesignator= NewDesignator=C12
Change Component Designator: OldDesignator= NewDesignator=C13
Change Component Designator: OldDesignator= NewDesignator=C14
Change Component Designator: OldDesignator= NewDesignator=C15
Change Component Designator: OldDesignator= NewDesignator=C16
Change Component Designator: OldDesignator= NewDesignator=C17
Change Component Designator: OldDesignator= NewDesignator=C18
Change Component Designator: OldDesignator= NewDesignator=C19
Change Component Designator: OldDesignator= NewDesignator=C20
Change Component Designator: OldDesignator= NewDesignator=C21
Change Component Designator: OldDesignator= NewDesignator=C22
Change Component Designator: OldDesignator= NewDesignator=C23
Change Component Designator: OldDesignator= NewDesignator=C24
Change Component Designator: OldDesignator= NewDesignator=C25
Change Component Designator: OldDesignator= NewDesignator=C26
Change Component Designator: OldDesignator= NewDesignator=C27
Change Component Designator: OldDesignator= NewDesignator=D1
Change Component Designator: OldDesignator= NewDesignator=D2
Change Component Designator: OldDesignator= NewDesignator=D3
Change Component Designator: OldDesignator= NewDesignator=D4
Change Component Designator: OldDesignator= NewDesignator=D5
Change Component Designator: OldDesignator= NewDesignator=D6
Change Component Designator: OldDesignator= NewDesignator=D7
Change Component Designator: OldDesignator= NewDesignator=D8
Change Component Designator: OldDesignator= NewDesignator=D9
Change Component Designator: OldDesignator= NewDesignator=D10
Change Component Designator: OldDesignator= NewDesignator=D11
Change Component Designator: OldDesignator= NewDesignator=D12
Change Component Designator: OldDesignator= NewDesignator=D13
Change Component Designator: OldDesignator= NewDesignator=D14
Change Component Designator: OldDesignator= NewDesignator=D15
Change Component Designator: OldDesignator= NewDesignator=D16
Change Component Designator: OldDesignator= NewDesignator=D17
Change Component Designator: OldDesignator= NewDesignator=D18
Change Component Designator: OldDesignator= NewDesignator=D19
Change Component Designator: OldDesignator= NewDesignator=D20
Change Component Designator: OldDesignator= NewDesignator=D21
Change Component Designator: OldDesignator= NewDesignator=D22
Change Component Designator: OldDesignator= NewDesignator=D23
Change Component Designator: OldDesignator= NewDesignator=D24
Change Component Designator: OldDesignator= NewDesignator=D25
Change Component Designator: OldDesignator= NewDesignator=D26
Change Component Designator: OldDesignator= NewDesignator=D27
Change Component Designator: OldDesignator= NewDesignator=D28
Change Component Designator: OldDesignator= NewDesignator=D29
Change Component Designator: OldDesignator= NewDesignator=D30
Change Component Designator: OldDesignator= NewDesignator=D31
Change Component Designator: OldDesignator= NewDesignator=D32
Change Component Designator: OldDesignator= NewDesignator=D33
Change Component Designator: OldDesignator= NewDesignator=EEPROM1
Change Component Designator: OldDesignator= NewDesignator=J1
Change Component Designator: OldDesignator= NewDesignator=J2
Change Component Designator: OldDesignator= NewDesignator=J3
Change Component Designator: OldDesignator= NewDesignator=J4
Change Component Designator: OldDesignator= NewDesignator=J5
Change Component Designator: OldDesignator= NewDesignator=J6
Change Component Designator: OldDesignator= NewDesignator=J7
Change Component Designator: OldDesignator= NewDesignator=J8
Change Component Designator: OldDesignator= NewDesignator=J9
Change Component Designator: OldDesignator= NewDesignator=J10
Change Component Designator: OldDesignator= NewDesignator=J11
Change Component Designator: OldDesignator= NewDesignator=J12
Change Component Designator: OldDesignator= NewDesignator=J13
Change Component Designator: OldDesignator= NewDesignator=JP1
Change Component Designator: OldDesignator= NewDesignator=JP2
Change Component Designator: OldDesignator= NewDesignator=JP3
Change Component Designator: OldDesignator= NewDesignator=JP4
Change Component Designator: OldDesignator= NewDesignator=K1
Change Component Designator: OldDesignator= NewDesignator=K2
Change Component Designator: OldDesignator= NewDesignator=K3
Change Component Designator: OldDesignator= NewDesignator=K4
Change Component Designator: OldDesignator= NewDesignator=K5
Change Component Designator: OldDesignator= NewDesignator=K6
Change Component Designator: OldDesignator= NewDesignator=K7
Change Component Designator: OldDesignator= NewDesignator=K8
Change Component Designator: OldDesignator= NewDesignator=P1
Change Component Designator: OldDesignator= NewDesignator=P2
Change Component Designator: OldDesignator= NewDesignator=P3
Change Component Designator: OldDesignator= NewDesignator=P4
Change Component Designator: OldDesignator= NewDesignator=P5
Change Component Designator: OldDesignator= NewDesignator=P6
Change Component Designator: OldDesignator= NewDesignator=P7
Change Component Designator: OldDesignator= NewDesignator=P8
Change Component Designator: OldDesignator= NewDesignator=P9
Change Component Designator: OldDesignator= NewDesignator=P10
Change Component Designator: OldDesignator= NewDesignator=P11
Change Component Designator: OldDesignator= NewDesignator=P12
Change Component Designator: OldDesignator= NewDesignator=P13
Change Component Designator: OldDesignator= NewDesignator=Q1
Change Component Designator: OldDesignator= NewDesignator=Q2
Change Component Designator: OldDesignator= NewDesignator=Q3
Change Component Designator: OldDesignator= NewDesignator=Q4
Change Component Designator: OldDesignator= NewDesignator=Q5
Change Component Designator: OldDesignator= NewDesignator=Q6
Change Component Designator: OldDesignator= NewDesignator=Q7
Change Component Designator: OldDesignator= NewDesignator=Q8
Change Component Designator: OldDesignator= NewDesignator=Q9
Change Component Designator: OldDesignator= NewDesignator=Q10
Change Component Designator: OldDesignator= NewDesignator=Q11
Change Component Designator: OldDesignator= NewDesignator=Q12
Change Component Designator: OldDesignator= NewDesignator=Q13
Change Component Designator: OldDesignator= NewDesignator=Q14
Change Component Designator: OldDesignator= NewDesignator=Q15
Change Component Designator: OldDesignator= NewDesignator=Q16
Change Component Designator: OldDesignator= NewDesignator=Q17
Change Component Designator: OldDesignator= NewDesignator=Q18
Change Component Designator: OldDesignator= NewDesignator=Q19
Change Component Designator: OldDesignator= NewDesignator=Q20
Change Component Designator: OldDesignator= NewDesignator=Q21
Change Component Designator: OldDesignator= NewDesignator=Q22
Change Component Designator: OldDesignator= NewDesignator=Q23
Change Component Designator: OldDesignator= NewDesignator=Q24
Change Component Designator: OldDesignator= NewDesignator=Q25
Change Component Designator: OldDesignator= NewDesignator=Q26
Change Component Designator: OldDesignator= NewDesignator=Q27
Change Component Designator: OldDesignator= NewDesignator=Q28
Change Component Designator: OldDesignator= NewDesignator=Q29
Change Component Designator: OldDesignator= NewDesignator=Q30
Change Component Designator: OldDesignator= NewDesignator=Q31
Change Component Designator: OldDesignator= NewDesignator=Q32
Change Component Designator: OldDesignator= NewDesignator=Q33
Change Component Designator: OldDesignator= NewDesignator=Q34
Change Component Designator: OldDesignator= NewDesignator=R1
Change Component Designator: OldDesignator= NewDesignator=R2
Change Component Designator: OldDesignator= NewDesignator=R3
Change Component Designator: OldDesignator= NewDesignator=R4
Change Component Designator: OldDesignator= NewDesignator=R5
Change Component Designator: OldDesignator= NewDesignator=R6
Change Component Designator: OldDesignator= NewDesignator=R7
Change Component Designator: OldDesignator= NewDesignator=R8
Change Component Designator: OldDesignator= NewDesignator=R9
Change Component Designator: OldDesignator= NewDesignator=R10
Change Component Designator: OldDesignator= NewDesignator=R11
Change Component Designator: OldDesignator= NewDesignator=R12
Change Component Designator: OldDesignator= NewDesignator=R13
Change Component Designator: OldDesignator= NewDesignator=R14
Change Component Designator: OldDesignator= NewDesignator=R15
Change Component Designator: OldDesignator= NewDesignator=R16
Change Component Designator: OldDesignator= NewDesignator=R17
Change Component Designator: OldDesignator= NewDesignator=R18
Change Component Designator: OldDesignator= NewDesignator=R19
Change Component Designator: OldDesignator= NewDesignator=R20
Change Component Designator: OldDesignator= NewDesignator=R21
Change Component Designator: OldDesignator= NewDesignator=R22
Change Component Designator: OldDesignator= NewDesignator=R23
Change Component Designator: OldDesignator= NewDesignator=R24
Change Component Designator: OldDesignator= NewDesignator=R25
Change Component Designator: OldDesignator= NewDesignator=R26
Change Component Designator: OldDesignator= NewDesignator=R27
Change Component Designator: OldDesignator= NewDesignator=R28
Change Component Designator: OldDesignator= NewDesignator=R29
Change Component Designator: OldDesignator= NewDesignator=R30
Change Component Designator: OldDesignator= NewDesignator=R31
Change Component Designator: OldDesignator= NewDesignator=R32
Change Component Designator: OldDesignator= NewDesignator=R33
Change Component Designator: OldDesignator= NewDesignator=R34
Change Component Designator: OldDesignator= NewDesignator=R35
Change Component Designator: OldDesignator= NewDesignator=R36
Change Component Designator: OldDesignator= NewDesignator=R37
Change Component Designator: OldDesignator= NewDesignator=R38
Change Component Designator: OldDesignator= NewDesignator=R39
Change Component Designator: OldDesignator= NewDesignator=R40
Change Component Designator: OldDesignator= NewDesignator=R41
Change Component Designator: OldDesignator= NewDesignator=R42
Change Component Designator: OldDesignator= NewDesignator=R43
Change Component Designator: OldDesignator= NewDesignator=R44
Change Component Designator: OldDesignator= NewDesignator=R45
Change Component Designator: OldDesignator= NewDesignator=R46
Change Component Designator: OldDesignator= NewDesignator=R47
Change Component Designator: OldDesignator= NewDesignator=R48
Change Component Designator: OldDesignator= NewDesignator=R49
Change Component Designator: OldDesignator= NewDesignator=R50
Change Component Designator: OldDesignator= NewDesignator=R51
Change Component Designator: OldDesignator= NewDesignator=R52
Change Component Designator: OldDesignator= NewDesignator=R53
Change Component Designator: OldDesignator= NewDesignator=R54
Change Component Designator: OldDesignator= NewDesignator=R55
Change Component Designator: OldDesignator= NewDesignator=R56
Change Component Designator: OldDesignator= NewDesignator=R57
Change Component Designator: OldDesignator= NewDesignator=R58
Change Component Designator: OldDesignator= NewDesignator=R59
Change Component Designator: OldDesignator= NewDesignator=R60
Change Component Designator: OldDesignator= NewDesignator=R61
Change Component Designator: OldDesignator= NewDesignator=R62
Change Component Designator: OldDesignator= NewDesignator=R63
Change Component Designator: OldDesignator= NewDesignator=R64
Change Component Designator: OldDesignator= NewDesignator=R65
Change Component Designator: OldDesignator= NewDesignator=R66
Change Component Designator: OldDesignator= NewDesignator=R67
Change Component Designator: OldDesignator= NewDesignator=R68
Change Component Designator: OldDesignator= NewDesignator=R69
Change Component Designator: OldDesignator= NewDesignator=R70
Change Component Designator: OldDesignator= NewDesignator=R71
Change Component Designator: OldDesignator= NewDesignator=R72
Change Component Designator: OldDesignator= NewDesignator=R73
Change Component Designator: OldDesignator= NewDesignator=R74
Change Component Designator: OldDesignator= NewDesignator=R75
Change Component Designator: OldDesignator= NewDesignator=R76
Change Component Designator: OldDesignator= NewDesignator=R77
Change Component Designator: OldDesignator= NewDesignator=R78
Change Component Designator: OldDesignator= NewDesignator=R79
Change Component Designator: OldDesignator= NewDesignator=R80
Change Component Designator: OldDesignator= NewDesignator=R81
Change Component Designator: OldDesignator= NewDesignator=R82
Change Component Designator: OldDesignator= NewDesignator=R83
Change Component Designator: OldDesignator= NewDesignator=R84
Change Component Designator: OldDesignator= NewDesignator=R85
Change Component Designator: OldDesignator= NewDesignator=R86
Change Component Designator: OldDesignator= NewDesignator=R87
Change Component Designator: OldDesignator= NewDesignator=R88
Change Component Designator: OldDesignator= NewDesignator=R89
Change Component Designator: OldDesignator= NewDesignator=R90
Change Component Designator: OldDesignator= NewDesignator=R91
Change Component Designator: OldDesignator= NewDesignator=R92
Change Component Designator: OldDesignator= NewDesignator=R93
Change Component Designator: OldDesignator= NewDesignator=R94
Change Component Designator: OldDesignator= NewDesignator=R95
Change Component Designator: OldDesignator= NewDesignator=R96
Change Component Designator: OldDesignator= NewDesignator=R97
Change Component Designator: OldDesignator= NewDesignator=R98
Change Component Designator: OldDesignator= NewDesignator=R99
Change Component Designator: OldDesignator= NewDesignator=R100
Change Component Designator: OldDesignator= NewDesignator=R101
Change Component Designator: OldDesignator= NewDesignator=R102
Change Component Designator: OldDesignator= NewDesignator=R103
Change Component Designator: OldDesignator= NewDesignator=R104
Change Component Designator: OldDesignator= NewDesignator=R105
Change Component Designator: OldDesignator= NewDesignator=R106
Change Component Designator: OldDesignator= NewDesignator=R107
Change Component Designator: OldDesignator= NewDesignator=R108
Change Component Designator: OldDesignator= NewDesignator=R109
Change Component Designator: OldDesignator= NewDesignator=R110
Change Component Designator: OldDesignator= NewDesignator=R111
Change Component Designator: OldDesignator= NewDesignator=R112
Change Component Designator: OldDesignator= NewDesignator=R113
Change Component Designator: OldDesignator= NewDesignator=R114
Change Component Designator: OldDesignator= NewDesignator=R115
Change Component Designator: OldDesignator= NewDesignator=R116
Change Component Designator: OldDesignator= NewDesignator=SW1
Change Component Designator: OldDesignator= NewDesignator=U1
Change Component Designator: OldDesignator= NewDesignator=U2
Change Component Designator: OldDesignator= NewDesignator=U3
Change Component Designator: OldDesignator= NewDesignator=U4
Change Component Designator: OldDesignator= NewDesignator=U5
Change Component Designator: OldDesignator= NewDesignator=U6
Change Component Designator: OldDesignator= NewDesignator=U7
Change Component Designator: OldDesignator= NewDesignator=U8
Change Component Designator: OldDesignator= NewDesignator=U9
Change Component Designator: OldDesignator= NewDesignator=U10
Change Component Designator: OldDesignator= NewDesignator=U11
Change Component Designator: OldDesignator= NewDesignator=Y1
Change Component Description : Designator=J13 Old Description=Pluggable Header 5.08mm 12AWG 320V 12A 3 Position COMBICON MSTB Series New Description=Pluggable Header 5.08mm 12AWG 320V 12A 3 Position COMBICON MSTB Series | Phoenix Contact 1759020
Change Component Description : Designator=J4 Old Description=Pluggable Header 5.08mm 12AWG 320V 12A 3 Position COMBICON MSTB Series New Description=Pluggable Header 5.08mm 12AWG 320V 12A 3 Position COMBICON MSTB Series | Phoenix Contact 1759020
Change component parameters: Designator = "" ("R42"); Footprint = "RESC3015X65N"; UniqueID = "\TTLHLMMR" ("\TTLHLMMR")
Change component parameters (AddParameter): Name = "Check_prices"; Value = "https://www.snapeda.com/parts/CPF1206B10KE1/TE+Connectivity/view-part/?ref=eda"; VariantName = "[No Variations]"
Change component parameters (AddParameter): Name = "EU_RoHS_Compliance"; Value = "Compliant"; VariantName = "[No Variations]"
Change component parameters (AddParameter): Name = "MF"; Value = "TE Connectivity"; VariantName = "[No Variations]"
Change component parameters (AddParameter): Name = "MP"; Value = "CPF1206B10KE1"; VariantName = "[No Variations]"
Change component parameters (AddParameter): Name = "Package"; Value = "1206"; VariantName = "[No Variations]"
Change component parameters (AddParameter): Name = "Power_Rating"; Value = ".125 W"; VariantName = "[No Variations]"
Change component parameters (AddParameter): Name = "Resistance"; Value = "10K"; VariantName = "[No Variations]"
Change component parameters (AddParameter): Name = "SnapEDA_Link"; Value = "https://www.snapeda.com/parts/CPF1206B10KE1/TE+Connectivity/view-part/?ref=snap"; VariantName = "[No Variations]"
Change component parameters (AddParameter): Name = "Tolerance"; Value = ".1%"; VariantName = "[No Variations]"
Change component parameters (AddParameter): Name = "Value"; Value = ""; VariantName = "[No Variations]"
Change component parameters (AddParameter): Name = "Voltage_Rating"; Value = "150 V"; VariantName = "[No Variations]"
Change component parameters: Designator = "" ("R43"); Footprint = "RESC3015X65N"; UniqueID = "\UGKQMSFL" ("\UGKQMSFL")
Change component parameters (AddParameter): Name = "Check_prices"; Value = "https://www.snapeda.com/parts/CPF1206B10KE1/TE+Connectivity/view-part/?ref=eda"; VariantName = "[No Variations]"
Change component parameters (AddParameter): Name = "EU_RoHS_Compliance"; Value = "Compliant"; VariantName = "[No Variations]"
Change component parameters (AddParameter): Name = "MF"; Value = "TE Connectivity"; VariantName = "[No Variations]"
Change component parameters (AddParameter): Name = "MP"; Value = "CPF1206B10KE1"; VariantName = "[No Variations]"
Change component parameters (AddParameter): Name = "Package"; Value = "1206"; VariantName = "[No Variations]"
Change component parameters (AddParameter): Name = "Power_Rating"; Value = ".125 W"; VariantName = "[No Variations]"
Change component parameters (AddParameter): Name = "Resistance"; Value = "10K"; VariantName = "[No Variations]"
Change component parameters (AddParameter): Name = "SnapEDA_Link"; Value = "https://www.snapeda.com/parts/CPF1206B10KE1/TE+Connectivity/view-part/?ref=snap"; VariantName = "[No Variations]"
Change component parameters (AddParameter): Name = "Tolerance"; Value = ".1%"; VariantName = "[No Variations]"
Change component parameters (AddParameter): Name = "Value"; Value = ""; VariantName = "[No Variations]"
Change component parameters (AddParameter): Name = "Voltage_Rating"; Value = "150 V"; VariantName = "[No Variations]"
Change component parameters: Designator = "" ("R40"); Footprint = "RESC3015X65N"; UniqueID = "\KUPVSLBA" ("\KUPVSLBA")
Change component parameters (AddParameter): Name = "Check_prices"; Value = "https://www.snapeda.com/parts/CPF1206B10KE1/TE+Connectivity/view-part/?ref=eda"; VariantName = "[No Variations]"
Change component parameters (AddParameter): Name = "EU_RoHS_Compliance"; Value = "Compliant"; VariantName = "[No Variations]"
Change component parameters (AddParameter): Name = "MF"; Value = "TE Connectivity"; VariantName = "[No Variations]"
Change component parameters (AddParameter): Name = "MP"; Value = "CPF1206B10KE1"; VariantName = "[No Variations]"
Change component parameters (AddParameter): Name = "Package"; Value = "1206"; VariantName = "[No Variations]"
Change component parameters (AddParameter): Name = "Power_Rating"; Value = ".125 W"; VariantName = "[No Variations]"
Change component parameters (AddParameter): Name = "Resistance"; Value = "10K"; VariantName = "[No Variations]"
Change component parameters (AddParameter): Name = "SnapEDA_Link"; Value = "https://www.snapeda.com/parts/CPF1206B10KE1/TE+Connectivity/view-part/?ref=snap"; VariantName = "[No Variations]"
Change component parameters (AddParameter): Name = "Tolerance"; Value = ".1%"; VariantName = "[No Variations]"
Change component parameters (AddParameter): Name = "Value"; Value = ""; VariantName = "[No Variations]"
Change component parameters (AddParameter): Name = "Voltage_Rating"; Value = "150 V"; VariantName = "[No Variations]"
Change component parameters: Designator = "" ("R41"); Footprint = "RESC3015X65N"; UniqueID = "\CLUGLFJW" ("\CLUGLFJW")
Change component parameters (AddParameter): Name = "Check_prices"; Value = "https://www.snapeda.com/parts/CPF1206B10KE1/TE+Connectivity/view-part/?ref=eda"; VariantName = "[No Variations]"
Change component parameters (AddParameter): Name = "EU_RoHS_Compliance"; Value = "Compliant"; VariantName = "[No Variations]"
Change component parameters (AddParameter): Name = "MF"; Value = "TE Connectivity"; VariantName = "[No Variations]"
Change component parameters (AddParameter): Name = "MP"; Value = "CPF1206B10KE1"; VariantName = "[No Variations]"
Change component parameters (AddParameter): Name = "Package"; Value = "1206"; VariantName = "[No Variations]"
Change component parameters (AddParameter): Name = "Power_Rating"; Value = ".125 W"; VariantName = "[No Variations]"
Change component parameters (AddParameter): Name = "Resistance"; Value = "10K"; VariantName = "[No Variations]"
Change component parameters (AddParameter): Name = "SnapEDA_Link"; Value = "https://www.snapeda.com/parts/CPF1206B10KE1/TE+Connectivity/view-part/?ref=snap"; VariantName = "[No Variations]"
Change component parameters (AddParameter): Name = "Tolerance"; Value = ".1%"; VariantName = "[No Variations]"
Change component parameters (AddParameter): Name = "Value"; Value = ""; VariantName = "[No Variations]"
Change component parameters (AddParameter): Name = "Voltage_Rating"; Value = "150 V"; VariantName = "[No Variations]"
Change component parameters: Designator = "" ("R46"); Footprint = "RESC3015X65N"; UniqueID = "\JUCMTYVU" ("\JUCMTYVU")
Change component parameters (AddParameter): Name = "Check_prices"; Value = "https://www.snapeda.com/parts/CPF1206B10KE1/TE+Connectivity/view-part/?ref=eda"; VariantName = "[No Variations]"
Change component parameters (AddParameter): Name = "EU_RoHS_Compliance"; Value = "Compliant"; VariantName = "[No Variations]"
Change component parameters (AddParameter): Name = "MF"; Value = "TE Connectivity"; VariantName = "[No Variations]"
Change component parameters (AddParameter): Name = "MP"; Value = "CPF1206B10KE1"; VariantName = "[No Variations]"
Change component parameters (AddParameter): Name = "Package"; Value = "1206"; VariantName = "[No Variations]"
Change component parameters (AddParameter): Name = "Power_Rating"; Value = ".125 W"; VariantName = "[No Variations]"
Change component parameters (AddParameter): Name = "Resistance"; Value = "10K"; VariantName = "[No Variations]"
Change component parameters (AddParameter): Name = "SnapEDA_Link"; Value = "https://www.snapeda.com/parts/CPF1206B10KE1/TE+Connectivity/view-part/?ref=snap"; VariantName = "[No Variations]"
Change component parameters (AddParameter): Name = "Tolerance"; Value = ".1%"; VariantName = "[No Variations]"
Change component parameters (AddParameter): Name = "Value"; Value = ""; VariantName = "[No Variations]"
Change component parameters (AddParameter): Name = "Voltage_Rating"; Value = "150 V"; VariantName = "[No Variations]"
Change component parameters: Designator = "" ("R47"); Footprint = "RESC3015X65N"; UniqueID = "\WLSOQTFS" ("\WLSOQTFS")
Change component parameters (AddParameter): Name = "Check_prices"; Value = "https://www.snapeda.com/parts/CPF1206B10KE1/TE+Connectivity/view-part/?ref=eda"; VariantName = "[No Variations]"
Change component parameters (AddParameter): Name = "EU_RoHS_Compliance"; Value = "Compliant"; VariantName = "[No Variations]"
Change component parameters (AddParameter): Name = "MF"; Value = "TE Connectivity"; VariantName = "[No Variations]"
Change component parameters (AddParameter): Name = "MP"; Value = "CPF1206B10KE1"; VariantName = "[No Variations]"
Change component parameters (AddParameter): Name = "Package"; Value = "1206"; VariantName = "[No Variations]"
Change component parameters (AddParameter): Name = "Power_Rating"; Value = ".125 W"; VariantName = "[No Variations]"
Change component parameters (AddParameter): Name = "Resistance"; Value = "10K"; VariantName = "[No Variations]"
Change component parameters (AddParameter): Name = "SnapEDA_Link"; Value = "https://www.snapeda.com/parts/CPF1206B10KE1/TE+Connectivity/view-part/?ref=snap"; VariantName = "[No Variations]"
Change component parameters (AddParameter): Name = "Tolerance"; Value = ".1%"; VariantName = "[No Variations]"
Change component parameters (AddParameter): Name = "Value"; Value = ""; VariantName = "[No Variations]"
Change component parameters (AddParameter): Name = "Voltage_Rating"; Value = "150 V"; VariantName = "[No Variations]"
Change component parameters: Designator = "" ("R44"); Footprint = "RESC3015X65N"; UniqueID = "\UORNWXVN" ("\UORNWXVN")
Change component parameters (AddParameter): Name = "Check_prices"; Value = "https://www.snapeda.com/parts/CPF1206B10KE1/TE+Connectivity/view-part/?ref=eda"; VariantName = "[No Variations]"
Change component parameters (AddParameter): Name = "EU_RoHS_Compliance"; Value = "Compliant"; VariantName = "[No Variations]"
Change component parameters (AddParameter): Name = "MF"; Value = "TE Connectivity"; VariantName = "[No Variations]"
Change component parameters (AddParameter): Name = "MP"; Value = "CPF1206B10KE1"; VariantName = "[No Variations]"
Change component parameters (AddParameter): Name = "Package"; Value = "1206"; VariantName = "[No Variations]"
Change component parameters (AddParameter): Name = "Power_Rating"; Value = ".125 W"; VariantName = "[No Variations]"
Change component parameters (AddParameter): Name = "Resistance"; Value = "10K"; VariantName = "[No Variations]"
Change component parameters (AddParameter): Name = "SnapEDA_Link"; Value = "https://www.snapeda.com/parts/CPF1206B10KE1/TE+Connectivity/view-part/?ref=snap"; VariantName = "[No Variations]"
Change component parameters (AddParameter): Name = "Tolerance"; Value = ".1%"; VariantName = "[No Variations]"
Change component parameters (AddParameter): Name = "Value"; Value = ""; VariantName = "[No Variations]"
Change component parameters (AddParameter): Name = "Voltage_Rating"; Value = "150 V"; VariantName = "[No Variations]"
Change component parameters: Designator = "" ("R45"); Footprint = "RESC3015X65N"; UniqueID = "\QWEYTFUJ" ("\QWEYTFUJ")
Change component parameters (AddParameter): Name = "Check_prices"; Value = "https://www.snapeda.com/parts/CPF1206B10KE1/TE+Connectivity/view-part/?ref=eda"; VariantName = "[No Variations]"
Change component parameters (AddParameter): Name = "EU_RoHS_Compliance"; Value = "Compliant"; VariantName = "[No Variations]"
Change component parameters (AddParameter): Name = "MF"; Value = "TE Connectivity"; VariantName = "[No Variations]"
Change component parameters (AddParameter): Name = "MP"; Value = "CPF1206B10KE1"; VariantName = "[No Variations]"
Change component parameters (AddParameter): Name = "Package"; Value = "1206"; VariantName = "[No Variations]"
Change component parameters (AddParameter): Name = "Power_Rating"; Value = ".125 W"; VariantName = "[No Variations]"
Change component parameters (AddParameter): Name = "Resistance"; Value = "10K"; VariantName = "[No Variations]"
Change component parameters (AddParameter): Name = "SnapEDA_Link"; Value = "https://www.snapeda.com/parts/CPF1206B10KE1/TE+Connectivity/view-part/?ref=snap"; VariantName = "[No Variations]"
Change component parameters (AddParameter): Name = "Tolerance"; Value = ".1%"; VariantName = "[No Variations]"
Change component parameters (AddParameter): Name = "Value"; Value = ""; VariantName = "[No Variations]"
Change component parameters (AddParameter): Name = "Voltage_Rating"; Value = "150 V"; VariantName = "[No Variations]"
Change component parameters: Designator = "" ("R34"); Footprint = "RESC3015X65N"; UniqueID = "\AJZZTJYJ" ("\AJZZTJYJ")
Change component parameters (AddParameter): Name = "Check_prices"; Value = "https://www.snapeda.com/parts/CPF1206B10KE1/TE+Connectivity/view-part/?ref=eda"; VariantName = "[No Variations]"
Change component parameters (AddParameter): Name = "EU_RoHS_Compliance"; Value = "Compliant"; VariantName = "[No Variations]"
Change component parameters (AddParameter): Name = "MF"; Value = "TE Connectivity"; VariantName = "[No Variations]"
Change component parameters (AddParameter): Name = "MP"; Value = "CPF1206B10KE1"; VariantName = "[No Variations]"
Change component parameters (AddParameter): Name = "Package"; Value = "1206"; VariantName = "[No Variations]"
Change component parameters (AddParameter): Name = "Power_Rating"; Value = ".125 W"; VariantName = "[No Variations]"
Change component parameters (AddParameter): Name = "Resistance"; Value = "10K"; VariantName = "[No Variations]"
Change component parameters (AddParameter): Name = "SnapEDA_Link"; Value = "https://www.snapeda.com/parts/CPF1206B10KE1/TE+Connectivity/view-part/?ref=snap"; VariantName = "[No Variations]"
Change component parameters (AddParameter): Name = "Tolerance"; Value = ".1%"; VariantName = "[No Variations]"
Change component parameters (AddParameter): Name = "Value"; Value = ""; VariantName = "[No Variations]"
Change component parameters (AddParameter): Name = "Voltage_Rating"; Value = "150 V"; VariantName = "[No Variations]"
Change component parameters: Designator = "" ("R35"); Footprint = "RESC3015X65N"; UniqueID = "\VAGOZDMJ" ("\VAGOZDMJ")
Change component parameters (AddParameter): Name = "Check_prices"; Value = "https://www.snapeda.com/parts/CPF1206B10KE1/TE+Connectivity/view-part/?ref=eda"; VariantName = "[No Variations]"
Change component parameters (AddParameter): Name = "EU_RoHS_Compliance"; Value = "Compliant"; VariantName = "[No Variations]"
Change component parameters (AddParameter): Name = "MF"; Value = "TE Connectivity"; VariantName = "[No Variations]"
Change component parameters (AddParameter): Name = "MP"; Value = "CPF1206B10KE1"; VariantName = "[No Variations]"
Change component parameters (AddParameter): Name = "Package"; Value = "1206"; VariantName = "[No Variations]"
Change component parameters (AddParameter): Name = "Power_Rating"; Value = ".125 W"; VariantName = "[No Variations]"
Change component parameters (AddParameter): Name = "Resistance"; Value = "10K"; VariantName = "[No Variations]"
Change component parameters (AddParameter): Name = "SnapEDA_Link"; Value = "https://www.snapeda.com/parts/CPF1206B10KE1/TE+Connectivity/view-part/?ref=snap"; VariantName = "[No Variations]"
Change component parameters (AddParameter): Name = "Tolerance"; Value = ".1%"; VariantName = "[No Variations]"
Change component parameters (AddParameter): Name = "Value"; Value = ""; VariantName = "[No Variations]"
Change component parameters (AddParameter): Name = "Voltage_Rating"; Value = "150 V"; VariantName = "[No Variations]"
Change component parameters: Designator = "" ("R32"); Footprint = "RESC3015X65N"; UniqueID = "\FBDDJHSX" ("\FBDDJHSX")
Change component parameters (AddParameter): Name = "Check_prices"; Value = "https://www.snapeda.com/parts/CPF1206B10KE1/TE+Connectivity/view-part/?ref=eda"; VariantName = "[No Variations]"
Change component parameters (AddParameter): Name = "EU_RoHS_Compliance"; Value = "Compliant"; VariantName = "[No Variations]"
Change component parameters (AddParameter): Name = "MF"; Value = "TE Connectivity"; VariantName = "[No Variations]"
Change component parameters (AddParameter): Name = "MP"; Value = "CPF1206B10KE1"; VariantName = "[No Variations]"
Change component parameters (AddParameter): Name = "Package"; Value = "1206"; VariantName = "[No Variations]"
Change component parameters (AddParameter): Name = "Power_Rating"; Value = ".125 W"; VariantName = "[No Variations]"
Change component parameters (AddParameter): Name = "Resistance"; Value = "10K"; VariantName = "[No Variations]"
Change component parameters (AddParameter): Name = "SnapEDA_Link"; Value = "https://www.snapeda.com/parts/CPF1206B10KE1/TE+Connectivity/view-part/?ref=snap"; VariantName = "[No Variations]"
Change component parameters (AddParameter): Name = "Tolerance"; Value = ".1%"; VariantName = "[No Variations]"
Change component parameters (AddParameter): Name = "Value"; Value = ""; VariantName = "[No Variations]"
Change component parameters (AddParameter): Name = "Voltage_Rating"; Value = "150 V"; VariantName = "[No Variations]"
Change component parameters: Designator = "" ("R33"); Footprint = "RESC3015X65N"; UniqueID = "\XKYBEEVM" ("\XKYBEEVM")
Change component parameters (AddParameter): Name = "Check_prices"; Value = "https://www.snapeda.com/parts/CPF1206B10KE1/TE+Connectivity/view-part/?ref=eda"; VariantName = "[No Variations]"
Change component parameters (AddParameter): Name = "EU_RoHS_Compliance"; Value = "Compliant"; VariantName = "[No Variations]"
Change component parameters (AddParameter): Name = "MF"; Value = "TE Connectivity"; VariantName = "[No Variations]"
Change component parameters (AddParameter): Name = "MP"; Value = "CPF1206B10KE1"; VariantName = "[No Variations]"
Change component parameters (AddParameter): Name = "Package"; Value = "1206"; VariantName = "[No Variations]"
Change component parameters (AddParameter): Name = "Power_Rating"; Value = ".125 W"; VariantName = "[No Variations]"
Change component parameters (AddParameter): Name = "Resistance"; Value = "10K"; VariantName = "[No Variations]"
Change component parameters (AddParameter): Name = "SnapEDA_Link"; Value = "https://www.snapeda.com/parts/CPF1206B10KE1/TE+Connectivity/view-part/?ref=snap"; VariantName = "[No Variations]"
Change component parameters (AddParameter): Name = "Tolerance"; Value = ".1%"; VariantName = "[No Variations]"
Change component parameters (AddParameter): Name = "Value"; Value = ""; VariantName = "[No Variations]"
Change component parameters (AddParameter): Name = "Voltage_Rating"; Value = "150 V"; VariantName = "[No Variations]"
Change component parameters: Designator = "" ("R38"); Footprint = "RESC3015X65N"; UniqueID = "\BEMMCEYH" ("\BEMMCEYH")
Change component parameters (AddParameter): Name = "Check_prices"; Value = "https://www.snapeda.com/parts/CPF1206B10KE1/TE+Connectivity/view-part/?ref=eda"; VariantName = "[No Variations]"
Change component parameters (AddParameter): Name = "EU_RoHS_Compliance"; Value = "Compliant"; VariantName = "[No Variations]"
Change component parameters (AddParameter): Name = "MF"; Value = "TE Connectivity"; VariantName = "[No Variations]"
Change component parameters (AddParameter): Name = "MP"; Value = "CPF1206B10KE1"; VariantName = "[No Variations]"
Change component parameters (AddParameter): Name = "Package"; Value = "1206"; VariantName = "[No Variations]"
Change component parameters (AddParameter): Name = "Power_Rating"; Value = ".125 W"; VariantName = "[No Variations]"
Change component parameters (AddParameter): Name = "Resistance"; Value = "10K"; VariantName = "[No Variations]"
Change component parameters (AddParameter): Name = "SnapEDA_Link"; Value = "https://www.snapeda.com/parts/CPF1206B10KE1/TE+Connectivity/view-part/?ref=snap"; VariantName = "[No Variations]"
Change component parameters (AddParameter): Name = "Tolerance"; Value = ".1%"; VariantName = "[No Variations]"
Change component parameters (AddParameter): Name = "Value"; Value = ""; VariantName = "[No Variations]"
Change component parameters (AddParameter): Name = "Voltage_Rating"; Value = "150 V"; VariantName = "[No Variations]"
Change component parameters: Designator = "" ("R39"); Footprint = "RESC3015X65N"; UniqueID = "\GTXYZYYC" ("\GTXYZYYC")
Change component parameters (AddParameter): Name = "Check_prices"; Value = "https://www.snapeda.com/parts/CPF1206B10KE1/TE+Connectivity/view-part/?ref=eda"; VariantName = "[No Variations]"
Change component parameters (AddParameter): Name = "EU_RoHS_Compliance"; Value = "Compliant"; VariantName = "[No Variations]"
Change component parameters (AddParameter): Name = "MF"; Value = "TE Connectivity"; VariantName = "[No Variations]"
Change component parameters (AddParameter): Name = "MP"; Value = "CPF1206B10KE1"; VariantName = "[No Variations]"
Change component parameters (AddParameter): Name = "Package"; Value = "1206"; VariantName = "[No Variations]"
Change component parameters (AddParameter): Name = "Power_Rating"; Value = ".125 W"; VariantName = "[No Variations]"
Change component parameters (AddParameter): Name = "Resistance"; Value = "10K"; VariantName = "[No Variations]"
Change component parameters (AddParameter): Name = "SnapEDA_Link"; Value = "https://www.snapeda.com/parts/CPF1206B10KE1/TE+Connectivity/view-part/?ref=snap"; VariantName = "[No Variations]"
Change component parameters (AddParameter): Name = "Tolerance"; Value = ".1%"; VariantName = "[No Variations]"
Change component parameters (AddParameter): Name = "Value"; Value = ""; VariantName = "[No Variations]"
Change component parameters (AddParameter): Name = "Voltage_Rating"; Value = "150 V"; VariantName = "[No Variations]"
Change component parameters: Designator = "" ("R36"); Footprint = "RESC3015X65N"; UniqueID = "\ULKQROSU" ("\ULKQROSU")
Change component parameters (AddParameter): Name = "Check_prices"; Value = "https://www.snapeda.com/parts/CPF1206B10KE1/TE+Connectivity/view-part/?ref=eda"; VariantName = "[No Variations]"
Change component parameters (AddParameter): Name = "EU_RoHS_Compliance"; Value = "Compliant"; VariantName = "[No Variations]"
Change component parameters (AddParameter): Name = "MF"; Value = "TE Connectivity"; VariantName = "[No Variations]"
Change component parameters (AddParameter): Name = "MP"; Value = "CPF1206B10KE1"; VariantName = "[No Variations]"
Change component parameters (AddParameter): Name = "Package"; Value = "1206"; VariantName = "[No Variations]"
Change component parameters (AddParameter): Name = "Power_Rating"; Value = ".125 W"; VariantName = "[No Variations]"
Change component parameters (AddParameter): Name = "Resistance"; Value = "10K"; VariantName = "[No Variations]"
Change component parameters (AddParameter): Name = "SnapEDA_Link"; Value = "https://www.snapeda.com/parts/CPF1206B10KE1/TE+Connectivity/view-part/?ref=snap"; VariantName = "[No Variations]"
Change component parameters (AddParameter): Name = "Tolerance"; Value = ".1%"; VariantName = "[No Variations]"
Change component parameters (AddParameter): Name = "Value"; Value = ""; VariantName = "[No Variations]"
Change component parameters (AddParameter): Name = "Voltage_Rating"; Value = "150 V"; VariantName = "[No Variations]"
Change component parameters: Designator = "" ("R37"); Footprint = "RESC3015X65N"; UniqueID = "\TLNOYNJK" ("\TLNOYNJK")
Change component parameters (AddParameter): Name = "Check_prices"; Value = "https://www.snapeda.com/parts/CPF1206B10KE1/TE+Connectivity/view-part/?ref=eda"; VariantName = "[No Variations]"
Change component parameters (AddParameter): Name = "EU_RoHS_Compliance"; Value = "Compliant"; VariantName = "[No Variations]"
Change component parameters (AddParameter): Name = "MF"; Value = "TE Connectivity"; VariantName = "[No Variations]"
Change component parameters (AddParameter): Name = "MP"; Value = "CPF1206B10KE1"; VariantName = "[No Variations]"
Change component parameters (AddParameter): Name = "Package"; Value = "1206"; VariantName = "[No Variations]"
Change component parameters (AddParameter): Name = "Power_Rating"; Value = ".125 W"; VariantName = "[No Variations]"
Change component parameters (AddParameter): Name = "Resistance"; Value = "10K"; VariantName = "[No Variations]"
Change component parameters (AddParameter): Name = "SnapEDA_Link"; Value = "https://www.snapeda.com/parts/CPF1206B10KE1/TE+Connectivity/view-part/?ref=snap"; VariantName = "[No Variations]"
Change component parameters (AddParameter): Name = "Tolerance"; Value = ".1%"; VariantName = "[No Variations]"
Change component parameters (AddParameter): Name = "Value"; Value = ""; VariantName = "[No Variations]"
Change component parameters (AddParameter): Name = "Voltage_Rating"; Value = "150 V"; VariantName = "[No Variations]"
Change component parameters: Designator = "" ("R58"); Footprint = "RESC6331X70N"; UniqueID = "\CGCGSBMO" ("\CGCGSBMO")
Change component parameters (AddParameter): Name = "Check_prices"; Value = "https://www.snapeda.com/parts/5-2176246-2/TE+Connectivity+AMP+Connectors/view-part/?ref=eda"; VariantName = "[No Variations]"
Change component parameters (AddParameter): Name = "MF"; Value = "TE Connectivity"; VariantName = "[No Variations]"
Change component parameters (AddParameter): Name = "MP"; Value = "5-2176246-2"; VariantName = "[No Variations]"
Change component parameters (AddParameter): Name = "Package"; Value = "None"; VariantName = "[No Variations]"
Change component parameters (AddParameter): Name = "SnapEDA_Link"; Value = "https://www.snapeda.com/parts/5-2176246-2/TE+Connectivity+AMP+Connectors/view-part/?ref=snap"; VariantName = "[No Variations]"
Change component parameters (AddParameter): Name = "Value"; Value = ""; VariantName = "[No Variations]"
Change component parameters: Designator = "" ("R59"); Footprint = "RESC6331X70N"; UniqueID = "\QNOLHPKK" ("\QNOLHPKK")
Change component parameters (AddParameter): Name = "Check_prices"; Value = "https://www.snapeda.com/parts/5-2176246-2/TE+Connectivity+AMP+Connectors/view-part/?ref=eda"; VariantName = "[No Variations]"
Change component parameters (AddParameter): Name = "MF"; Value = "TE Connectivity"; VariantName = "[No Variations]"
Change component parameters (AddParameter): Name = "MP"; Value = "5-2176246-2"; VariantName = "[No Variations]"
Change component parameters (AddParameter): Name = "Package"; Value = "None"; VariantName = "[No Variations]"
Change component parameters (AddParameter): Name = "SnapEDA_Link"; Value = "https://www.snapeda.com/parts/5-2176246-2/TE+Connectivity+AMP+Connectors/view-part/?ref=snap"; VariantName = "[No Variations]"
Change component parameters (AddParameter): Name = "Value"; Value = ""; VariantName = "[No Variations]"
Change component parameters: Designator = "" ("R56"); Footprint = "RESC3015X65N"; UniqueID = "\AKSBGRFN" ("\AKSBGRFN")
Change component parameters (AddParameter): Name = "Check_prices"; Value = "https://www.snapeda.com/parts/CPF1206B10KE1/TE+Connectivity/view-part/?ref=eda"; VariantName = "[No Variations]"
Change component parameters (AddParameter): Name = "EU_RoHS_Compliance"; Value = "Compliant"; VariantName = "[No Variations]"
Change component parameters (AddParameter): Name = "MF"; Value = "TE Connectivity"; VariantName = "[No Variations]"
Change component parameters (AddParameter): Name = "MP"; Value = "CPF1206B10KE1"; VariantName = "[No Variations]"
Change component parameters (AddParameter): Name = "Package"; Value = "1206"; VariantName = "[No Variations]"
Change component parameters (AddParameter): Name = "Power_Rating"; Value = ".125 W"; VariantName = "[No Variations]"
Change component parameters (AddParameter): Name = "Resistance"; Value = "10K"; VariantName = "[No Variations]"
Change component parameters (AddParameter): Name = "SnapEDA_Link"; Value = "https://www.snapeda.com/parts/CPF1206B10KE1/TE+Connectivity/view-part/?ref=snap"; VariantName = "[No Variations]"
Change component parameters (AddParameter): Name = "Tolerance"; Value = ".1%"; VariantName = "[No Variations]"
Change component parameters (AddParameter): Name = "Value"; Value = ""; VariantName = "[No Variations]"
Change component parameters (AddParameter): Name = "Voltage_Rating"; Value = "150 V"; VariantName = "[No Variations]"
Change component parameters: Designator = "" ("R57"); Footprint = "RESC6331X70N"; UniqueID = "\MDXMJQJH" ("\MDXMJQJH")
Change component parameters (AddParameter): Name = "Check_prices"; Value = "https://www.snapeda.com/parts/5-2176246-2/TE+Connectivity+AMP+Connectors/view-part/?ref=eda"; VariantName = "[No Variations]"
Change component parameters (AddParameter): Name = "MF"; Value = "TE Connectivity"; VariantName = "[No Variations]"
Change component parameters (AddParameter): Name = "MP"; Value = "5-2176246-2"; VariantName = "[No Variations]"
Change component parameters (AddParameter): Name = "Package"; Value = "None"; VariantName = "[No Variations]"
Change component parameters (AddParameter): Name = "SnapEDA_Link"; Value = "https://www.snapeda.com/parts/5-2176246-2/TE+Connectivity+AMP+Connectors/view-part/?ref=snap"; VariantName = "[No Variations]"
Change component parameters (AddParameter): Name = "Value"; Value = ""; VariantName = "[No Variations]"
Change component parameters: Designator = "" ("R62"); Footprint = "RESC6331X70N"; UniqueID = "\NWZYBRLS" ("\NWZYBRLS")
Change component parameters (AddParameter): Name = "Check_prices"; Value = "https://www.snapeda.com/parts/5-2176246-2/TE+Connectivity+AMP+Connectors/view-part/?ref=eda"; VariantName = "[No Variations]"
Change component parameters (AddParameter): Name = "MF"; Value = "TE Connectivity"; VariantName = "[No Variations]"
Change component parameters (AddParameter): Name = "MP"; Value = "5-2176246-2"; VariantName = "[No Variations]"
Change component parameters (AddParameter): Name = "Package"; Value = "None"; VariantName = "[No Variations]"
Change component parameters (AddParameter): Name = "SnapEDA_Link"; Value = "https://www.snapeda.com/parts/5-2176246-2/TE+Connectivity+AMP+Connectors/view-part/?ref=snap"; VariantName = "[No Variations]"
Change component parameters (AddParameter): Name = "Value"; Value = ""; VariantName = "[No Variations]"
Change component parameters: Designator = "" ("R63"); Footprint = "RESC6331X70N"; UniqueID = "\UOGGUCBU" ("\UOGGUCBU")
Change component parameters (AddParameter): Name = "Check_prices"; Value = "https://www.snapeda.com/parts/5-2176246-2/TE+Connectivity+AMP+Connectors/view-part/?ref=eda"; VariantName = "[No Variations]"
Change component parameters (AddParameter): Name = "MF"; Value = "TE Connectivity"; VariantName = "[No Variations]"
Change component parameters (AddParameter): Name = "MP"; Value = "5-2176246-2"; VariantName = "[No Variations]"
Change component parameters (AddParameter): Name = "Package"; Value = "None"; VariantName = "[No Variations]"
Change component parameters (AddParameter): Name = "SnapEDA_Link"; Value = "https://www.snapeda.com/parts/5-2176246-2/TE+Connectivity+AMP+Connectors/view-part/?ref=snap"; VariantName = "[No Variations]"
Change component parameters (AddParameter): Name = "Value"; Value = ""; VariantName = "[No Variations]"
Change component parameters: Designator = "" ("R60"); Footprint = "RESC6331X70N"; UniqueID = "\NJYJFUHA" ("\NJYJFUHA")
Change component parameters (AddParameter): Name = "Check_prices"; Value = "https://www.snapeda.com/parts/5-2176246-2/TE+Connectivity+AMP+Connectors/view-part/?ref=eda"; VariantName = "[No Variations]"
Change component parameters (AddParameter): Name = "MF"; Value = "TE Connectivity"; VariantName = "[No Variations]"
Change component parameters (AddParameter): Name = "MP"; Value = "5-2176246-2"; VariantName = "[No Variations]"
Change component parameters (AddParameter): Name = "Package"; Value = "None"; VariantName = "[No Variations]"
Change component parameters (AddParameter): Name = "SnapEDA_Link"; Value = "https://www.snapeda.com/parts/5-2176246-2/TE+Connectivity+AMP+Connectors/view-part/?ref=snap"; VariantName = "[No Variations]"
Change component parameters (AddParameter): Name = "Value"; Value = ""; VariantName = "[No Variations]"
Change component parameters: Designator = "" ("R61"); Footprint = "RESC6331X70N"; UniqueID = "\XZGJTFQP" ("\XZGJTFQP")
Change component parameters (AddParameter): Name = "Check_prices"; Value = "https://www.snapeda.com/parts/5-2176246-2/TE+Connectivity+AMP+Connectors/view-part/?ref=eda"; VariantName = "[No Variations]"
Change component parameters (AddParameter): Name = "MF"; Value = "TE Connectivity"; VariantName = "[No Variations]"
Change component parameters (AddParameter): Name = "MP"; Value = "5-2176246-2"; VariantName = "[No Variations]"
Change component parameters (AddParameter): Name = "Package"; Value = "None"; VariantName = "[No Variations]"
Change component parameters (AddParameter): Name = "SnapEDA_Link"; Value = "https://www.snapeda.com/parts/5-2176246-2/TE+Connectivity+AMP+Connectors/view-part/?ref=snap"; VariantName = "[No Variations]"
Change component parameters (AddParameter): Name = "Value"; Value = ""; VariantName = "[No Variations]"
Change component parameters: Designator = "" ("R50"); Footprint = "RESC3015X65N"; UniqueID = "\TLUUHJOD" ("\TLUUHJOD")
Change component parameters (AddParameter): Name = "Check_prices"; Value = "https://www.snapeda.com/parts/CPF1206B10KE1/TE+Connectivity/view-part/?ref=eda"; VariantName = "[No Variations]"
Change component parameters (AddParameter): Name = "EU_RoHS_Compliance"; Value = "Compliant"; VariantName = "[No Variations]"
Change component parameters (AddParameter): Name = "MF"; Value = "TE Connectivity"; VariantName = "[No Variations]"
Change component parameters (AddParameter): Name = "MP"; Value = "CPF1206B10KE1"; VariantName = "[No Variations]"
Change component parameters (AddParameter): Name = "Package"; Value = "1206"; VariantName = "[No Variations]"
Change component parameters (AddParameter): Name = "Power_Rating"; Value = ".125 W"; VariantName = "[No Variations]"
Change component parameters (AddParameter): Name = "Resistance"; Value = "10K"; VariantName = "[No Variations]"
Change component parameters (AddParameter): Name = "SnapEDA_Link"; Value = "https://www.snapeda.com/parts/CPF1206B10KE1/TE+Connectivity/view-part/?ref=snap"; VariantName = "[No Variations]"
Change component parameters (AddParameter): Name = "Tolerance"; Value = ".1%"; VariantName = "[No Variations]"
Change component parameters (AddParameter): Name = "Value"; Value = ""; VariantName = "[No Variations]"
Change component parameters (AddParameter): Name = "Voltage_Rating"; Value = "150 V"; VariantName = "[No Variations]"
Change component parameters: Designator = "" ("R51"); Footprint = "RESC3015X65N"; UniqueID = "\BDNTQJKM" ("\BDNTQJKM")
Change component parameters (AddParameter): Name = "Check_prices"; Value = "https://www.snapeda.com/parts/CPF1206B10KE1/TE+Connectivity/view-part/?ref=eda"; VariantName = "[No Variations]"
Change component parameters (AddParameter): Name = "EU_RoHS_Compliance"; Value = "Compliant"; VariantName = "[No Variations]"
Change component parameters (AddParameter): Name = "MF"; Value = "TE Connectivity"; VariantName = "[No Variations]"
Change component parameters (AddParameter): Name = "MP"; Value = "CPF1206B10KE1"; VariantName = "[No Variations]"
Change component parameters (AddParameter): Name = "Package"; Value = "1206"; VariantName = "[No Variations]"
Change component parameters (AddParameter): Name = "Power_Rating"; Value = ".125 W"; VariantName = "[No Variations]"
Change component parameters (AddParameter): Name = "Resistance"; Value = "10K"; VariantName = "[No Variations]"
Change component parameters (AddParameter): Name = "SnapEDA_Link"; Value = "https://www.snapeda.com/parts/CPF1206B10KE1/TE+Connectivity/view-part/?ref=snap"; VariantName = "[No Variations]"
Change component parameters (AddParameter): Name = "Tolerance"; Value = ".1%"; VariantName = "[No Variations]"
Change component parameters (AddParameter): Name = "Value"; Value = ""; VariantName = "[No Variations]"
Change component parameters (AddParameter): Name = "Voltage_Rating"; Value = "150 V"; VariantName = "[No Variations]"
Change component parameters: Designator = "" ("R48"); Footprint = "RESC3015X65N"; UniqueID = "\YVESWRUN" ("\YVESWRUN")
Change component parameters (AddParameter): Name = "Check_prices"; Value = "https://www.snapeda.com/parts/CPF1206B10KE1/TE+Connectivity/view-part/?ref=eda"; VariantName = "[No Variations]"
Change component parameters (AddParameter): Name = "EU_RoHS_Compliance"; Value = "Compliant"; VariantName = "[No Variations]"
Change component parameters (AddParameter): Name = "MF"; Value = "TE Connectivity"; VariantName = "[No Variations]"
Change component parameters (AddParameter): Name = "MP"; Value = "CPF1206B10KE1"; VariantName = "[No Variations]"
Change component parameters (AddParameter): Name = "Package"; Value = "1206"; VariantName = "[No Variations]"
Change component parameters (AddParameter): Name = "Power_Rating"; Value = ".125 W"; VariantName = "[No Variations]"
Change component parameters (AddParameter): Name = "Resistance"; Value = "10K"; VariantName = "[No Variations]"
Change component parameters (AddParameter): Name = "SnapEDA_Link"; Value = "https://www.snapeda.com/parts/CPF1206B10KE1/TE+Connectivity/view-part/?ref=snap"; VariantName = "[No Variations]"
Change component parameters (AddParameter): Name = "Tolerance"; Value = ".1%"; VariantName = "[No Variations]"
Change component parameters (AddParameter): Name = "Value"; Value = ""; VariantName = "[No Variations]"
Change component parameters (AddParameter): Name = "Voltage_Rating"; Value = "150 V"; VariantName = "[No Variations]"
Change component parameters: Designator = "" ("R49"); Footprint = "RESC3015X65N"; UniqueID = "\CCEQODDM" ("\CCEQODDM")
Change component parameters (AddParameter): Name = "Check_prices"; Value = "https://www.snapeda.com/parts/CPF1206B10KE1/TE+Connectivity/view-part/?ref=eda"; VariantName = "[No Variations]"
Change component parameters (AddParameter): Name = "EU_RoHS_Compliance"; Value = "Compliant"; VariantName = "[No Variations]"
Change component parameters (AddParameter): Name = "MF"; Value = "TE Connectivity"; VariantName = "[No Variations]"
Change component parameters (AddParameter): Name = "MP"; Value = "CPF1206B10KE1"; VariantName = "[No Variations]"
Change component parameters (AddParameter): Name = "Package"; Value = "1206"; VariantName = "[No Variations]"
Change component parameters (AddParameter): Name = "Power_Rating"; Value = ".125 W"; VariantName = "[No Variations]"
Change component parameters (AddParameter): Name = "Resistance"; Value = "10K"; VariantName = "[No Variations]"
Change component parameters (AddParameter): Name = "SnapEDA_Link"; Value = "https://www.snapeda.com/parts/CPF1206B10KE1/TE+Connectivity/view-part/?ref=snap"; VariantName = "[No Variations]"
Change component parameters (AddParameter): Name = "Tolerance"; Value = ".1%"; VariantName = "[No Variations]"
Change component parameters (AddParameter): Name = "Value"; Value = ""; VariantName = "[No Variations]"
Change component parameters (AddParameter): Name = "Voltage_Rating"; Value = "150 V"; VariantName = "[No Variations]"
Change component parameters: Designator = "" ("R54"); Footprint = "RESC3015X65N"; UniqueID = "\PFLOKBRJ" ("\PFLOKBRJ")
Change component parameters (AddParameter): Name = "Check_prices"; Value = "https://www.snapeda.com/parts/CPF1206B10KE1/TE+Connectivity/view-part/?ref=eda"; VariantName = "[No Variations]"
Change component parameters (AddParameter): Name = "EU_RoHS_Compliance"; Value = "Compliant"; VariantName = "[No Variations]"
Change component parameters (AddParameter): Name = "MF"; Value = "TE Connectivity"; VariantName = "[No Variations]"
Change component parameters (AddParameter): Name = "MP"; Value = "CPF1206B10KE1"; VariantName = "[No Variations]"
Change component parameters (AddParameter): Name = "Package"; Value = "1206"; VariantName = "[No Variations]"
Change component parameters (AddParameter): Name = "Power_Rating"; Value = ".125 W"; VariantName = "[No Variations]"
Change component parameters (AddParameter): Name = "Resistance"; Value = "10K"; VariantName = "[No Variations]"
Change component parameters (AddParameter): Name = "SnapEDA_Link"; Value = "https://www.snapeda.com/parts/CPF1206B10KE1/TE+Connectivity/view-part/?ref=snap"; VariantName = "[No Variations]"
Change component parameters (AddParameter): Name = "Tolerance"; Value = ".1%"; VariantName = "[No Variations]"
Change component parameters (AddParameter): Name = "Value"; Value = ""; VariantName = "[No Variations]"
Change component parameters (AddParameter): Name = "Voltage_Rating"; Value = "150 V"; VariantName = "[No Variations]"
Change component parameters: Designator = "" ("R55"); Footprint = "RESC3015X65N"; UniqueID = "\GWXZOZPU" ("\GWXZOZPU")
Change component parameters (AddParameter): Name = "Check_prices"; Value = "https://www.snapeda.com/parts/CPF1206B10KE1/TE+Connectivity/view-part/?ref=eda"; VariantName = "[No Variations]"
Change component parameters (AddParameter): Name = "EU_RoHS_Compliance"; Value = "Compliant"; VariantName = "[No Variations]"
Change component parameters (AddParameter): Name = "MF"; Value = "TE Connectivity"; VariantName = "[No Variations]"
Change component parameters (AddParameter): Name = "MP"; Value = "CPF1206B10KE1"; VariantName = "[No Variations]"
Change component parameters (AddParameter): Name = "Package"; Value = "1206"; VariantName = "[No Variations]"
Change component parameters (AddParameter): Name = "Power_Rating"; Value = ".125 W"; VariantName = "[No Variations]"
Change component parameters (AddParameter): Name = "Resistance"; Value = "10K"; VariantName = "[No Variations]"
Change component parameters (AddParameter): Name = "SnapEDA_Link"; Value = "https://www.snapeda.com/parts/CPF1206B10KE1/TE+Connectivity/view-part/?ref=snap"; VariantName = "[No Variations]"
Change component parameters (AddParameter): Name = "Tolerance"; Value = ".1%"; VariantName = "[No Variations]"
Change component parameters (AddParameter): Name = "Value"; Value = ""; VariantName = "[No Variations]"
Change component parameters (AddParameter): Name = "Voltage_Rating"; Value = "150 V"; VariantName = "[No Variations]"
Change component parameters: Designator = "" ("R52"); Footprint = "RESC3015X65N"; UniqueID = "\IHZTKTOQ" ("\IHZTKTOQ")
Change component parameters (AddParameter): Name = "Check_prices"; Value = "https://www.snapeda.com/parts/CPF1206B10KE1/TE+Connectivity/view-part/?ref=eda"; VariantName = "[No Variations]"
Change component parameters (AddParameter): Name = "EU_RoHS_Compliance"; Value = "Compliant"; VariantName = "[No Variations]"
Change component parameters (AddParameter): Name = "MF"; Value = "TE Connectivity"; VariantName = "[No Variations]"
Change component parameters (AddParameter): Name = "MP"; Value = "CPF1206B10KE1"; VariantName = "[No Variations]"
Change component parameters (AddParameter): Name = "Package"; Value = "1206"; VariantName = "[No Variations]"
Change component parameters (AddParameter): Name = "Power_Rating"; Value = ".125 W"; VariantName = "[No Variations]"
Change component parameters (AddParameter): Name = "Resistance"; Value = "10K"; VariantName = "[No Variations]"
Change component parameters (AddParameter): Name = "SnapEDA_Link"; Value = "https://www.snapeda.com/parts/CPF1206B10KE1/TE+Connectivity/view-part/?ref=snap"; VariantName = "[No Variations]"
Change component parameters (AddParameter): Name = "Tolerance"; Value = ".1%"; VariantName = "[No Variations]"
Change component parameters (AddParameter): Name = "Value"; Value = ""; VariantName = "[No Variations]"
Change component parameters (AddParameter): Name = "Voltage_Rating"; Value = "150 V"; VariantName = "[No Variations]"
Change component parameters: Designator = "" ("R53"); Footprint = "RESC3015X65N"; UniqueID = "\RBBRAMFP" ("\RBBRAMFP")
Change component parameters (AddParameter): Name = "Check_prices"; Value = "https://www.snapeda.com/parts/CPF1206B10KE1/TE+Connectivity/view-part/?ref=eda"; VariantName = "[No Variations]"
Change component parameters (AddParameter): Name = "EU_RoHS_Compliance"; Value = "Compliant"; VariantName = "[No Variations]"
Change component parameters (AddParameter): Name = "MF"; Value = "TE Connectivity"; VariantName = "[No Variations]"
Change component parameters (AddParameter): Name = "MP"; Value = "CPF1206B10KE1"; VariantName = "[No Variations]"
Change component parameters (AddParameter): Name = "Package"; Value = "1206"; VariantName = "[No Variations]"
Change component parameters (AddParameter): Name = "Power_Rating"; Value = ".125 W"; VariantName = "[No Variations]"
Change component parameters (AddParameter): Name = "Resistance"; Value = "10K"; VariantName = "[No Variations]"
Change component parameters (AddParameter): Name = "SnapEDA_Link"; Value = "https://www.snapeda.com/parts/CPF1206B10KE1/TE+Connectivity/view-part/?ref=snap"; VariantName = "[No Variations]"
Change component parameters (AddParameter): Name = "Tolerance"; Value = ".1%"; VariantName = "[No Variations]"
Change component parameters (AddParameter): Name = "Value"; Value = ""; VariantName = "[No Variations]"
Change component parameters (AddParameter): Name = "Voltage_Rating"; Value = "150 V"; VariantName = "[No Variations]"
Change component parameters: Designator = "" ("R31"); Footprint = "RESC3015X65N"; UniqueID = "\NHCZMXCL" ("\NHCZMXCL")
Change component parameters (AddParameter): Name = "Check_prices"; Value = "https://www.snapeda.com/parts/CPF1206B10KE1/TE+Connectivity/view-part/?ref=eda"; VariantName = "[No Variations]"
Change component parameters (AddParameter): Name = "EU_RoHS_Compliance"; Value = "Compliant"; VariantName = "[No Variations]"
Change component parameters (AddParameter): Name = "MF"; Value = "TE Connectivity"; VariantName = "[No Variations]"
Change component parameters (AddParameter): Name = "MP"; Value = "CPF1206B10KE1"; VariantName = "[No Variations]"
Change component parameters (AddParameter): Name = "Package"; Value = "1206"; VariantName = "[No Variations]"
Change component parameters (AddParameter): Name = "Power_Rating"; Value = ".125 W"; VariantName = "[No Variations]"
Change component parameters (AddParameter): Name = "Resistance"; Value = "10K"; VariantName = "[No Variations]"
Change component parameters (AddParameter): Name = "SnapEDA_Link"; Value = "https://www.snapeda.com/parts/CPF1206B10KE1/TE+Connectivity/view-part/?ref=snap"; VariantName = "[No Variations]"
Change component parameters (AddParameter): Name = "Tolerance"; Value = ".1%"; VariantName = "[No Variations]"
Change component parameters (AddParameter): Name = "Value"; Value = ""; VariantName = "[No Variations]"
Change component parameters (AddParameter): Name = "Voltage_Rating"; Value = "150 V"; VariantName = "[No Variations]"
Change component parameters: Designator = "" ("R9"); Footprint = "RESC3015X65N"; UniqueID = "\VRGLKRXC" ("\VRGLKRXC")
Change component parameters (AddParameter): Name = "Check_prices"; Value = "https://www.snapeda.com/parts/CPF1206B10KE1/TE+Connectivity/view-part/?ref=eda"; VariantName = "[No Variations]"
Change component parameters (AddParameter): Name = "EU_RoHS_Compliance"; Value = "Compliant"; VariantName = "[No Variations]"
Change component parameters (AddParameter): Name = "MF"; Value = "TE Connectivity"; VariantName = "[No Variations]"
Change component parameters (AddParameter): Name = "MP"; Value = "CPF1206B10KE1"; VariantName = "[No Variations]"
Change component parameters (AddParameter): Name = "Package"; Value = "1206"; VariantName = "[No Variations]"
Change component parameters (AddParameter): Name = "Power_Rating"; Value = ".125 W"; VariantName = "[No Variations]"
Change component parameters (AddParameter): Name = "Resistance"; Value = "10K"; VariantName = "[No Variations]"
Change component parameters (AddParameter): Name = "SnapEDA_Link"; Value = "https://www.snapeda.com/parts/CPF1206B10KE1/TE+Connectivity/view-part/?ref=snap"; VariantName = "[No Variations]"
Change component parameters (AddParameter): Name = "Tolerance"; Value = ".1%"; VariantName = "[No Variations]"
Change component parameters (AddParameter): Name = "Value"; Value = ""; VariantName = "[No Variations]"
Change component parameters (AddParameter): Name = "Voltage_Rating"; Value = "150 V"; VariantName = "[No Variations]"
Change component parameters: Designator = "" ("R10"); Footprint = "RESC3015X65N"; UniqueID = "\URUEQLXP" ("\URUEQLXP")
Change component parameters (AddParameter): Name = "Check_prices"; Value = "https://www.snapeda.com/parts/CPF1206B10KE1/TE+Connectivity/view-part/?ref=eda"; VariantName = "[No Variations]"
Change component parameters (AddParameter): Name = "EU_RoHS_Compliance"; Value = "Compliant"; VariantName = "[No Variations]"
Change component parameters (AddParameter): Name = "MF"; Value = "TE Connectivity"; VariantName = "[No Variations]"
Change component parameters (AddParameter): Name = "MP"; Value = "CPF1206B10KE1"; VariantName = "[No Variations]"
Change component parameters (AddParameter): Name = "Package"; Value = "1206"; VariantName = "[No Variations]"
Change component parameters (AddParameter): Name = "Power_Rating"; Value = ".125 W"; VariantName = "[No Variations]"
Change component parameters (AddParameter): Name = "Resistance"; Value = "10K"; VariantName = "[No Variations]"
Change component parameters (AddParameter): Name = "SnapEDA_Link"; Value = "https://www.snapeda.com/parts/CPF1206B10KE1/TE+Connectivity/view-part/?ref=snap"; VariantName = "[No Variations]"
Change component parameters (AddParameter): Name = "Tolerance"; Value = ".1%"; VariantName = "[No Variations]"
Change component parameters (AddParameter): Name = "Value"; Value = ""; VariantName = "[No Variations]"
Change component parameters (AddParameter): Name = "Voltage_Rating"; Value = "150 V"; VariantName = "[No Variations]"
Change component parameters: Designator = "" ("R7"); Footprint = "RESC2012X65N"; UniqueID = "\KBVAVLEQ" ("\KBVAVLEQ")
Change component parameters (AddParameter): Name = "Check_prices"; Value = "https://www.snapeda.com/parts/CRGCQ0805J470R/TE+Connectivity/view-part/?ref=eda"; VariantName = "[No Variations]"
Change component parameters (AddParameter): Name = "MF"; Value = "TE Connectivity"; VariantName = "[No Variations]"
Change component parameters (AddParameter): Name = "MP"; Value = "CRGCQ0805J470R"; VariantName = "[No Variations]"
Change component parameters (AddParameter): Name = "Package"; Value = "2012 TE Connectivity"; VariantName = "[No Variations]"
Change component parameters (AddParameter): Name = "SnapEDA_Link"; Value = "https://www.snapeda.com/parts/CRGCQ0805J470R/TE+Connectivity/view-part/?ref=snap"; VariantName = "[No Variations]"
Change component parameters (AddParameter): Name = "Value"; Value = ""; VariantName = "[No Variations]"
Change component parameters: Designator = "" ("R8"); Footprint = "RESC3015X65N"; UniqueID = "\UGMGILMM" ("\UGMGILMM")
Change component parameters (AddParameter): Name = "Check_prices"; Value = "https://www.snapeda.com/parts/CPF1206B10KE1/TE+Connectivity/view-part/?ref=eda"; VariantName = "[No Variations]"
Change component parameters (AddParameter): Name = "EU_RoHS_Compliance"; Value = "Compliant"; VariantName = "[No Variations]"
Change component parameters (AddParameter): Name = "MF"; Value = "TE Connectivity"; VariantName = "[No Variations]"
Change component parameters (AddParameter): Name = "MP"; Value = "CPF1206B10KE1"; VariantName = "[No Variations]"
Change component parameters (AddParameter): Name = "Package"; Value = "1206"; VariantName = "[No Variations]"
Change component parameters (AddParameter): Name = "Power_Rating"; Value = ".125 W"; VariantName = "[No Variations]"
Change component parameters (AddParameter): Name = "Resistance"; Value = "10K"; VariantName = "[No Variations]"
Change component parameters (AddParameter): Name = "SnapEDA_Link"; Value = "https://www.snapeda.com/parts/CPF1206B10KE1/TE+Connectivity/view-part/?ref=snap"; VariantName = "[No Variations]"
Change component parameters (AddParameter): Name = "Tolerance"; Value = ".1%"; VariantName = "[No Variations]"
Change component parameters (AddParameter): Name = "Value"; Value = ""; VariantName = "[No Variations]"
Change component parameters (AddParameter): Name = "Voltage_Rating"; Value = "150 V"; VariantName = "[No Variations]"
Change component parameters: Designator = "" ("R13"); Footprint = "RESC3015X65N"; UniqueID = "\UECXHLGE" ("\UECXHLGE")
Change component parameters (AddParameter): Name = "Check_prices"; Value = "https://www.snapeda.com/parts/CPF1206B10KE1/TE+Connectivity/view-part/?ref=eda"; VariantName = "[No Variations]"
Change component parameters (AddParameter): Name = "EU_RoHS_Compliance"; Value = "Compliant"; VariantName = "[No Variations]"
Change component parameters (AddParameter): Name = "MF"; Value = "TE Connectivity"; VariantName = "[No Variations]"
Change component parameters (AddParameter): Name = "MP"; Value = "CPF1206B10KE1"; VariantName = "[No Variations]"
Change component parameters (AddParameter): Name = "Package"; Value = "1206"; VariantName = "[No Variations]"
Change component parameters (AddParameter): Name = "Power_Rating"; Value = ".125 W"; VariantName = "[No Variations]"
Change component parameters (AddParameter): Name = "Resistance"; Value = "10K"; VariantName = "[No Variations]"
Change component parameters (AddParameter): Name = "SnapEDA_Link"; Value = "https://www.snapeda.com/parts/CPF1206B10KE1/TE+Connectivity/view-part/?ref=snap"; VariantName = "[No Variations]"
Change component parameters (AddParameter): Name = "Tolerance"; Value = ".1%"; VariantName = "[No Variations]"
Change component parameters (AddParameter): Name = "Value"; Value = ""; VariantName = "[No Variations]"
Change component parameters (AddParameter): Name = "Voltage_Rating"; Value = "150 V"; VariantName = "[No Variations]"
Change component parameters: Designator = "" ("R14"); Footprint = "RESC3015X65N"; UniqueID = "\WWRCEJCL" ("\WWRCEJCL")
Change component parameters (AddParameter): Name = "Check_prices"; Value = "https://www.snapeda.com/parts/CPF1206B10KE1/TE+Connectivity/view-part/?ref=eda"; VariantName = "[No Variations]"
Change component parameters (AddParameter): Name = "EU_RoHS_Compliance"; Value = "Compliant"; VariantName = "[No Variations]"
Change component parameters (AddParameter): Name = "MF"; Value = "TE Connectivity"; VariantName = "[No Variations]"
Change component parameters (AddParameter): Name = "MP"; Value = "CPF1206B10KE1"; VariantName = "[No Variations]"
Change component parameters (AddParameter): Name = "Package"; Value = "1206"; VariantName = "[No Variations]"
Change component parameters (AddParameter): Name = "Power_Rating"; Value = ".125 W"; VariantName = "[No Variations]"
Change component parameters (AddParameter): Name = "Resistance"; Value = "10K"; VariantName = "[No Variations]"
Change component parameters (AddParameter): Name = "SnapEDA_Link"; Value = "https://www.snapeda.com/parts/CPF1206B10KE1/TE+Connectivity/view-part/?ref=snap"; VariantName = "[No Variations]"
Change component parameters (AddParameter): Name = "Tolerance"; Value = ".1%"; VariantName = "[No Variations]"
Change component parameters (AddParameter): Name = "Value"; Value = ""; VariantName = "[No Variations]"
Change component parameters (AddParameter): Name = "Voltage_Rating"; Value = "150 V"; VariantName = "[No Variations]"
Change component parameters: Designator = "" ("R11"); Footprint = "RESC3015X65N"; UniqueID = "\LJZXIFWC" ("\LJZXIFWC")
Change component parameters (AddParameter): Name = "Check_prices"; Value = "https://www.snapeda.com/parts/CPF1206B10KE1/TE+Connectivity/view-part/?ref=eda"; VariantName = "[No Variations]"
Change component parameters (AddParameter): Name = "EU_RoHS_Compliance"; Value = "Compliant"; VariantName = "[No Variations]"
Change component parameters (AddParameter): Name = "MF"; Value = "TE Connectivity"; VariantName = "[No Variations]"
Change component parameters (AddParameter): Name = "MP"; Value = "CPF1206B10KE1"; VariantName = "[No Variations]"
Change component parameters (AddParameter): Name = "Package"; Value = "1206"; VariantName = "[No Variations]"
Change component parameters (AddParameter): Name = "Power_Rating"; Value = ".125 W"; VariantName = "[No Variations]"
Change component parameters (AddParameter): Name = "Resistance"; Value = "10K"; VariantName = "[No Variations]"
Change component parameters (AddParameter): Name = "SnapEDA_Link"; Value = "https://www.snapeda.com/parts/CPF1206B10KE1/TE+Connectivity/view-part/?ref=snap"; VariantName = "[No Variations]"
Change component parameters (AddParameter): Name = "Tolerance"; Value = ".1%"; VariantName = "[No Variations]"
Change component parameters (AddParameter): Name = "Value"; Value = ""; VariantName = "[No Variations]"
Change component parameters (AddParameter): Name = "Voltage_Rating"; Value = "150 V"; VariantName = "[No Variations]"
Change component parameters: Designator = "" ("R12"); Footprint = "RESC3015X65N"; UniqueID = "\KFHBBZUV" ("\KFHBBZUV")
Change component parameters (AddParameter): Name = "Check_prices"; Value = "https://www.snapeda.com/parts/CPF1206B10KE1/TE+Connectivity/view-part/?ref=eda"; VariantName = "[No Variations]"
Change component parameters (AddParameter): Name = "EU_RoHS_Compliance"; Value = "Compliant"; VariantName = "[No Variations]"
Change component parameters (AddParameter): Name = "MF"; Value = "TE Connectivity"; VariantName = "[No Variations]"
Change component parameters (AddParameter): Name = "MP"; Value = "CPF1206B10KE1"; VariantName = "[No Variations]"
Change component parameters (AddParameter): Name = "Package"; Value = "1206"; VariantName = "[No Variations]"
Change component parameters (AddParameter): Name = "Power_Rating"; Value = ".125 W"; VariantName = "[No Variations]"
Change component parameters (AddParameter): Name = "Resistance"; Value = "10K"; VariantName = "[No Variations]"
Change component parameters (AddParameter): Name = "SnapEDA_Link"; Value = "https://www.snapeda.com/parts/CPF1206B10KE1/TE+Connectivity/view-part/?ref=snap"; VariantName = "[No Variations]"
Change component parameters (AddParameter): Name = "Tolerance"; Value = ".1%"; VariantName = "[No Variations]"
Change component parameters (AddParameter): Name = "Value"; Value = ""; VariantName = "[No Variations]"
Change component parameters (AddParameter): Name = "Voltage_Rating"; Value = "150 V"; VariantName = "[No Variations]"
Change component parameters: Designator = "" ("R1"); Footprint = "RESC3015X65N"; UniqueID = "\DIGOHJDM" ("\DIGOHJDM")
Change component parameters (AddParameter): Name = "Check_prices"; Value = "https://www.snapeda.com/parts/CPF1206B10KE1/TE+Connectivity/view-part/?ref=eda"; VariantName = "[No Variations]"
Change component parameters (AddParameter): Name = "EU_RoHS_Compliance"; Value = "Compliant"; VariantName = "[No Variations]"
Change component parameters (AddParameter): Name = "MF"; Value = "TE Connectivity"; VariantName = "[No Variations]"
Change component parameters (AddParameter): Name = "MP"; Value = "CPF1206B10KE1"; VariantName = "[No Variations]"
Change component parameters (AddParameter): Name = "Package"; Value = "1206"; VariantName = "[No Variations]"
Change component parameters (AddParameter): Name = "Power_Rating"; Value = ".125 W"; VariantName = "[No Variations]"
Change component parameters (AddParameter): Name = "Resistance"; Value = "10K"; VariantName = "[No Variations]"
Change component parameters (AddParameter): Name = "SnapEDA_Link"; Value = "https://www.snapeda.com/parts/CPF1206B10KE1/TE+Connectivity/view-part/?ref=snap"; VariantName = "[No Variations]"
Change component parameters (AddParameter): Name = "Tolerance"; Value = ".1%"; VariantName = "[No Variations]"
Change component parameters (AddParameter): Name = "Value"; Value = ""; VariantName = "[No Variations]"
Change component parameters (AddParameter): Name = "Voltage_Rating"; Value = "150 V"; VariantName = "[No Variations]"
Change component parameters: Designator = "" ("R2"); Footprint = "RESC3015X65N"; UniqueID = "\LXAHTKVR" ("\LXAHTKVR")
Change component parameters (AddParameter): Name = "Check_prices"; Value = "https://www.snapeda.com/parts/CPF1206B10KE1/TE+Connectivity/view-part/?ref=eda"; VariantName = "[No Variations]"
Change component parameters (AddParameter): Name = "EU_RoHS_Compliance"; Value = "Compliant"; VariantName = "[No Variations]"
Change component parameters (AddParameter): Name = "MF"; Value = "TE Connectivity"; VariantName = "[No Variations]"
Change component parameters (AddParameter): Name = "MP"; Value = "CPF1206B10KE1"; VariantName = "[No Variations]"
Change component parameters (AddParameter): Name = "Package"; Value = "1206"; VariantName = "[No Variations]"
Change component parameters (AddParameter): Name = "Power_Rating"; Value = ".125 W"; VariantName = "[No Variations]"
Change component parameters (AddParameter): Name = "Resistance"; Value = "10K"; VariantName = "[No Variations]"
Change component parameters (AddParameter): Name = "SnapEDA_Link"; Value = "https://www.snapeda.com/parts/CPF1206B10KE1/TE+Connectivity/view-part/?ref=snap"; VariantName = "[No Variations]"
Change component parameters (AddParameter): Name = "Tolerance"; Value = ".1%"; VariantName = "[No Variations]"
Change component parameters (AddParameter): Name = "Value"; Value = ""; VariantName = "[No Variations]"
Change component parameters (AddParameter): Name = "Voltage_Rating"; Value = "150 V"; VariantName = "[No Variations]"
Change component parameters: Designator = "" ("Q33"); Footprint = "TRANS_SS8050-G"; UniqueID = "\QYJKEOKZ" ("\QYJKEOKZ")
Change component parameters (AddParameter): Name = "Check_prices"; Value = "https://www.snapeda.com/parts/SS8050G/Comchip/view-part/?ref=eda"; VariantName = "[No Variations]"
Change component parameters (AddParameter): Name = "Digi-Key_Part_Number"; Value = "641-1790-2-ND"; VariantName = "[No Variations]"
Change component parameters (AddParameter): Name = "MF"; Value = "Comchip"; VariantName = "[No Variations]"
Change component parameters (AddParameter): Name = "MP"; Value = "SS8050G"; VariantName = "[No Variations]"
Change component parameters (AddParameter): Name = "Package"; Value = "None"; VariantName = "[No Variations]"
Change component parameters (AddParameter): Name = "SnapEDA_Link"; Value = "https://www.snapeda.com/parts/SS8050G/Comchip/view-part/?ref=snap"; VariantName = "[No Variations]"
Change component parameters (AddParameter): Name = "Value"; Value = ""; VariantName = "[No Variations]"
Change component parameters: Designator = "" ("Q34"); Footprint = "TRANS_SS8050-G"; UniqueID = "\PCPQHYTC" ("\PCPQHYTC")
Change component parameters (AddParameter): Name = "Check_prices"; Value = "https://www.snapeda.com/parts/SS8050G/Comchip/view-part/?ref=eda"; VariantName = "[No Variations]"
Change component parameters (AddParameter): Name = "Digi-Key_Part_Number"; Value = "641-1790-2-ND"; VariantName = "[No Variations]"
Change component parameters (AddParameter): Name = "MF"; Value = "Comchip"; VariantName = "[No Variations]"
Change component parameters (AddParameter): Name = "MP"; Value = "SS8050G"; VariantName = "[No Variations]"
Change component parameters (AddParameter): Name = "Package"; Value = "None"; VariantName = "[No Variations]"
Change component parameters (AddParameter): Name = "SnapEDA_Link"; Value = "https://www.snapeda.com/parts/SS8050G/Comchip/view-part/?ref=snap"; VariantName = "[No Variations]"
Change component parameters (AddParameter): Name = "Value"; Value = ""; VariantName = "[No Variations]"
Change component parameters: Designator = "" ("R5"); Footprint = "RESC3015X65N"; UniqueID = "\DLNGZTWO" ("\DLNGZTWO")
Change component parameters (AddParameter): Name = "Check_prices"; Value = "https://www.snapeda.com/parts/CPF1206B10KE1/TE+Connectivity/view-part/?ref=eda"; VariantName = "[No Variations]"
Change component parameters (AddParameter): Name = "EU_RoHS_Compliance"; Value = "Compliant"; VariantName = "[No Variations]"
Change component parameters (AddParameter): Name = "MF"; Value = "TE Connectivity"; VariantName = "[No Variations]"
Change component parameters (AddParameter): Name = "MP"; Value = "CPF1206B10KE1"; VariantName = "[No Variations]"
Change component parameters (AddParameter): Name = "Package"; Value = "1206"; VariantName = "[No Variations]"
Change component parameters (AddParameter): Name = "Power_Rating"; Value = ".125 W"; VariantName = "[No Variations]"
Change component parameters (AddParameter): Name = "Resistance"; Value = "10K"; VariantName = "[No Variations]"
Change component parameters (AddParameter): Name = "SnapEDA_Link"; Value = "https://www.snapeda.com/parts/CPF1206B10KE1/TE+Connectivity/view-part/?ref=snap"; VariantName = "[No Variations]"
Change component parameters (AddParameter): Name = "Tolerance"; Value = ".1%"; VariantName = "[No Variations]"
Change component parameters (AddParameter): Name = "Value"; Value = ""; VariantName = "[No Variations]"
Change component parameters (AddParameter): Name = "Voltage_Rating"; Value = "150 V"; VariantName = "[No Variations]"
Change component parameters: Designator = "" ("R6"); Footprint = "RESC2012X65N"; UniqueID = "\ITDKFVLK" ("\ITDKFVLK")
Change component parameters (AddParameter): Name = "Check_prices"; Value = "https://www.snapeda.com/parts/CRGCQ0805J470R/TE+Connectivity/view-part/?ref=eda"; VariantName = "[No Variations]"
Change component parameters (AddParameter): Name = "MF"; Value = "TE Connectivity"; VariantName = "[No Variations]"
Change component parameters (AddParameter): Name = "MP"; Value = "CRGCQ0805J470R"; VariantName = "[No Variations]"
Change component parameters (AddParameter): Name = "Package"; Value = "2012 TE Connectivity"; VariantName = "[No Variations]"
Change component parameters (AddParameter): Name = "SnapEDA_Link"; Value = "https://www.snapeda.com/parts/CRGCQ0805J470R/TE+Connectivity/view-part/?ref=snap"; VariantName = "[No Variations]"
Change component parameters (AddParameter): Name = "Value"; Value = ""; VariantName = "[No Variations]"
Change component parameters: Designator = "" ("R3"); Footprint = "RESC3015X65N"; UniqueID = "\VLFOFYQE" ("\VLFOFYQE")
Change component parameters (AddParameter): Name = "Check_prices"; Value = "https://www.snapeda.com/parts/CPF1206B10KE1/TE+Connectivity/view-part/?ref=eda"; VariantName = "[No Variations]"
Change component parameters (AddParameter): Name = "EU_RoHS_Compliance"; Value = "Compliant"; VariantName = "[No Variations]"
Change component parameters (AddParameter): Name = "MF"; Value = "TE Connectivity"; VariantName = "[No Variations]"
Change component parameters (AddParameter): Name = "MP"; Value = "CPF1206B10KE1"; VariantName = "[No Variations]"
Change component parameters (AddParameter): Name = "Package"; Value = "1206"; VariantName = "[No Variations]"
Change component parameters (AddParameter): Name = "Power_Rating"; Value = ".125 W"; VariantName = "[No Variations]"
Change component parameters (AddParameter): Name = "Resistance"; Value = "10K"; VariantName = "[No Variations]"
Change component parameters (AddParameter): Name = "SnapEDA_Link"; Value = "https://www.snapeda.com/parts/CPF1206B10KE1/TE+Connectivity/view-part/?ref=snap"; VariantName = "[No Variations]"
Change component parameters (AddParameter): Name = "Tolerance"; Value = ".1%"; VariantName = "[No Variations]"
Change component parameters (AddParameter): Name = "Value"; Value = ""; VariantName = "[No Variations]"
Change component parameters (AddParameter): Name = "Voltage_Rating"; Value = "150 V"; VariantName = "[No Variations]"
Change component parameters: Designator = "" ("R4"); Footprint = "RESC3015X65N"; UniqueID = "\AZUYGKDB" ("\AZUYGKDB")
Change component parameters (AddParameter): Name = "Check_prices"; Value = "https://www.snapeda.com/parts/CPF1206B10KE1/TE+Connectivity/view-part/?ref=eda"; VariantName = "[No Variations]"
Change component parameters (AddParameter): Name = "EU_RoHS_Compliance"; Value = "Compliant"; VariantName = "[No Variations]"
Change component parameters (AddParameter): Name = "MF"; Value = "TE Connectivity"; VariantName = "[No Variations]"
Change component parameters (AddParameter): Name = "MP"; Value = "CPF1206B10KE1"; VariantName = "[No Variations]"
Change component parameters (AddParameter): Name = "Package"; Value = "1206"; VariantName = "[No Variations]"
Change component parameters (AddParameter): Name = "Power_Rating"; Value = ".125 W"; VariantName = "[No Variations]"
Change component parameters (AddParameter): Name = "Resistance"; Value = "10K"; VariantName = "[No Variations]"
Change component parameters (AddParameter): Name = "SnapEDA_Link"; Value = "https://www.snapeda.com/parts/CPF1206B10KE1/TE+Connectivity/view-part/?ref=snap"; VariantName = "[No Variations]"
Change component parameters (AddParameter): Name = "Tolerance"; Value = ".1%"; VariantName = "[No Variations]"
Change component parameters (AddParameter): Name = "Value"; Value = ""; VariantName = "[No Variations]"
Change component parameters (AddParameter): Name = "Voltage_Rating"; Value = "150 V"; VariantName = "[No Variations]"
Change component parameters: Designator = "" ("R25"); Footprint = "RESC3015X65N"; UniqueID = "\KPGFKDRQ" ("\KPGFKDRQ")
Change component parameters (AddParameter): Name = "Check_prices"; Value = "https://www.snapeda.com/parts/CPF1206B10KE1/TE+Connectivity/view-part/?ref=eda"; VariantName = "[No Variations]"
Change component parameters (AddParameter): Name = "EU_RoHS_Compliance"; Value = "Compliant"; VariantName = "[No Variations]"
Change component parameters (AddParameter): Name = "MF"; Value = "TE Connectivity"; VariantName = "[No Variations]"
Change component parameters (AddParameter): Name = "MP"; Value = "CPF1206B10KE1"; VariantName = "[No Variations]"
Change component parameters (AddParameter): Name = "Package"; Value = "1206"; VariantName = "[No Variations]"
Change component parameters (AddParameter): Name = "Power_Rating"; Value = ".125 W"; VariantName = "[No Variations]"
Change component parameters (AddParameter): Name = "Resistance"; Value = "10K"; VariantName = "[No Variations]"
Change component parameters (AddParameter): Name = "SnapEDA_Link"; Value = "https://www.snapeda.com/parts/CPF1206B10KE1/TE+Connectivity/view-part/?ref=snap"; VariantName = "[No Variations]"
Change component parameters (AddParameter): Name = "Tolerance"; Value = ".1%"; VariantName = "[No Variations]"
Change component parameters (AddParameter): Name = "Value"; Value = ""; VariantName = "[No Variations]"
Change component parameters (AddParameter): Name = "Voltage_Rating"; Value = "150 V"; VariantName = "[No Variations]"
Change component parameters: Designator = "" ("R26"); Footprint = "RESC3015X65N"; UniqueID = "\ZAROYBEP" ("\ZAROYBEP")
Change component parameters (AddParameter): Name = "Check_prices"; Value = "https://www.snapeda.com/parts/CPF1206B10KE1/TE+Connectivity/view-part/?ref=eda"; VariantName = "[No Variations]"
Change component parameters (AddParameter): Name = "EU_RoHS_Compliance"; Value = "Compliant"; VariantName = "[No Variations]"
Change component parameters (AddParameter): Name = "MF"; Value = "TE Connectivity"; VariantName = "[No Variations]"
Change component parameters (AddParameter): Name = "MP"; Value = "CPF1206B10KE1"; VariantName = "[No Variations]"
Change component parameters (AddParameter): Name = "Package"; Value = "1206"; VariantName = "[No Variations]"
Change component parameters (AddParameter): Name = "Power_Rating"; Value = ".125 W"; VariantName = "[No Variations]"
Change component parameters (AddParameter): Name = "Resistance"; Value = "10K"; VariantName = "[No Variations]"
Change component parameters (AddParameter): Name = "SnapEDA_Link"; Value = "https://www.snapeda.com/parts/CPF1206B10KE1/TE+Connectivity/view-part/?ref=snap"; VariantName = "[No Variations]"
Change component parameters (AddParameter): Name = "Tolerance"; Value = ".1%"; VariantName = "[No Variations]"
Change component parameters (AddParameter): Name = "Value"; Value = ""; VariantName = "[No Variations]"
Change component parameters (AddParameter): Name = "Voltage_Rating"; Value = "150 V"; VariantName = "[No Variations]"
Change component parameters: Designator = "" ("R23"); Footprint = "RESC3015X65N"; UniqueID = "\VKNFWNWU" ("\VKNFWNWU")
Change component parameters (AddParameter): Name = "Check_prices"; Value = "https://www.snapeda.com/parts/CPF1206B10KE1/TE+Connectivity/view-part/?ref=eda"; VariantName = "[No Variations]"
Change component parameters (AddParameter): Name = "EU_RoHS_Compliance"; Value = "Compliant"; VariantName = "[No Variations]"
Change component parameters (AddParameter): Name = "MF"; Value = "TE Connectivity"; VariantName = "[No Variations]"
Change component parameters (AddParameter): Name = "MP"; Value = "CPF1206B10KE1"; VariantName = "[No Variations]"
Change component parameters (AddParameter): Name = "Package"; Value = "1206"; VariantName = "[No Variations]"
Change component parameters (AddParameter): Name = "Power_Rating"; Value = ".125 W"; VariantName = "[No Variations]"
Change component parameters (AddParameter): Name = "Resistance"; Value = "10K"; VariantName = "[No Variations]"
Change component parameters (AddParameter): Name = "SnapEDA_Link"; Value = "https://www.snapeda.com/parts/CPF1206B10KE1/TE+Connectivity/view-part/?ref=snap"; VariantName = "[No Variations]"
Change component parameters (AddParameter): Name = "Tolerance"; Value = ".1%"; VariantName = "[No Variations]"
Change component parameters (AddParameter): Name = "Value"; Value = ""; VariantName = "[No Variations]"
Change component parameters (AddParameter): Name = "Voltage_Rating"; Value = "150 V"; VariantName = "[No Variations]"
Change component parameters: Designator = "" ("R24"); Footprint = "RESC3015X65N"; UniqueID = "\LXSEOWWM" ("\LXSEOWWM")
Change component parameters (AddParameter): Name = "Check_prices"; Value = "https://www.snapeda.com/parts/CPF1206B10KE1/TE+Connectivity/view-part/?ref=eda"; VariantName = "[No Variations]"
Change component parameters (AddParameter): Name = "EU_RoHS_Compliance"; Value = "Compliant"; VariantName = "[No Variations]"
Change component parameters (AddParameter): Name = "MF"; Value = "TE Connectivity"; VariantName = "[No Variations]"
Change component parameters (AddParameter): Name = "MP"; Value = "CPF1206B10KE1"; VariantName = "[No Variations]"
Change component parameters (AddParameter): Name = "Package"; Value = "1206"; VariantName = "[No Variations]"
Change component parameters (AddParameter): Name = "Power_Rating"; Value = ".125 W"; VariantName = "[No Variations]"
Change component parameters (AddParameter): Name = "Resistance"; Value = "10K"; VariantName = "[No Variations]"
Change component parameters (AddParameter): Name = "SnapEDA_Link"; Value = "https://www.snapeda.com/parts/CPF1206B10KE1/TE+Connectivity/view-part/?ref=snap"; VariantName = "[No Variations]"
Change component parameters (AddParameter): Name = "Tolerance"; Value = ".1%"; VariantName = "[No Variations]"
Change component parameters (AddParameter): Name = "Value"; Value = ""; VariantName = "[No Variations]"
Change component parameters (AddParameter): Name = "Voltage_Rating"; Value = "150 V"; VariantName = "[No Variations]"
Change component parameters: Designator = "" ("R29"); Footprint = "RESC3015X65N"; UniqueID = "\ITRFOIBL" ("\ITRFOIBL")
Change component parameters (AddParameter): Name = "Check_prices"; Value = "https://www.snapeda.com/parts/CPF1206B10KE1/TE+Connectivity/view-part/?ref=eda"; VariantName = "[No Variations]"
Change component parameters (AddParameter): Name = "EU_RoHS_Compliance"; Value = "Compliant"; VariantName = "[No Variations]"
Change component parameters (AddParameter): Name = "MF"; Value = "TE Connectivity"; VariantName = "[No Variations]"
Change component parameters (AddParameter): Name = "MP"; Value = "CPF1206B10KE1"; VariantName = "[No Variations]"
Change component parameters (AddParameter): Name = "Package"; Value = "1206"; VariantName = "[No Variations]"
Change component parameters (AddParameter): Name = "Power_Rating"; Value = ".125 W"; VariantName = "[No Variations]"
Change component parameters (AddParameter): Name = "Resistance"; Value = "10K"; VariantName = "[No Variations]"
Change component parameters (AddParameter): Name = "SnapEDA_Link"; Value = "https://www.snapeda.com/parts/CPF1206B10KE1/TE+Connectivity/view-part/?ref=snap"; VariantName = "[No Variations]"
Change component parameters (AddParameter): Name = "Tolerance"; Value = ".1%"; VariantName = "[No Variations]"
Change component parameters (AddParameter): Name = "Value"; Value = ""; VariantName = "[No Variations]"
Change component parameters (AddParameter): Name = "Voltage_Rating"; Value = "150 V"; VariantName = "[No Variations]"
Change component parameters: Designator = "" ("R30"); Footprint = "RESC3015X65N"; UniqueID = "\YNAAMFQF" ("\YNAAMFQF")
Change component parameters (AddParameter): Name = "Check_prices"; Value = "https://www.snapeda.com/parts/CPF1206B10KE1/TE+Connectivity/view-part/?ref=eda"; VariantName = "[No Variations]"
Change component parameters (AddParameter): Name = "EU_RoHS_Compliance"; Value = "Compliant"; VariantName = "[No Variations]"
Change component parameters (AddParameter): Name = "MF"; Value = "TE Connectivity"; VariantName = "[No Variations]"
Change component parameters (AddParameter): Name = "MP"; Value = "CPF1206B10KE1"; VariantName = "[No Variations]"
Change component parameters (AddParameter): Name = "Package"; Value = "1206"; VariantName = "[No Variations]"
Change component parameters (AddParameter): Name = "Power_Rating"; Value = ".125 W"; VariantName = "[No Variations]"
Change component parameters (AddParameter): Name = "Resistance"; Value = "10K"; VariantName = "[No Variations]"
Change component parameters (AddParameter): Name = "SnapEDA_Link"; Value = "https://www.snapeda.com/parts/CPF1206B10KE1/TE+Connectivity/view-part/?ref=snap"; VariantName = "[No Variations]"
Change component parameters (AddParameter): Name = "Tolerance"; Value = ".1%"; VariantName = "[No Variations]"
Change component parameters (AddParameter): Name = "Value"; Value = ""; VariantName = "[No Variations]"
Change component parameters (AddParameter): Name = "Voltage_Rating"; Value = "150 V"; VariantName = "[No Variations]"
Change component parameters: Designator = "" ("R27"); Footprint = "RESC3015X65N"; UniqueID = "\KQNPEYAM" ("\KQNPEYAM")
Change component parameters (AddParameter): Name = "Check_prices"; Value = "https://www.snapeda.com/parts/CPF1206B10KE1/TE+Connectivity/view-part/?ref=eda"; VariantName = "[No Variations]"
Change component parameters (AddParameter): Name = "EU_RoHS_Compliance"; Value = "Compliant"; VariantName = "[No Variations]"
Change component parameters (AddParameter): Name = "MF"; Value = "TE Connectivity"; VariantName = "[No Variations]"
Change component parameters (AddParameter): Name = "MP"; Value = "CPF1206B10KE1"; VariantName = "[No Variations]"
Change component parameters (AddParameter): Name = "Package"; Value = "1206"; VariantName = "[No Variations]"
Change component parameters (AddParameter): Name = "Power_Rating"; Value = ".125 W"; VariantName = "[No Variations]"
Change component parameters (AddParameter): Name = "Resistance"; Value = "10K"; VariantName = "[No Variations]"
Change component parameters (AddParameter): Name = "SnapEDA_Link"; Value = "https://www.snapeda.com/parts/CPF1206B10KE1/TE+Connectivity/view-part/?ref=snap"; VariantName = "[No Variations]"
Change component parameters (AddParameter): Name = "Tolerance"; Value = ".1%"; VariantName = "[No Variations]"
Change component parameters (AddParameter): Name = "Value"; Value = ""; VariantName = "[No Variations]"
Change component parameters (AddParameter): Name = "Voltage_Rating"; Value = "150 V"; VariantName = "[No Variations]"
Change component parameters: Designator = "" ("R28"); Footprint = "RESC3015X65N"; UniqueID = "\PFXXUDKW" ("\PFXXUDKW")
Change component parameters (AddParameter): Name = "Check_prices"; Value = "https://www.snapeda.com/parts/CPF1206B10KE1/TE+Connectivity/view-part/?ref=eda"; VariantName = "[No Variations]"
Change component parameters (AddParameter): Name = "EU_RoHS_Compliance"; Value = "Compliant"; VariantName = "[No Variations]"
Change component parameters (AddParameter): Name = "MF"; Value = "TE Connectivity"; VariantName = "[No Variations]"
Change component parameters (AddParameter): Name = "MP"; Value = "CPF1206B10KE1"; VariantName = "[No Variations]"
Change component parameters (AddParameter): Name = "Package"; Value = "1206"; VariantName = "[No Variations]"
Change component parameters (AddParameter): Name = "Power_Rating"; Value = ".125 W"; VariantName = "[No Variations]"
Change component parameters (AddParameter): Name = "Resistance"; Value = "10K"; VariantName = "[No Variations]"
Change component parameters (AddParameter): Name = "SnapEDA_Link"; Value = "https://www.snapeda.com/parts/CPF1206B10KE1/TE+Connectivity/view-part/?ref=snap"; VariantName = "[No Variations]"
Change component parameters (AddParameter): Name = "Tolerance"; Value = ".1%"; VariantName = "[No Variations]"
Change component parameters (AddParameter): Name = "Value"; Value = ""; VariantName = "[No Variations]"
Change component parameters (AddParameter): Name = "Voltage_Rating"; Value = "150 V"; VariantName = "[No Variations]"
Change component parameters: Designator = "" ("R17"); Footprint = "RESC3015X65N"; UniqueID = "\JXFYBKWS" ("\JXFYBKWS")
Change component parameters (AddParameter): Name = "Check_prices"; Value = "https://www.snapeda.com/parts/CPF1206B10KE1/TE+Connectivity/view-part/?ref=eda"; VariantName = "[No Variations]"
Change component parameters (AddParameter): Name = "EU_RoHS_Compliance"; Value = "Compliant"; VariantName = "[No Variations]"
Change component parameters (AddParameter): Name = "MF"; Value = "TE Connectivity"; VariantName = "[No Variations]"
Change component parameters (AddParameter): Name = "MP"; Value = "CPF1206B10KE1"; VariantName = "[No Variations]"
Change component parameters (AddParameter): Name = "Package"; Value = "1206"; VariantName = "[No Variations]"
Change component parameters (AddParameter): Name = "Power_Rating"; Value = ".125 W"; VariantName = "[No Variations]"
Change component parameters (AddParameter): Name = "Resistance"; Value = "10K"; VariantName = "[No Variations]"
Change component parameters (AddParameter): Name = "SnapEDA_Link"; Value = "https://www.snapeda.com/parts/CPF1206B10KE1/TE+Connectivity/view-part/?ref=snap"; VariantName = "[No Variations]"
Change component parameters (AddParameter): Name = "Tolerance"; Value = ".1%"; VariantName = "[No Variations]"
Change component parameters (AddParameter): Name = "Value"; Value = ""; VariantName = "[No Variations]"
Change component parameters (AddParameter): Name = "Voltage_Rating"; Value = "150 V"; VariantName = "[No Variations]"
Change component parameters: Designator = "" ("R18"); Footprint = "RESC3015X65N"; UniqueID = "\ANDDCBPF" ("\ANDDCBPF")
Change component parameters (AddParameter): Name = "Check_prices"; Value = "https://www.snapeda.com/parts/CPF1206B10KE1/TE+Connectivity/view-part/?ref=eda"; VariantName = "[No Variations]"
Change component parameters (AddParameter): Name = "EU_RoHS_Compliance"; Value = "Compliant"; VariantName = "[No Variations]"
Change component parameters (AddParameter): Name = "MF"; Value = "TE Connectivity"; VariantName = "[No Variations]"
Change component parameters (AddParameter): Name = "MP"; Value = "CPF1206B10KE1"; VariantName = "[No Variations]"
Change component parameters (AddParameter): Name = "Package"; Value = "1206"; VariantName = "[No Variations]"
Change component parameters (AddParameter): Name = "Power_Rating"; Value = ".125 W"; VariantName = "[No Variations]"
Change component parameters (AddParameter): Name = "Resistance"; Value = "10K"; VariantName = "[No Variations]"
Change component parameters (AddParameter): Name = "SnapEDA_Link"; Value = "https://www.snapeda.com/parts/CPF1206B10KE1/TE+Connectivity/view-part/?ref=snap"; VariantName = "[No Variations]"
Change component parameters (AddParameter): Name = "Tolerance"; Value = ".1%"; VariantName = "[No Variations]"
Change component parameters (AddParameter): Name = "Value"; Value = ""; VariantName = "[No Variations]"
Change component parameters (AddParameter): Name = "Voltage_Rating"; Value = "150 V"; VariantName = "[No Variations]"
Change component parameters: Designator = "" ("R15"); Footprint = "RESC3015X65N"; UniqueID = "\JQNGIIGV" ("\JQNGIIGV")
Change component parameters (AddParameter): Name = "Check_prices"; Value = "https://www.snapeda.com/parts/CPF1206B10KE1/TE+Connectivity/view-part/?ref=eda"; VariantName = "[No Variations]"
Change component parameters (AddParameter): Name = "EU_RoHS_Compliance"; Value = "Compliant"; VariantName = "[No Variations]"
Change component parameters (AddParameter): Name = "MF"; Value = "TE Connectivity"; VariantName = "[No Variations]"
Change component parameters (AddParameter): Name = "MP"; Value = "CPF1206B10KE1"; VariantName = "[No Variations]"
Change component parameters (AddParameter): Name = "Package"; Value = "1206"; VariantName = "[No Variations]"
Change component parameters (AddParameter): Name = "Power_Rating"; Value = ".125 W"; VariantName = "[No Variations]"
Change component parameters (AddParameter): Name = "Resistance"; Value = "10K"; VariantName = "[No Variations]"
Change component parameters (AddParameter): Name = "SnapEDA_Link"; Value = "https://www.snapeda.com/parts/CPF1206B10KE1/TE+Connectivity/view-part/?ref=snap"; VariantName = "[No Variations]"
Change component parameters (AddParameter): Name = "Tolerance"; Value = ".1%"; VariantName = "[No Variations]"
Change component parameters (AddParameter): Name = "Value"; Value = ""; VariantName = "[No Variations]"
Change component parameters (AddParameter): Name = "Voltage_Rating"; Value = "150 V"; VariantName = "[No Variations]"
Change component parameters: Designator = "" ("R16"); Footprint = "RESC3015X65N"; UniqueID = "\VHKAUUPU" ("\VHKAUUPU")
Change component parameters (AddParameter): Name = "Check_prices"; Value = "https://www.snapeda.com/parts/CPF1206B10KE1/TE+Connectivity/view-part/?ref=eda"; VariantName = "[No Variations]"
Change component parameters (AddParameter): Name = "EU_RoHS_Compliance"; Value = "Compliant"; VariantName = "[No Variations]"
Change component parameters (AddParameter): Name = "MF"; Value = "TE Connectivity"; VariantName = "[No Variations]"
Change component parameters (AddParameter): Name = "MP"; Value = "CPF1206B10KE1"; VariantName = "[No Variations]"
Change component parameters (AddParameter): Name = "Package"; Value = "1206"; VariantName = "[No Variations]"
Change component parameters (AddParameter): Name = "Power_Rating"; Value = ".125 W"; VariantName = "[No Variations]"
Change component parameters (AddParameter): Name = "Resistance"; Value = "10K"; VariantName = "[No Variations]"
Change component parameters (AddParameter): Name = "SnapEDA_Link"; Value = "https://www.snapeda.com/parts/CPF1206B10KE1/TE+Connectivity/view-part/?ref=snap"; VariantName = "[No Variations]"
Change component parameters (AddParameter): Name = "Tolerance"; Value = ".1%"; VariantName = "[No Variations]"
Change component parameters (AddParameter): Name = "Value"; Value = ""; VariantName = "[No Variations]"
Change component parameters (AddParameter): Name = "Voltage_Rating"; Value = "150 V"; VariantName = "[No Variations]"
Change component parameters: Designator = "" ("R21"); Footprint = "RESC3015X65N"; UniqueID = "\TWGNQQQP" ("\TWGNQQQP")
Change component parameters (AddParameter): Name = "Check_prices"; Value = "https://www.snapeda.com/parts/CPF1206B10KE1/TE+Connectivity/view-part/?ref=eda"; VariantName = "[No Variations]"
Change component parameters (AddParameter): Name = "EU_RoHS_Compliance"; Value = "Compliant"; VariantName = "[No Variations]"
Change component parameters (AddParameter): Name = "MF"; Value = "TE Connectivity"; VariantName = "[No Variations]"
Change component parameters (AddParameter): Name = "MP"; Value = "CPF1206B10KE1"; VariantName = "[No Variations]"
Change component parameters (AddParameter): Name = "Package"; Value = "1206"; VariantName = "[No Variations]"
Change component parameters (AddParameter): Name = "Power_Rating"; Value = ".125 W"; VariantName = "[No Variations]"
Change component parameters (AddParameter): Name = "Resistance"; Value = "10K"; VariantName = "[No Variations]"
Change component parameters (AddParameter): Name = "SnapEDA_Link"; Value = "https://www.snapeda.com/parts/CPF1206B10KE1/TE+Connectivity/view-part/?ref=snap"; VariantName = "[No Variations]"
Change component parameters (AddParameter): Name = "Tolerance"; Value = ".1%"; VariantName = "[No Variations]"
Change component parameters (AddParameter): Name = "Value"; Value = ""; VariantName = "[No Variations]"
Change component parameters (AddParameter): Name = "Voltage_Rating"; Value = "150 V"; VariantName = "[No Variations]"
Change component parameters: Designator = "" ("R22"); Footprint = "RESC3015X65N"; UniqueID = "\YUZOCDUR" ("\YUZOCDUR")
Change component parameters (AddParameter): Name = "Check_prices"; Value = "https://www.snapeda.com/parts/CPF1206B10KE1/TE+Connectivity/view-part/?ref=eda"; VariantName = "[No Variations]"
Change component parameters (AddParameter): Name = "EU_RoHS_Compliance"; Value = "Compliant"; VariantName = "[No Variations]"
Change component parameters (AddParameter): Name = "MF"; Value = "TE Connectivity"; VariantName = "[No Variations]"
Change component parameters (AddParameter): Name = "MP"; Value = "CPF1206B10KE1"; VariantName = "[No Variations]"
Change component parameters (AddParameter): Name = "Package"; Value = "1206"; VariantName = "[No Variations]"
Change component parameters (AddParameter): Name = "Power_Rating"; Value = ".125 W"; VariantName = "[No Variations]"
Change component parameters (AddParameter): Name = "Resistance"; Value = "10K"; VariantName = "[No Variations]"
Change component parameters (AddParameter): Name = "SnapEDA_Link"; Value = "https://www.snapeda.com/parts/CPF1206B10KE1/TE+Connectivity/view-part/?ref=snap"; VariantName = "[No Variations]"
Change component parameters (AddParameter): Name = "Tolerance"; Value = ".1%"; VariantName = "[No Variations]"
Change component parameters (AddParameter): Name = "Value"; Value = ""; VariantName = "[No Variations]"
Change component parameters (AddParameter): Name = "Voltage_Rating"; Value = "150 V"; VariantName = "[No Variations]"
Change component parameters: Designator = "" ("R19"); Footprint = "RESC3015X65N"; UniqueID = "\DECMNSUM" ("\DECMNSUM")
Change component parameters (AddParameter): Name = "Check_prices"; Value = "https://www.snapeda.com/parts/CPF1206B10KE1/TE+Connectivity/view-part/?ref=eda"; VariantName = "[No Variations]"
Change component parameters (AddParameter): Name = "EU_RoHS_Compliance"; Value = "Compliant"; VariantName = "[No Variations]"
Change component parameters (AddParameter): Name = "MF"; Value = "TE Connectivity"; VariantName = "[No Variations]"
Change component parameters (AddParameter): Name = "MP"; Value = "CPF1206B10KE1"; VariantName = "[No Variations]"
Change component parameters (AddParameter): Name = "Package"; Value = "1206"; VariantName = "[No Variations]"
Change component parameters (AddParameter): Name = "Power_Rating"; Value = ".125 W"; VariantName = "[No Variations]"
Change component parameters (AddParameter): Name = "Resistance"; Value = "10K"; VariantName = "[No Variations]"
Change component parameters (AddParameter): Name = "SnapEDA_Link"; Value = "https://www.snapeda.com/parts/CPF1206B10KE1/TE+Connectivity/view-part/?ref=snap"; VariantName = "[No Variations]"
Change component parameters (AddParameter): Name = "Tolerance"; Value = ".1%"; VariantName = "[No Variations]"
Change component parameters (AddParameter): Name = "Value"; Value = ""; VariantName = "[No Variations]"
Change component parameters (AddParameter): Name = "Voltage_Rating"; Value = "150 V"; VariantName = "[No Variations]"
Change component parameters: Designator = "" ("R20"); Footprint = "RESC3015X65N"; UniqueID = "\WEJAZJAL" ("\WEJAZJAL")
Change component parameters (AddParameter): Name = "Check_prices"; Value = "https://www.snapeda.com/parts/CPF1206B10KE1/TE+Connectivity/view-part/?ref=eda"; VariantName = "[No Variations]"
Change component parameters (AddParameter): Name = "EU_RoHS_Compliance"; Value = "Compliant"; VariantName = "[No Variations]"
Change component parameters (AddParameter): Name = "MF"; Value = "TE Connectivity"; VariantName = "[No Variations]"
Change component parameters (AddParameter): Name = "MP"; Value = "CPF1206B10KE1"; VariantName = "[No Variations]"
Change component parameters (AddParameter): Name = "Package"; Value = "1206"; VariantName = "[No Variations]"
Change component parameters (AddParameter): Name = "Power_Rating"; Value = ".125 W"; VariantName = "[No Variations]"
Change component parameters (AddParameter): Name = "Resistance"; Value = "10K"; VariantName = "[No Variations]"
Change component parameters (AddParameter): Name = "SnapEDA_Link"; Value = "https://www.snapeda.com/parts/CPF1206B10KE1/TE+Connectivity/view-part/?ref=snap"; VariantName = "[No Variations]"
Change component parameters (AddParameter): Name = "Tolerance"; Value = ".1%"; VariantName = "[No Variations]"
Change component parameters (AddParameter): Name = "Value"; Value = ""; VariantName = "[No Variations]"
Change component parameters (AddParameter): Name = "Voltage_Rating"; Value = "150 V"; VariantName = "[No Variations]"
Change component parameters: Designator = "" ("R107"); Footprint = "RESC3015X65N"; UniqueID = "\SNWZNRHO" ("\SNWZNRHO")
Change component parameters (AddParameter): Name = "Check_prices"; Value = "https://www.snapeda.com/parts/CPF1206B10KE1/TE+Connectivity/view-part/?ref=eda"; VariantName = "[No Variations]"
Change component parameters (AddParameter): Name = "EU_RoHS_Compliance"; Value = "Compliant"; VariantName = "[No Variations]"
Change component parameters (AddParameter): Name = "MF"; Value = "TE Connectivity"; VariantName = "[No Variations]"
Change component parameters (AddParameter): Name = "MP"; Value = "CPF1206B10KE1"; VariantName = "[No Variations]"
Change component parameters (AddParameter): Name = "Package"; Value = "1206"; VariantName = "[No Variations]"
Change component parameters (AddParameter): Name = "Power_Rating"; Value = ".125 W"; VariantName = "[No Variations]"
Change component parameters (AddParameter): Name = "Resistance"; Value = "10K"; VariantName = "[No Variations]"
Change component parameters (AddParameter): Name = "SnapEDA_Link"; Value = "https://www.snapeda.com/parts/CPF1206B10KE1/TE+Connectivity/view-part/?ref=snap"; VariantName = "[No Variations]"
Change component parameters (AddParameter): Name = "Tolerance"; Value = ".1%"; VariantName = "[No Variations]"
Change component parameters (AddParameter): Name = "Value"; Value = ""; VariantName = "[No Variations]"
Change component parameters (AddParameter): Name = "Voltage_Rating"; Value = "150 V"; VariantName = "[No Variations]"
Change component parameters: Designator = "" ("R108"); Footprint = "RESC3015X65N"; UniqueID = "\VMDNUGYU" ("\VMDNUGYU")
Change component parameters (AddParameter): Name = "Check_prices"; Value = "https://www.snapeda.com/parts/CPF1206B10KE1/TE+Connectivity/view-part/?ref=eda"; VariantName = "[No Variations]"
Change component parameters (AddParameter): Name = "EU_RoHS_Compliance"; Value = "Compliant"; VariantName = "[No Variations]"
Change component parameters (AddParameter): Name = "MF"; Value = "TE Connectivity"; VariantName = "[No Variations]"
Change component parameters (AddParameter): Name = "MP"; Value = "CPF1206B10KE1"; VariantName = "[No Variations]"
Change component parameters (AddParameter): Name = "Package"; Value = "1206"; VariantName = "[No Variations]"
Change component parameters (AddParameter): Name = "Power_Rating"; Value = ".125 W"; VariantName = "[No Variations]"
Change component parameters (AddParameter): Name = "Resistance"; Value = "10K"; VariantName = "[No Variations]"
Change component parameters (AddParameter): Name = "SnapEDA_Link"; Value = "https://www.snapeda.com/parts/CPF1206B10KE1/TE+Connectivity/view-part/?ref=snap"; VariantName = "[No Variations]"
Change component parameters (AddParameter): Name = "Tolerance"; Value = ".1%"; VariantName = "[No Variations]"
Change component parameters (AddParameter): Name = "Value"; Value = ""; VariantName = "[No Variations]"
Change component parameters (AddParameter): Name = "Voltage_Rating"; Value = "150 V"; VariantName = "[No Variations]"
Change component parameters: Designator = "" ("R105"); Footprint = "RESC3015X65N"; UniqueID = "\OWULASMW" ("\OWULASMW")
Change component parameters (AddParameter): Name = "Check_prices"; Value = "https://www.snapeda.com/parts/CPF1206B10KE1/TE+Connectivity/view-part/?ref=eda"; VariantName = "[No Variations]"
Change component parameters (AddParameter): Name = "EU_RoHS_Compliance"; Value = "Compliant"; VariantName = "[No Variations]"
Change component parameters (AddParameter): Name = "MF"; Value = "TE Connectivity"; VariantName = "[No Variations]"
Change component parameters (AddParameter): Name = "MP"; Value = "CPF1206B10KE1"; VariantName = "[No Variations]"
Change component parameters (AddParameter): Name = "Package"; Value = "1206"; VariantName = "[No Variations]"
Change component parameters (AddParameter): Name = "Power_Rating"; Value = ".125 W"; VariantName = "[No Variations]"
Change component parameters (AddParameter): Name = "Resistance"; Value = "10K"; VariantName = "[No Variations]"
Change component parameters (AddParameter): Name = "SnapEDA_Link"; Value = "https://www.snapeda.com/parts/CPF1206B10KE1/TE+Connectivity/view-part/?ref=snap"; VariantName = "[No Variations]"
Change component parameters (AddParameter): Name = "Tolerance"; Value = ".1%"; VariantName = "[No Variations]"
Change component parameters (AddParameter): Name = "Value"; Value = ""; VariantName = "[No Variations]"
Change component parameters (AddParameter): Name = "Voltage_Rating"; Value = "150 V"; VariantName = "[No Variations]"
Change component parameters: Designator = "" ("R106"); Footprint = "RESC3015X65N"; UniqueID = "\MZKJDREV" ("\MZKJDREV")
Change component parameters (AddParameter): Name = "Check_prices"; Value = "https://www.snapeda.com/parts/CPF1206B10KE1/TE+Connectivity/view-part/?ref=eda"; VariantName = "[No Variations]"
Change component parameters (AddParameter): Name = "EU_RoHS_Compliance"; Value = "Compliant"; VariantName = "[No Variations]"
Change component parameters (AddParameter): Name = "MF"; Value = "TE Connectivity"; VariantName = "[No Variations]"
Change component parameters (AddParameter): Name = "MP"; Value = "CPF1206B10KE1"; VariantName = "[No Variations]"
Change component parameters (AddParameter): Name = "Package"; Value = "1206"; VariantName = "[No Variations]"
Change component parameters (AddParameter): Name = "Power_Rating"; Value = ".125 W"; VariantName = "[No Variations]"
Change component parameters (AddParameter): Name = "Resistance"; Value = "10K"; VariantName = "[No Variations]"
Change component parameters (AddParameter): Name = "SnapEDA_Link"; Value = "https://www.snapeda.com/parts/CPF1206B10KE1/TE+Connectivity/view-part/?ref=snap"; VariantName = "[No Variations]"
Change component parameters (AddParameter): Name = "Tolerance"; Value = ".1%"; VariantName = "[No Variations]"
Change component parameters (AddParameter): Name = "Value"; Value = ""; VariantName = "[No Variations]"
Change component parameters (AddParameter): Name = "Voltage_Rating"; Value = "150 V"; VariantName = "[No Variations]"
Change component parameters: Designator = "" ("R111"); Footprint = "RESC3015X65N"; UniqueID = "\CCQVPXLD" ("\CCQVPXLD")
Change component parameters (AddParameter): Name = "Check_prices"; Value = "https://www.snapeda.com/parts/CPF1206B10KE1/TE+Connectivity/view-part/?ref=eda"; VariantName = "[No Variations]"
Change component parameters (AddParameter): Name = "EU_RoHS_Compliance"; Value = "Compliant"; VariantName = "[No Variations]"
Change component parameters (AddParameter): Name = "MF"; Value = "TE Connectivity"; VariantName = "[No Variations]"
Change component parameters (AddParameter): Name = "MP"; Value = "CPF1206B10KE1"; VariantName = "[No Variations]"
Change component parameters (AddParameter): Name = "Package"; Value = "1206"; VariantName = "[No Variations]"
Change component parameters (AddParameter): Name = "Power_Rating"; Value = ".125 W"; VariantName = "[No Variations]"
Change component parameters (AddParameter): Name = "Resistance"; Value = "10K"; VariantName = "[No Variations]"
Change component parameters (AddParameter): Name = "SnapEDA_Link"; Value = "https://www.snapeda.com/parts/CPF1206B10KE1/TE+Connectivity/view-part/?ref=snap"; VariantName = "[No Variations]"
Change component parameters (AddParameter): Name = "Tolerance"; Value = ".1%"; VariantName = "[No Variations]"
Change component parameters (AddParameter): Name = "Value"; Value = ""; VariantName = "[No Variations]"
Change component parameters (AddParameter): Name = "Voltage_Rating"; Value = "150 V"; VariantName = "[No Variations]"
Change component parameters: Designator = "" ("R112"); Footprint = "RESC3015X65N"; UniqueID = "\JKZQIDVV" ("\JKZQIDVV")
Change component parameters (AddParameter): Name = "Check_prices"; Value = "https://www.snapeda.com/parts/CPF1206B10KE1/TE+Connectivity/view-part/?ref=eda"; VariantName = "[No Variations]"
Change component parameters (AddParameter): Name = "EU_RoHS_Compliance"; Value = "Compliant"; VariantName = "[No Variations]"
Change component parameters (AddParameter): Name = "MF"; Value = "TE Connectivity"; VariantName = "[No Variations]"
Change component parameters (AddParameter): Name = "MP"; Value = "CPF1206B10KE1"; VariantName = "[No Variations]"
Change component parameters (AddParameter): Name = "Package"; Value = "1206"; VariantName = "[No Variations]"
Change component parameters (AddParameter): Name = "Power_Rating"; Value = ".125 W"; VariantName = "[No Variations]"
Change component parameters (AddParameter): Name = "Resistance"; Value = "10K"; VariantName = "[No Variations]"
Change component parameters (AddParameter): Name = "SnapEDA_Link"; Value = "https://www.snapeda.com/parts/CPF1206B10KE1/TE+Connectivity/view-part/?ref=snap"; VariantName = "[No Variations]"
Change component parameters (AddParameter): Name = "Tolerance"; Value = ".1%"; VariantName = "[No Variations]"
Change component parameters (AddParameter): Name = "Value"; Value = ""; VariantName = "[No Variations]"
Change component parameters (AddParameter): Name = "Voltage_Rating"; Value = "150 V"; VariantName = "[No Variations]"
Change component parameters: Designator = "" ("R109"); Footprint = "RESC3015X65N"; UniqueID = "\IYQURBTZ" ("\IYQURBTZ")
Change component parameters (AddParameter): Name = "Check_prices"; Value = "https://www.snapeda.com/parts/CPF1206B10KE1/TE+Connectivity/view-part/?ref=eda"; VariantName = "[No Variations]"
Change component parameters (AddParameter): Name = "EU_RoHS_Compliance"; Value = "Compliant"; VariantName = "[No Variations]"
Change component parameters (AddParameter): Name = "MF"; Value = "TE Connectivity"; VariantName = "[No Variations]"
Change component parameters (AddParameter): Name = "MP"; Value = "CPF1206B10KE1"; VariantName = "[No Variations]"
Change component parameters (AddParameter): Name = "Package"; Value = "1206"; VariantName = "[No Variations]"
Change component parameters (AddParameter): Name = "Power_Rating"; Value = ".125 W"; VariantName = "[No Variations]"
Change component parameters (AddParameter): Name = "Resistance"; Value = "10K"; VariantName = "[No Variations]"
Change component parameters (AddParameter): Name = "SnapEDA_Link"; Value = "https://www.snapeda.com/parts/CPF1206B10KE1/TE+Connectivity/view-part/?ref=snap"; VariantName = "[No Variations]"
Change component parameters (AddParameter): Name = "Tolerance"; Value = ".1%"; VariantName = "[No Variations]"
Change component parameters (AddParameter): Name = "Value"; Value = ""; VariantName = "[No Variations]"
Change component parameters (AddParameter): Name = "Voltage_Rating"; Value = "150 V"; VariantName = "[No Variations]"
Change component parameters: Designator = "" ("R110"); Footprint = "RESC3015X65N"; UniqueID = "\ARSTEAQY" ("\ARSTEAQY")
Change component parameters (AddParameter): Name = "Check_prices"; Value = "https://www.snapeda.com/parts/CPF1206B10KE1/TE+Connectivity/view-part/?ref=eda"; VariantName = "[No Variations]"
Change component parameters (AddParameter): Name = "EU_RoHS_Compliance"; Value = "Compliant"; VariantName = "[No Variations]"
Change component parameters (AddParameter): Name = "MF"; Value = "TE Connectivity"; VariantName = "[No Variations]"
Change component parameters (AddParameter): Name = "MP"; Value = "CPF1206B10KE1"; VariantName = "[No Variations]"
Change component parameters (AddParameter): Name = "Package"; Value = "1206"; VariantName = "[No Variations]"
Change component parameters (AddParameter): Name = "Power_Rating"; Value = ".125 W"; VariantName = "[No Variations]"
Change component parameters (AddParameter): Name = "Resistance"; Value = "10K"; VariantName = "[No Variations]"
Change component parameters (AddParameter): Name = "SnapEDA_Link"; Value = "https://www.snapeda.com/parts/CPF1206B10KE1/TE+Connectivity/view-part/?ref=snap"; VariantName = "[No Variations]"
Change component parameters (AddParameter): Name = "Tolerance"; Value = ".1%"; VariantName = "[No Variations]"
Change component parameters (AddParameter): Name = "Value"; Value = ""; VariantName = "[No Variations]"
Change component parameters (AddParameter): Name = "Voltage_Rating"; Value = "150 V"; VariantName = "[No Variations]"
Change component parameters: Designator = "" ("R99"); Footprint = "RESC6331X70N"; UniqueID = "\UCDJYLOD" ("\UCDJYLOD")
Change component parameters (AddParameter): Name = "Check_prices"; Value = "https://www.snapeda.com/parts/5-2176246-2/TE+Connectivity+AMP+Connectors/view-part/?ref=eda"; VariantName = "[No Variations]"
Change component parameters (AddParameter): Name = "MF"; Value = "TE Connectivity"; VariantName = "[No Variations]"
Change component parameters (AddParameter): Name = "MP"; Value = "5-2176246-2"; VariantName = "[No Variations]"
Change component parameters (AddParameter): Name = "Package"; Value = "None"; VariantName = "[No Variations]"
Change component parameters (AddParameter): Name = "SnapEDA_Link"; Value = "https://www.snapeda.com/parts/5-2176246-2/TE+Connectivity+AMP+Connectors/view-part/?ref=snap"; VariantName = "[No Variations]"
Change component parameters (AddParameter): Name = "Value"; Value = ""; VariantName = "[No Variations]"
Change component parameters: Designator = "" ("R100"); Footprint = "RESC6331X70N"; UniqueID = "\JWMPAHTL" ("\JWMPAHTL")
Change component parameters (AddParameter): Name = "Check_prices"; Value = "https://www.snapeda.com/parts/5-2176246-2/TE+Connectivity+AMP+Connectors/view-part/?ref=eda"; VariantName = "[No Variations]"
Change component parameters (AddParameter): Name = "MF"; Value = "TE Connectivity"; VariantName = "[No Variations]"
Change component parameters (AddParameter): Name = "MP"; Value = "5-2176246-2"; VariantName = "[No Variations]"
Change component parameters (AddParameter): Name = "Package"; Value = "None"; VariantName = "[No Variations]"
Change component parameters (AddParameter): Name = "SnapEDA_Link"; Value = "https://www.snapeda.com/parts/5-2176246-2/TE+Connectivity+AMP+Connectors/view-part/?ref=snap"; VariantName = "[No Variations]"
Change component parameters (AddParameter): Name = "Value"; Value = ""; VariantName = "[No Variations]"
Change component parameters: Designator = "" ("R97"); Footprint = "RESC6331X70N"; UniqueID = "\FPLPKGRU" ("\FPLPKGRU")
Change component parameters (AddParameter): Name = "Check_prices"; Value = "https://www.snapeda.com/parts/5-2176246-2/TE+Connectivity+AMP+Connectors/view-part/?ref=eda"; VariantName = "[No Variations]"
Change component parameters (AddParameter): Name = "MF"; Value = "TE Connectivity"; VariantName = "[No Variations]"
Change component parameters (AddParameter): Name = "MP"; Value = "5-2176246-2"; VariantName = "[No Variations]"
Change component parameters (AddParameter): Name = "Package"; Value = "None"; VariantName = "[No Variations]"
Change component parameters (AddParameter): Name = "SnapEDA_Link"; Value = "https://www.snapeda.com/parts/5-2176246-2/TE+Connectivity+AMP+Connectors/view-part/?ref=snap"; VariantName = "[No Variations]"
Change component parameters (AddParameter): Name = "Value"; Value = ""; VariantName = "[No Variations]"
Change component parameters: Designator = "" ("R98"); Footprint = "RESC6331X70N"; UniqueID = "\QSYMHLIT" ("\QSYMHLIT")
Change component parameters (AddParameter): Name = "Check_prices"; Value = "https://www.snapeda.com/parts/5-2176246-2/TE+Connectivity+AMP+Connectors/view-part/?ref=eda"; VariantName = "[No Variations]"
Change component parameters (AddParameter): Name = "MF"; Value = "TE Connectivity"; VariantName = "[No Variations]"
Change component parameters (AddParameter): Name = "MP"; Value = "5-2176246-2"; VariantName = "[No Variations]"
Change component parameters (AddParameter): Name = "Package"; Value = "None"; VariantName = "[No Variations]"
Change component parameters (AddParameter): Name = "SnapEDA_Link"; Value = "https://www.snapeda.com/parts/5-2176246-2/TE+Connectivity+AMP+Connectors/view-part/?ref=snap"; VariantName = "[No Variations]"
Change component parameters (AddParameter): Name = "Value"; Value = ""; VariantName = "[No Variations]"
Change component parameters: Designator = "" ("R103"); Footprint = "RESC3015X65N"; UniqueID = "\QRMMITXZ" ("\QRMMITXZ")
Change component parameters (AddParameter): Name = "Check_prices"; Value = "https://www.snapeda.com/parts/CPF1206B10KE1/TE+Connectivity/view-part/?ref=eda"; VariantName = "[No Variations]"
Change component parameters (AddParameter): Name = "EU_RoHS_Compliance"; Value = "Compliant"; VariantName = "[No Variations]"
Change component parameters (AddParameter): Name = "MF"; Value = "TE Connectivity"; VariantName = "[No Variations]"
Change component parameters (AddParameter): Name = "MP"; Value = "CPF1206B10KE1"; VariantName = "[No Variations]"
Change component parameters (AddParameter): Name = "Package"; Value = "1206"; VariantName = "[No Variations]"
Change component parameters (AddParameter): Name = "Power_Rating"; Value = ".125 W"; VariantName = "[No Variations]"
Change component parameters (AddParameter): Name = "Resistance"; Value = "10K"; VariantName = "[No Variations]"
Change component parameters (AddParameter): Name = "SnapEDA_Link"; Value = "https://www.snapeda.com/parts/CPF1206B10KE1/TE+Connectivity/view-part/?ref=snap"; VariantName = "[No Variations]"
Change component parameters (AddParameter): Name = "Tolerance"; Value = ".1%"; VariantName = "[No Variations]"
Change component parameters (AddParameter): Name = "Value"; Value = ""; VariantName = "[No Variations]"
Change component parameters (AddParameter): Name = "Voltage_Rating"; Value = "150 V"; VariantName = "[No Variations]"
Change component parameters: Designator = "" ("R104"); Footprint = "RESC3015X65N"; UniqueID = "\ZXVUGCCL" ("\ZXVUGCCL")
Change component parameters (AddParameter): Name = "Check_prices"; Value = "https://www.snapeda.com/parts/CPF1206B10KE1/TE+Connectivity/view-part/?ref=eda"; VariantName = "[No Variations]"
Change component parameters (AddParameter): Name = "EU_RoHS_Compliance"; Value = "Compliant"; VariantName = "[No Variations]"
Change component parameters (AddParameter): Name = "MF"; Value = "TE Connectivity"; VariantName = "[No Variations]"
Change component parameters (AddParameter): Name = "MP"; Value = "CPF1206B10KE1"; VariantName = "[No Variations]"
Change component parameters (AddParameter): Name = "Package"; Value = "1206"; VariantName = "[No Variations]"
Change component parameters (AddParameter): Name = "Power_Rating"; Value = ".125 W"; VariantName = "[No Variations]"
Change component parameters (AddParameter): Name = "Resistance"; Value = "10K"; VariantName = "[No Variations]"
Change component parameters (AddParameter): Name = "SnapEDA_Link"; Value = "https://www.snapeda.com/parts/CPF1206B10KE1/TE+Connectivity/view-part/?ref=snap"; VariantName = "[No Variations]"
Change component parameters (AddParameter): Name = "Tolerance"; Value = ".1%"; VariantName = "[No Variations]"
Change component parameters (AddParameter): Name = "Value"; Value = ""; VariantName = "[No Variations]"
Change component parameters (AddParameter): Name = "Voltage_Rating"; Value = "150 V"; VariantName = "[No Variations]"
Change component parameters: Designator = "" ("R101"); Footprint = "RESC3015X65N"; UniqueID = "\LBILRNMW" ("\LBILRNMW")
Change component parameters (AddParameter): Name = "Check_prices"; Value = "https://www.snapeda.com/parts/CPF1206B10KE1/TE+Connectivity/view-part/?ref=eda"; VariantName = "[No Variations]"
Change component parameters (AddParameter): Name = "EU_RoHS_Compliance"; Value = "Compliant"; VariantName = "[No Variations]"
Change component parameters (AddParameter): Name = "MF"; Value = "TE Connectivity"; VariantName = "[No Variations]"
Change component parameters (AddParameter): Name = "MP"; Value = "CPF1206B10KE1"; VariantName = "[No Variations]"
Change component parameters (AddParameter): Name = "Package"; Value = "1206"; VariantName = "[No Variations]"
Change component parameters (AddParameter): Name = "Power_Rating"; Value = ".125 W"; VariantName = "[No Variations]"
Change component parameters (AddParameter): Name = "Resistance"; Value = "10K"; VariantName = "[No Variations]"
Change component parameters (AddParameter): Name = "SnapEDA_Link"; Value = "https://www.snapeda.com/parts/CPF1206B10KE1/TE+Connectivity/view-part/?ref=snap"; VariantName = "[No Variations]"
Change component parameters (AddParameter): Name = "Tolerance"; Value = ".1%"; VariantName = "[No Variations]"
Change component parameters (AddParameter): Name = "Value"; Value = ""; VariantName = "[No Variations]"
Change component parameters (AddParameter): Name = "Voltage_Rating"; Value = "150 V"; VariantName = "[No Variations]"
Change component parameters: Designator = "" ("R102"); Footprint = "RESC3015X65N"; UniqueID = "\XPGHEEJN" ("\XPGHEEJN")
Change component parameters (AddParameter): Name = "Check_prices"; Value = "https://www.snapeda.com/parts/CPF1206B10KE1/TE+Connectivity/view-part/?ref=eda"; VariantName = "[No Variations]"
Change component parameters (AddParameter): Name = "EU_RoHS_Compliance"; Value = "Compliant"; VariantName = "[No Variations]"
Change component parameters (AddParameter): Name = "MF"; Value = "TE Connectivity"; VariantName = "[No Variations]"
Change component parameters (AddParameter): Name = "MP"; Value = "CPF1206B10KE1"; VariantName = "[No Variations]"
Change component parameters (AddParameter): Name = "Package"; Value = "1206"; VariantName = "[No Variations]"
Change component parameters (AddParameter): Name = "Power_Rating"; Value = ".125 W"; VariantName = "[No Variations]"
Change component parameters (AddParameter): Name = "Resistance"; Value = "10K"; VariantName = "[No Variations]"
Change component parameters (AddParameter): Name = "SnapEDA_Link"; Value = "https://www.snapeda.com/parts/CPF1206B10KE1/TE+Connectivity/view-part/?ref=snap"; VariantName = "[No Variations]"
Change component parameters (AddParameter): Name = "Tolerance"; Value = ".1%"; VariantName = "[No Variations]"
Change component parameters (AddParameter): Name = "Value"; Value = ""; VariantName = "[No Variations]"
Change component parameters (AddParameter): Name = "Voltage_Rating"; Value = "150 V"; VariantName = "[No Variations]"
Change component parameters: Designator = "" ("U7"); Footprint = "DIP_4SMD"; UniqueID = "\XMGCFMEL" ("\XMGCFMEL")
Change component parameters (AddParameter): Name = "MANF"; Value = ""; VariantName = "[No Variations]"
Change component parameters (AddParameter): Name = "MANF_P#"; Value = ""; VariantName = "[No Variations]"
Change component parameters (AddParameter): Name = "PACKAGE"; Value = "DIP-4SMD"; VariantName = "[No Variations]"
Change component parameters (AddParameter): Name = "PARAM"; Value = "IF=5mA"; VariantName = "[No Variations]"
Change component parameters (AddParameter): Name = "PARAM2"; Value = "VCE = 5V"; VariantName = "[No Variations]"
Change component parameters (AddParameter): Name = "PRICE"; Value = "300t@Paya"; VariantName = "[No Variations]"
Change component parameters (AddParameter): Name = "VALUE"; Value = "EL817"; VariantName = "[No Variations]"
Change component parameters: Designator = "" ("U8"); Footprint = "DIP_4SMD"; UniqueID = "\UBOHIHPX" ("\UBOHIHPX")
Change component parameters (AddParameter): Name = "MANF"; Value = ""; VariantName = "[No Variations]"
Change component parameters (AddParameter): Name = "MANF_P#"; Value = ""; VariantName = "[No Variations]"
Change component parameters (AddParameter): Name = "PACKAGE"; Value = "DIP-4SMD"; VariantName = "[No Variations]"
Change component parameters (AddParameter): Name = "PARAM"; Value = "IF=5mA"; VariantName = "[No Variations]"
Change component parameters (AddParameter): Name = "PARAM2"; Value = "VCE = 5V"; VariantName = "[No Variations]"
Change component parameters (AddParameter): Name = "PRICE"; Value = "300t@Paya"; VariantName = "[No Variations]"
Change component parameters (AddParameter): Name = "VALUE"; Value = "EL817"; VariantName = "[No Variations]"
Change component parameters: Designator = "" ("U5"); Footprint = "DIP_4SMD"; UniqueID = "\SCABUJRX" ("\SCABUJRX")
Change component parameters (AddParameter): Name = "MANF"; Value = ""; VariantName = "[No Variations]"
Change component parameters (AddParameter): Name = "MANF_P#"; Value = ""; VariantName = "[No Variations]"
Change component parameters (AddParameter): Name = "PACKAGE"; Value = "DIP-4SMD"; VariantName = "[No Variations]"
Change component parameters (AddParameter): Name = "PARAM"; Value = "IF=5mA"; VariantName = "[No Variations]"
Change component parameters (AddParameter): Name = "PARAM2"; Value = "VCE = 5V"; VariantName = "[No Variations]"
Change component parameters (AddParameter): Name = "PRICE"; Value = "300t@Paya"; VariantName = "[No Variations]"
Change component parameters (AddParameter): Name = "VALUE"; Value = "EL817"; VariantName = "[No Variations]"
Change component parameters: Designator = "" ("U6"); Footprint = "DIP_4SMD"; UniqueID = "\SNUUTFHU" ("\SNUUTFHU")
Change component parameters (AddParameter): Name = "MANF"; Value = ""; VariantName = "[No Variations]"
Change component parameters (AddParameter): Name = "MANF_P#"; Value = ""; VariantName = "[No Variations]"
Change component parameters (AddParameter): Name = "PACKAGE"; Value = "DIP-4SMD"; VariantName = "[No Variations]"
Change component parameters (AddParameter): Name = "PARAM"; Value = "IF=5mA"; VariantName = "[No Variations]"
Change component parameters (AddParameter): Name = "PARAM2"; Value = "VCE = 5V"; VariantName = "[No Variations]"
Change component parameters (AddParameter): Name = "PRICE"; Value = "300t@Paya"; VariantName = "[No Variations]"
Change component parameters (AddParameter): Name = "VALUE"; Value = "EL817"; VariantName = "[No Variations]"
Change component parameters: Designator = "" ("U11"); Footprint = "DIP_4SMD"; UniqueID = "\ZHENOZJR" ("\ZHENOZJR")
Change component parameters (AddParameter): Name = "MANF"; Value = ""; VariantName = "[No Variations]"
Change component parameters (AddParameter): Name = "MANF_P#"; Value = ""; VariantName = "[No Variations]"
Change component parameters (AddParameter): Name = "PACKAGE"; Value = "DIP-4SMD"; VariantName = "[No Variations]"
Change component parameters (AddParameter): Name = "PARAM"; Value = "IF=5mA"; VariantName = "[No Variations]"
Change component parameters (AddParameter): Name = "PARAM2"; Value = "VCE = 5V"; VariantName = "[No Variations]"
Change component parameters (AddParameter): Name = "PRICE"; Value = "300t@Paya"; VariantName = "[No Variations]"
Change component parameters (AddParameter): Name = "VALUE"; Value = "EL817"; VariantName = "[No Variations]"
Change component parameters: Designator = "" ("Y1"); Footprint = "XTAL_ABLS2-12.000MHZ-D4Y-T"; UniqueID = "\ZUGTQSIV" ("\ZUGTQSIV")
Change component parameters (AddParameter): Name = "Availability"; Value = "In Stock"; VariantName = "[No Variations]"
Change component parameters (AddParameter): Name = "Check_prices"; Value = "https://www.snapeda.com/parts/ABLS2-12.000MHZ-D4Y-T/Abracon+LLC/view-part/?ref=eda"; VariantName = "[No Variations]"
Change component parameters (AddParameter): Name = "MF"; Value = "Abracon"; VariantName = "[No Variations]"
Change component parameters (AddParameter): Name = "MP"; Value = "ABLS2-12.000MHZ-D4Y-T"; VariantName = "[No Variations]"
Change component parameters (AddParameter): Name = "Package"; Value = "HC49/US Abracon"; VariantName = "[No Variations]"
Change component parameters (AddParameter): Name = "Price"; Value = "None"; VariantName = "[No Variations]"
Change component parameters (AddParameter): Name = "Purchase-URL"; Value = "https://pricing.snapeda.com/search/part/ABLS2-12.000MHZ-D4Y-T/?ref=eda"; VariantName = "[No Variations]"
Change component parameters (AddParameter): Name = "SnapEDA_Link"; Value = "https://www.snapeda.com/parts/ABLS2-12.000MHZ-D4Y-T/Abracon+LLC/view-part/?ref=snap"; VariantName = "[No Variations]"
Change component parameters (AddParameter): Name = "Value"; Value = ""; VariantName = "[No Variations]"
Change component parameters: Designator = "" ("U9"); Footprint = "DIP_4SMD"; UniqueID = "\UWNJTOMS" ("\UWNJTOMS")
Change component parameters (AddParameter): Name = "MANF"; Value = ""; VariantName = "[No Variations]"
Change component parameters (AddParameter): Name = "MANF_P#"; Value = ""; VariantName = "[No Variations]"
Change component parameters (AddParameter): Name = "PACKAGE"; Value = "DIP-4SMD"; VariantName = "[No Variations]"
Change component parameters (AddParameter): Name = "PARAM"; Value = "IF=5mA"; VariantName = "[No Variations]"
Change component parameters (AddParameter): Name = "PARAM2"; Value = "VCE = 5V"; VariantName = "[No Variations]"
Change component parameters (AddParameter): Name = "PRICE"; Value = "300t@Paya"; VariantName = "[No Variations]"
Change component parameters (AddParameter): Name = "VALUE"; Value = "EL817"; VariantName = "[No Variations]"
Change component parameters: Designator = "" ("U10"); Footprint = "DIP_4SMD"; UniqueID = "\EUKPOVTK" ("\EUKPOVTK")
Change component parameters (AddParameter): Name = "MANF"; Value = ""; VariantName = "[No Variations]"
Change component parameters (AddParameter): Name = "MANF_P#"; Value = ""; VariantName = "[No Variations]"
Change component parameters (AddParameter): Name = "PACKAGE"; Value = "DIP-4SMD"; VariantName = "[No Variations]"
Change component parameters (AddParameter): Name = "PARAM"; Value = "IF=5mA"; VariantName = "[No Variations]"
Change component parameters (AddParameter): Name = "PARAM2"; Value = "VCE = 5V"; VariantName = "[No Variations]"
Change component parameters (AddParameter): Name = "PRICE"; Value = "300t@Paya"; VariantName = "[No Variations]"
Change component parameters (AddParameter): Name = "VALUE"; Value = "EL817"; VariantName = "[No Variations]"
Change component parameters: Designator = "" ("R115"); Footprint = "RESC3015X65N"; UniqueID = "\MMETTUIE" ("\MMETTUIE")
Change component parameters (AddParameter): Name = "Check_prices"; Value = "https://www.snapeda.com/parts/CPF1206B10KE1/TE+Connectivity/view-part/?ref=eda"; VariantName = "[No Variations]"
Change component parameters (AddParameter): Name = "EU_RoHS_Compliance"; Value = "Compliant"; VariantName = "[No Variations]"
Change component parameters (AddParameter): Name = "MF"; Value = "TE Connectivity"; VariantName = "[No Variations]"
Change component parameters (AddParameter): Name = "MP"; Value = "CPF1206B10KE1"; VariantName = "[No Variations]"
Change component parameters (AddParameter): Name = "Package"; Value = "1206"; VariantName = "[No Variations]"
Change component parameters (AddParameter): Name = "Power_Rating"; Value = ".125 W"; VariantName = "[No Variations]"
Change component parameters (AddParameter): Name = "Resistance"; Value = "10K"; VariantName = "[No Variations]"
Change component parameters (AddParameter): Name = "SnapEDA_Link"; Value = "https://www.snapeda.com/parts/CPF1206B10KE1/TE+Connectivity/view-part/?ref=snap"; VariantName = "[No Variations]"
Change component parameters (AddParameter): Name = "Tolerance"; Value = ".1%"; VariantName = "[No Variations]"
Change component parameters (AddParameter): Name = "Value"; Value = ""; VariantName = "[No Variations]"
Change component parameters (AddParameter): Name = "Voltage_Rating"; Value = "150 V"; VariantName = "[No Variations]"
Change component parameters: Designator = "" ("R116"); Footprint = "RESC3015X65N"; UniqueID = "\ZBFHTKRE" ("\ZBFHTKRE")
Change component parameters (AddParameter): Name = "Check_prices"; Value = "https://www.snapeda.com/parts/CPF1206B10KE1/TE+Connectivity/view-part/?ref=eda"; VariantName = "[No Variations]"
Change component parameters (AddParameter): Name = "EU_RoHS_Compliance"; Value = "Compliant"; VariantName = "[No Variations]"
Change component parameters (AddParameter): Name = "MF"; Value = "TE Connectivity"; VariantName = "[No Variations]"
Change component parameters (AddParameter): Name = "MP"; Value = "CPF1206B10KE1"; VariantName = "[No Variations]"
Change component parameters (AddParameter): Name = "Package"; Value = "1206"; VariantName = "[No Variations]"
Change component parameters (AddParameter): Name = "Power_Rating"; Value = ".125 W"; VariantName = "[No Variations]"
Change component parameters (AddParameter): Name = "Resistance"; Value = "10K"; VariantName = "[No Variations]"
Change component parameters (AddParameter): Name = "SnapEDA_Link"; Value = "https://www.snapeda.com/parts/CPF1206B10KE1/TE+Connectivity/view-part/?ref=snap"; VariantName = "[No Variations]"
Change component parameters (AddParameter): Name = "Tolerance"; Value = ".1%"; VariantName = "[No Variations]"
Change component parameters (AddParameter): Name = "Value"; Value = ""; VariantName = "[No Variations]"
Change component parameters (AddParameter): Name = "Voltage_Rating"; Value = "150 V"; VariantName = "[No Variations]"
Change component parameters: Designator = "" ("R113"); Footprint = "RESC3015X65N"; UniqueID = "\QIWWMLMG" ("\QIWWMLMG")
Change component parameters (AddParameter): Name = "Check_prices"; Value = "https://www.snapeda.com/parts/CPF1206B10KE1/TE+Connectivity/view-part/?ref=eda"; VariantName = "[No Variations]"
Change component parameters (AddParameter): Name = "EU_RoHS_Compliance"; Value = "Compliant"; VariantName = "[No Variations]"
Change component parameters (AddParameter): Name = "MF"; Value = "TE Connectivity"; VariantName = "[No Variations]"
Change component parameters (AddParameter): Name = "MP"; Value = "CPF1206B10KE1"; VariantName = "[No Variations]"
Change component parameters (AddParameter): Name = "Package"; Value = "1206"; VariantName = "[No Variations]"
Change component parameters (AddParameter): Name = "Power_Rating"; Value = ".125 W"; VariantName = "[No Variations]"
Change component parameters (AddParameter): Name = "Resistance"; Value = "10K"; VariantName = "[No Variations]"
Change component parameters (AddParameter): Name = "SnapEDA_Link"; Value = "https://www.snapeda.com/parts/CPF1206B10KE1/TE+Connectivity/view-part/?ref=snap"; VariantName = "[No Variations]"
Change component parameters (AddParameter): Name = "Tolerance"; Value = ".1%"; VariantName = "[No Variations]"
Change component parameters (AddParameter): Name = "Value"; Value = ""; VariantName = "[No Variations]"
Change component parameters (AddParameter): Name = "Voltage_Rating"; Value = "150 V"; VariantName = "[No Variations]"
Change component parameters: Designator = "" ("R114"); Footprint = "RESC3015X65N"; UniqueID = "\RMWDLBOZ" ("\RMWDLBOZ")
Change component parameters (AddParameter): Name = "Check_prices"; Value = "https://www.snapeda.com/parts/CPF1206B10KE1/TE+Connectivity/view-part/?ref=eda"; VariantName = "[No Variations]"
Change component parameters (AddParameter): Name = "EU_RoHS_Compliance"; Value = "Compliant"; VariantName = "[No Variations]"
Change component parameters (AddParameter): Name = "MF"; Value = "TE Connectivity"; VariantName = "[No Variations]"
Change component parameters (AddParameter): Name = "MP"; Value = "CPF1206B10KE1"; VariantName = "[No Variations]"
Change component parameters (AddParameter): Name = "Package"; Value = "1206"; VariantName = "[No Variations]"
Change component parameters (AddParameter): Name = "Power_Rating"; Value = ".125 W"; VariantName = "[No Variations]"
Change component parameters (AddParameter): Name = "Resistance"; Value = "10K"; VariantName = "[No Variations]"
Change component parameters (AddParameter): Name = "SnapEDA_Link"; Value = "https://www.snapeda.com/parts/CPF1206B10KE1/TE+Connectivity/view-part/?ref=snap"; VariantName = "[No Variations]"
Change component parameters (AddParameter): Name = "Tolerance"; Value = ".1%"; VariantName = "[No Variations]"
Change component parameters (AddParameter): Name = "Value"; Value = ""; VariantName = "[No Variations]"
Change component parameters (AddParameter): Name = "Voltage_Rating"; Value = "150 V"; VariantName = "[No Variations]"
Change component parameters: Designator = "" ("U3"); Footprint = "QFP50P1200X1200X160-64N"; UniqueID = "\NSPRTFWL" ("\NSPRTFWL")
Change component parameters (AddParameter): Name = "Check_prices"; Value = "https://www.snapeda.com/parts/STM32G070RBT6/STMicroelectronics/view-part/?ref=eda"; VariantName = "[No Variations]"
Change component parameters (AddParameter): Name = "MF"; Value = "STMicroelectronics"; VariantName = "[No Variations]"
Change component parameters (AddParameter): Name = "MP"; Value = "STM32G070RBT6"; VariantName = "[No Variations]"
Change component parameters (AddParameter): Name = "Package"; Value = "LQFP-64 STMicroelectronics"; VariantName = "[No Variations]"
Change component parameters (AddParameter): Name = "SnapEDA_Link"; Value = "https://www.snapeda.com/parts/STM32G070RBT6/STMicroelectronics/view-part/?ref=snap"; VariantName = "[No Variations]"
Change component parameters (AddParameter): Name = "Value"; Value = ""; VariantName = "[No Variations]"
Change component parameters: Designator = "" ("U4"); Footprint = "DIP_4SMD"; UniqueID = "\NYJHWNWD" ("\NYJHWNWD")
Change component parameters (AddParameter): Name = "MANF"; Value = ""; VariantName = "[No Variations]"
Change component parameters (AddParameter): Name = "MANF_P#"; Value = ""; VariantName = "[No Variations]"
Change component parameters (AddParameter): Name = "PACKAGE"; Value = "DIP-4SMD"; VariantName = "[No Variations]"
Change component parameters (AddParameter): Name = "PARAM"; Value = "IF=5mA"; VariantName = "[No Variations]"
Change component parameters (AddParameter): Name = "PARAM2"; Value = "VCE = 5V"; VariantName = "[No Variations]"
Change component parameters (AddParameter): Name = "PRICE"; Value = "300t@Paya"; VariantName = "[No Variations]"
Change component parameters (AddParameter): Name = "VALUE"; Value = "EL817"; VariantName = "[No Variations]"
Change component parameters: Designator = "" ("SW1"); Footprint = "SWROT_11MM"; UniqueID = "\EZFYCHIU" ("\EZFYCHIU")
Change component parameters (AddParameter): Name = "ASSEMBLY"; Value = "ASSEMBLY"; VariantName = "[No Variations]"
Change component parameters (AddParameter): Name = "DESC"; Value = "DESCRIPTION"; VariantName = "[No Variations]"
Change component parameters (AddParameter): Name = "MANF"; Value = "Alpha"; VariantName = "[No Variations]"
Change component parameters (AddParameter): Name = "MANF_PART#"; Value = "RE111F-41B3N-15F-20P"; VariantName = "[No Variations]"
Change component parameters (AddParameter): Name = "PARAM"; Value = "PARAM"; VariantName = "[No Variations]"
Change component parameters (AddParameter): Name = "PRICE"; Value = "-"; VariantName = "[No Variations]"
Change component parameters (AddParameter): Name = "VALUE"; Value = "RotaryEncoderSwitch"; VariantName = "[No Variations]"
Change component parameters: Designator = "" ("U1"); Footprint = "DPAK_3"; UniqueID = "\URQJXWSU" ("\URQJXWSU")
Change component parameters (AddParameter): Name = "ASSEMBLY"; Value = ""; VariantName = "[No Variations]"
Change component parameters (AddParameter): Name = "DESC"; Value = ""; VariantName = "[No Variations]"
Change component parameters (AddParameter): Name = "MANF"; Value = "ST"; VariantName = "[No Variations]"
Change component parameters (AddParameter): Name = "MANF_P#"; Value = "LF33CDT"; VariantName = "[No Variations]"
Change component parameters (AddParameter): Name = "PARAM"; Value = "LDO0.45V, 0.5A,  82dB@120Hz"; VariantName = "[No Variations]"
Change component parameters (AddParameter): Name = "PARAM2"; Value = "1.5/1.8/2.5/3.3/5V"; VariantName = "[No Variations]"
Change component parameters (AddParameter): Name = "PRICE"; Value = "1500t"; VariantName = "[No Variations]"
Change component parameters (AddParameter): Name = "VALUE"; Value = "LF50"; VariantName = "[No Variations]"
Change component parameters: Designator = "" ("R96"); Footprint = "RESC6331X70N"; UniqueID = "\RWKPGLXM" ("\RWKPGLXM")
Change component parameters (AddParameter): Name = "Check_prices"; Value = "https://www.snapeda.com/parts/5-2176246-2/TE+Connectivity+AMP+Connectors/view-part/?ref=eda"; VariantName = "[No Variations]"
Change component parameters (AddParameter): Name = "MF"; Value = "TE Connectivity"; VariantName = "[No Variations]"
Change component parameters (AddParameter): Name = "MP"; Value = "5-2176246-2"; VariantName = "[No Variations]"
Change component parameters (AddParameter): Name = "Package"; Value = "None"; VariantName = "[No Variations]"
Change component parameters (AddParameter): Name = "SnapEDA_Link"; Value = "https://www.snapeda.com/parts/5-2176246-2/TE+Connectivity+AMP+Connectors/view-part/?ref=snap"; VariantName = "[No Variations]"
Change component parameters (AddParameter): Name = "Value"; Value = ""; VariantName = "[No Variations]"
Change component parameters: Designator = "" ("R74"); Footprint = "RESC6331X70N"; UniqueID = "\AYZSYASI" ("\AYZSYASI")
Change component parameters (AddParameter): Name = "Check_prices"; Value = "https://www.snapeda.com/parts/5-2176246-2/TE+Connectivity+AMP+Connectors/view-part/?ref=eda"; VariantName = "[No Variations]"
Change component parameters (AddParameter): Name = "MF"; Value = "TE Connectivity"; VariantName = "[No Variations]"
Change component parameters (AddParameter): Name = "MP"; Value = "5-2176246-2"; VariantName = "[No Variations]"
Change component parameters (AddParameter): Name = "Package"; Value = "None"; VariantName = "[No Variations]"
Change component parameters (AddParameter): Name = "SnapEDA_Link"; Value = "https://www.snapeda.com/parts/5-2176246-2/TE+Connectivity+AMP+Connectors/view-part/?ref=snap"; VariantName = "[No Variations]"
Change component parameters (AddParameter): Name = "Value"; Value = ""; VariantName = "[No Variations]"
Change component parameters: Designator = "" ("R75"); Footprint = "RESC6331X70N"; UniqueID = "\LWAEZJVY" ("\LWAEZJVY")
Change component parameters (AddParameter): Name = "Check_prices"; Value = "https://www.snapeda.com/parts/5-2176246-2/TE+Connectivity+AMP+Connectors/view-part/?ref=eda"; VariantName = "[No Variations]"
Change component parameters (AddParameter): Name = "MF"; Value = "TE Connectivity"; VariantName = "[No Variations]"
Change component parameters (AddParameter): Name = "MP"; Value = "5-2176246-2"; VariantName = "[No Variations]"
Change component parameters (AddParameter): Name = "Package"; Value = "None"; VariantName = "[No Variations]"
Change component parameters (AddParameter): Name = "SnapEDA_Link"; Value = "https://www.snapeda.com/parts/5-2176246-2/TE+Connectivity+AMP+Connectors/view-part/?ref=snap"; VariantName = "[No Variations]"
Change component parameters (AddParameter): Name = "Value"; Value = ""; VariantName = "[No Variations]"
Change component parameters: Designator = "" ("R72"); Footprint = "RESC6331X70N"; UniqueID = "\SIZDTRQE" ("\SIZDTRQE")
Change component parameters (AddParameter): Name = "Check_prices"; Value = "https://www.snapeda.com/parts/5-2176246-2/TE+Connectivity+AMP+Connectors/view-part/?ref=eda"; VariantName = "[No Variations]"
Change component parameters (AddParameter): Name = "MF"; Value = "TE Connectivity"; VariantName = "[No Variations]"
Change component parameters (AddParameter): Name = "MP"; Value = "5-2176246-2"; VariantName = "[No Variations]"
Change component parameters (AddParameter): Name = "Package"; Value = "None"; VariantName = "[No Variations]"
Change component parameters (AddParameter): Name = "SnapEDA_Link"; Value = "https://www.snapeda.com/parts/5-2176246-2/TE+Connectivity+AMP+Connectors/view-part/?ref=snap"; VariantName = "[No Variations]"
Change component parameters (AddParameter): Name = "Value"; Value = ""; VariantName = "[No Variations]"
Change component parameters: Designator = "" ("R73"); Footprint = "RESC6331X70N"; UniqueID = "\MHAKOEZW" ("\MHAKOEZW")
Change component parameters (AddParameter): Name = "Check_prices"; Value = "https://www.snapeda.com/parts/5-2176246-2/TE+Connectivity+AMP+Connectors/view-part/?ref=eda"; VariantName = "[No Variations]"
Change component parameters (AddParameter): Name = "MF"; Value = "TE Connectivity"; VariantName = "[No Variations]"
Change component parameters (AddParameter): Name = "MP"; Value = "5-2176246-2"; VariantName = "[No Variations]"
Change component parameters (AddParameter): Name = "Package"; Value = "None"; VariantName = "[No Variations]"
Change component parameters (AddParameter): Name = "SnapEDA_Link"; Value = "https://www.snapeda.com/parts/5-2176246-2/TE+Connectivity+AMP+Connectors/view-part/?ref=snap"; VariantName = "[No Variations]"
Change component parameters (AddParameter): Name = "Value"; Value = ""; VariantName = "[No Variations]"
Change component parameters: Designator = "" ("R78"); Footprint = "RESC3015X65N"; UniqueID = "\DMOFIBDK" ("\DMOFIBDK")
Change component parameters (AddParameter): Name = "Check_prices"; Value = "https://www.snapeda.com/parts/CPF1206B10KE1/TE+Connectivity/view-part/?ref=eda"; VariantName = "[No Variations]"
Change component parameters (AddParameter): Name = "EU_RoHS_Compliance"; Value = "Compliant"; VariantName = "[No Variations]"
Change component parameters (AddParameter): Name = "MF"; Value = "TE Connectivity"; VariantName = "[No Variations]"
Change component parameters (AddParameter): Name = "MP"; Value = "CPF1206B10KE1"; VariantName = "[No Variations]"
Change component parameters (AddParameter): Name = "Package"; Value = "1206"; VariantName = "[No Variations]"
Change component parameters (AddParameter): Name = "Power_Rating"; Value = ".125 W"; VariantName = "[No Variations]"
Change component parameters (AddParameter): Name = "Resistance"; Value = "10K"; VariantName = "[No Variations]"
Change component parameters (AddParameter): Name = "SnapEDA_Link"; Value = "https://www.snapeda.com/parts/CPF1206B10KE1/TE+Connectivity/view-part/?ref=snap"; VariantName = "[No Variations]"
Change component parameters (AddParameter): Name = "Tolerance"; Value = ".1%"; VariantName = "[No Variations]"
Change component parameters (AddParameter): Name = "Value"; Value = ""; VariantName = "[No Variations]"
Change component parameters (AddParameter): Name = "Voltage_Rating"; Value = "150 V"; VariantName = "[No Variations]"
Change component parameters: Designator = "" ("R79"); Footprint = "RESC3015X65N"; UniqueID = "\QOGXSWKZ" ("\QOGXSWKZ")
Change component parameters (AddParameter): Name = "Check_prices"; Value = "https://www.snapeda.com/parts/CPF1206B10KE1/TE+Connectivity/view-part/?ref=eda"; VariantName = "[No Variations]"
Change component parameters (AddParameter): Name = "EU_RoHS_Compliance"; Value = "Compliant"; VariantName = "[No Variations]"
Change component parameters (AddParameter): Name = "MF"; Value = "TE Connectivity"; VariantName = "[No Variations]"
Change component parameters (AddParameter): Name = "MP"; Value = "CPF1206B10KE1"; VariantName = "[No Variations]"
Change component parameters (AddParameter): Name = "Package"; Value = "1206"; VariantName = "[No Variations]"
Change component parameters (AddParameter): Name = "Power_Rating"; Value = ".125 W"; VariantName = "[No Variations]"
Change component parameters (AddParameter): Name = "Resistance"; Value = "10K"; VariantName = "[No Variations]"
Change component parameters (AddParameter): Name = "SnapEDA_Link"; Value = "https://www.snapeda.com/parts/CPF1206B10KE1/TE+Connectivity/view-part/?ref=snap"; VariantName = "[No Variations]"
Change component parameters (AddParameter): Name = "Tolerance"; Value = ".1%"; VariantName = "[No Variations]"
Change component parameters (AddParameter): Name = "Value"; Value = ""; VariantName = "[No Variations]"
Change component parameters (AddParameter): Name = "Voltage_Rating"; Value = "150 V"; VariantName = "[No Variations]"
Change component parameters: Designator = "" ("R76"); Footprint = "RESC6331X70N"; UniqueID = "\AYJPWECA" ("\AYJPWECA")
Change component parameters (AddParameter): Name = "Check_prices"; Value = "https://www.snapeda.com/parts/5-2176246-2/TE+Connectivity+AMP+Connectors/view-part/?ref=eda"; VariantName = "[No Variations]"
Change component parameters (AddParameter): Name = "MF"; Value = "TE Connectivity"; VariantName = "[No Variations]"
Change component parameters (AddParameter): Name = "MP"; Value = "5-2176246-2"; VariantName = "[No Variations]"
Change component parameters (AddParameter): Name = "Package"; Value = "None"; VariantName = "[No Variations]"
Change component parameters (AddParameter): Name = "SnapEDA_Link"; Value = "https://www.snapeda.com/parts/5-2176246-2/TE+Connectivity+AMP+Connectors/view-part/?ref=snap"; VariantName = "[No Variations]"
Change component parameters (AddParameter): Name = "Value"; Value = ""; VariantName = "[No Variations]"
Change component parameters: Designator = "" ("R77"); Footprint = "RESC3015X65N"; UniqueID = "\OWZTNIWD" ("\OWZTNIWD")
Change component parameters (AddParameter): Name = "Check_prices"; Value = "https://www.snapeda.com/parts/CPF1206B10KE1/TE+Connectivity/view-part/?ref=eda"; VariantName = "[No Variations]"
Change component parameters (AddParameter): Name = "EU_RoHS_Compliance"; Value = "Compliant"; VariantName = "[No Variations]"
Change component parameters (AddParameter): Name = "MF"; Value = "TE Connectivity"; VariantName = "[No Variations]"
Change component parameters (AddParameter): Name = "MP"; Value = "CPF1206B10KE1"; VariantName = "[No Variations]"
Change component parameters (AddParameter): Name = "Package"; Value = "1206"; VariantName = "[No Variations]"
Change component parameters (AddParameter): Name = "Power_Rating"; Value = ".125 W"; VariantName = "[No Variations]"
Change component parameters (AddParameter): Name = "Resistance"; Value = "10K"; VariantName = "[No Variations]"
Change component parameters (AddParameter): Name = "SnapEDA_Link"; Value = "https://www.snapeda.com/parts/CPF1206B10KE1/TE+Connectivity/view-part/?ref=snap"; VariantName = "[No Variations]"
Change component parameters (AddParameter): Name = "Tolerance"; Value = ".1%"; VariantName = "[No Variations]"
Change component parameters (AddParameter): Name = "Value"; Value = ""; VariantName = "[No Variations]"
Change component parameters (AddParameter): Name = "Voltage_Rating"; Value = "150 V"; VariantName = "[No Variations]"
Change component parameters: Designator = "" ("R66"); Footprint = "RESC3015X65N"; UniqueID = "\OFEVECVX" ("\OFEVECVX")
Change component parameters (AddParameter): Name = "Check_prices"; Value = "https://www.snapeda.com/parts/CPF1206B10KE1/TE+Connectivity/view-part/?ref=eda"; VariantName = "[No Variations]"
Change component parameters (AddParameter): Name = "EU_RoHS_Compliance"; Value = "Compliant"; VariantName = "[No Variations]"
Change component parameters (AddParameter): Name = "MF"; Value = "TE Connectivity"; VariantName = "[No Variations]"
Change component parameters (AddParameter): Name = "MP"; Value = "CPF1206B10KE1"; VariantName = "[No Variations]"
Change component parameters (AddParameter): Name = "Package"; Value = "1206"; VariantName = "[No Variations]"
Change component parameters (AddParameter): Name = "Power_Rating"; Value = ".125 W"; VariantName = "[No Variations]"
Change component parameters (AddParameter): Name = "Resistance"; Value = "10K"; VariantName = "[No Variations]"
Change component parameters (AddParameter): Name = "SnapEDA_Link"; Value = "https://www.snapeda.com/parts/CPF1206B10KE1/TE+Connectivity/view-part/?ref=snap"; VariantName = "[No Variations]"
Change component parameters (AddParameter): Name = "Tolerance"; Value = ".1%"; VariantName = "[No Variations]"
Change component parameters (AddParameter): Name = "Value"; Value = ""; VariantName = "[No Variations]"
Change component parameters (AddParameter): Name = "Voltage_Rating"; Value = "150 V"; VariantName = "[No Variations]"
Change component parameters: Designator = "" ("R67"); Footprint = "RESC3015X65N"; UniqueID = "\EIUWXNUJ" ("\EIUWXNUJ")
Change component parameters (AddParameter): Name = "Check_prices"; Value = "https://www.snapeda.com/parts/CPF1206B10KE1/TE+Connectivity/view-part/?ref=eda"; VariantName = "[No Variations]"
Change component parameters (AddParameter): Name = "EU_RoHS_Compliance"; Value = "Compliant"; VariantName = "[No Variations]"
Change component parameters (AddParameter): Name = "MF"; Value = "TE Connectivity"; VariantName = "[No Variations]"
Change component parameters (AddParameter): Name = "MP"; Value = "CPF1206B10KE1"; VariantName = "[No Variations]"
Change component parameters (AddParameter): Name = "Package"; Value = "1206"; VariantName = "[No Variations]"
Change component parameters (AddParameter): Name = "Power_Rating"; Value = ".125 W"; VariantName = "[No Variations]"
Change component parameters (AddParameter): Name = "Resistance"; Value = "10K"; VariantName = "[No Variations]"
Change component parameters (AddParameter): Name = "SnapEDA_Link"; Value = "https://www.snapeda.com/parts/CPF1206B10KE1/TE+Connectivity/view-part/?ref=snap"; VariantName = "[No Variations]"
Change component parameters (AddParameter): Name = "Tolerance"; Value = ".1%"; VariantName = "[No Variations]"
Change component parameters (AddParameter): Name = "Value"; Value = ""; VariantName = "[No Variations]"
Change component parameters (AddParameter): Name = "Voltage_Rating"; Value = "150 V"; VariantName = "[No Variations]"
Change component parameters: Designator = "" ("R64"); Footprint = "RESC6331X70N"; UniqueID = "\QEHWTFEA" ("\QEHWTFEA")
Change component parameters (AddParameter): Name = "Check_prices"; Value = "https://www.snapeda.com/parts/5-2176246-2/TE+Connectivity+AMP+Connectors/view-part/?ref=eda"; VariantName = "[No Variations]"
Change component parameters (AddParameter): Name = "MF"; Value = "TE Connectivity"; VariantName = "[No Variations]"
Change component parameters (AddParameter): Name = "MP"; Value = "5-2176246-2"; VariantName = "[No Variations]"
Change component parameters (AddParameter): Name = "Package"; Value = "None"; VariantName = "[No Variations]"
Change component parameters (AddParameter): Name = "SnapEDA_Link"; Value = "https://www.snapeda.com/parts/5-2176246-2/TE+Connectivity+AMP+Connectors/view-part/?ref=snap"; VariantName = "[No Variations]"
Change component parameters (AddParameter): Name = "Value"; Value = ""; VariantName = "[No Variations]"
Change component parameters: Designator = "" ("R65"); Footprint = "RESC3015X65N"; UniqueID = "\JWJEZUNR" ("\JWJEZUNR")
Change component parameters (AddParameter): Name = "Check_prices"; Value = "https://www.snapeda.com/parts/CPF1206B10KE1/TE+Connectivity/view-part/?ref=eda"; VariantName = "[No Variations]"
Change component parameters (AddParameter): Name = "EU_RoHS_Compliance"; Value = "Compliant"; VariantName = "[No Variations]"
Change component parameters (AddParameter): Name = "MF"; Value = "TE Connectivity"; VariantName = "[No Variations]"
Change component parameters (AddParameter): Name = "MP"; Value = "CPF1206B10KE1"; VariantName = "[No Variations]"
Change component parameters (AddParameter): Name = "Package"; Value = "1206"; VariantName = "[No Variations]"
Change component parameters (AddParameter): Name = "Power_Rating"; Value = ".125 W"; VariantName = "[No Variations]"
Change component parameters (AddParameter): Name = "Resistance"; Value = "10K"; VariantName = "[No Variations]"
Change component parameters (AddParameter): Name = "SnapEDA_Link"; Value = "https://www.snapeda.com/parts/CPF1206B10KE1/TE+Connectivity/view-part/?ref=snap"; VariantName = "[No Variations]"
Change component parameters (AddParameter): Name = "Tolerance"; Value = ".1%"; VariantName = "[No Variations]"
Change component parameters (AddParameter): Name = "Value"; Value = ""; VariantName = "[No Variations]"
Change component parameters (AddParameter): Name = "Voltage_Rating"; Value = "150 V"; VariantName = "[No Variations]"
Change component parameters: Designator = "" ("R70"); Footprint = "RESC6331X70N"; UniqueID = "\OSEKOUSN" ("\OSEKOUSN")
Change component parameters (AddParameter): Name = "Check_prices"; Value = "https://www.snapeda.com/parts/5-2176246-2/TE+Connectivity+AMP+Connectors/view-part/?ref=eda"; VariantName = "[No Variations]"
Change component parameters (AddParameter): Name = "MF"; Value = "TE Connectivity"; VariantName = "[No Variations]"
Change component parameters (AddParameter): Name = "MP"; Value = "5-2176246-2"; VariantName = "[No Variations]"
Change component parameters (AddParameter): Name = "Package"; Value = "None"; VariantName = "[No Variations]"
Change component parameters (AddParameter): Name = "SnapEDA_Link"; Value = "https://www.snapeda.com/parts/5-2176246-2/TE+Connectivity+AMP+Connectors/view-part/?ref=snap"; VariantName = "[No Variations]"
Change component parameters (AddParameter): Name = "Value"; Value = ""; VariantName = "[No Variations]"
Change component parameters: Designator = "" ("R71"); Footprint = "RESC6331X70N"; UniqueID = "\YULYSQCN" ("\YULYSQCN")
Change component parameters (AddParameter): Name = "Check_prices"; Value = "https://www.snapeda.com/parts/5-2176246-2/TE+Connectivity+AMP+Connectors/view-part/?ref=eda"; VariantName = "[No Variations]"
Change component parameters (AddParameter): Name = "MF"; Value = "TE Connectivity"; VariantName = "[No Variations]"
Change component parameters (AddParameter): Name = "MP"; Value = "5-2176246-2"; VariantName = "[No Variations]"
Change component parameters (AddParameter): Name = "Package"; Value = "None"; VariantName = "[No Variations]"
Change component parameters (AddParameter): Name = "SnapEDA_Link"; Value = "https://www.snapeda.com/parts/5-2176246-2/TE+Connectivity+AMP+Connectors/view-part/?ref=snap"; VariantName = "[No Variations]"
Change component parameters (AddParameter): Name = "Value"; Value = ""; VariantName = "[No Variations]"
Change component parameters: Designator = "" ("R68"); Footprint = "RESC3015X65N"; UniqueID = "\XLFPYISZ" ("\XLFPYISZ")
Change component parameters (AddParameter): Name = "Check_prices"; Value = "https://www.snapeda.com/parts/CPF1206B10KE1/TE+Connectivity/view-part/?ref=eda"; VariantName = "[No Variations]"
Change component parameters (AddParameter): Name = "EU_RoHS_Compliance"; Value = "Compliant"; VariantName = "[No Variations]"
Change component parameters (AddParameter): Name = "MF"; Value = "TE Connectivity"; VariantName = "[No Variations]"
Change component parameters (AddParameter): Name = "MP"; Value = "CPF1206B10KE1"; VariantName = "[No Variations]"
Change component parameters (AddParameter): Name = "Package"; Value = "1206"; VariantName = "[No Variations]"
Change component parameters (AddParameter): Name = "Power_Rating"; Value = ".125 W"; VariantName = "[No Variations]"
Change component parameters (AddParameter): Name = "Resistance"; Value = "10K"; VariantName = "[No Variations]"
Change component parameters (AddParameter): Name = "SnapEDA_Link"; Value = "https://www.snapeda.com/parts/CPF1206B10KE1/TE+Connectivity/view-part/?ref=snap"; VariantName = "[No Variations]"
Change component parameters (AddParameter): Name = "Tolerance"; Value = ".1%"; VariantName = "[No Variations]"
Change component parameters (AddParameter): Name = "Value"; Value = ""; VariantName = "[No Variations]"
Change component parameters (AddParameter): Name = "Voltage_Rating"; Value = "150 V"; VariantName = "[No Variations]"
Change component parameters: Designator = "" ("R69"); Footprint = "RESC6331X70N"; UniqueID = "\GMXNWMJF" ("\GMXNWMJF")
Change component parameters (AddParameter): Name = "Check_prices"; Value = "https://www.snapeda.com/parts/5-2176246-2/TE+Connectivity+AMP+Connectors/view-part/?ref=eda"; VariantName = "[No Variations]"
Change component parameters (AddParameter): Name = "MF"; Value = "TE Connectivity"; VariantName = "[No Variations]"
Change component parameters (AddParameter): Name = "MP"; Value = "5-2176246-2"; VariantName = "[No Variations]"
Change component parameters (AddParameter): Name = "Package"; Value = "None"; VariantName = "[No Variations]"
Change component parameters (AddParameter): Name = "SnapEDA_Link"; Value = "https://www.snapeda.com/parts/5-2176246-2/TE+Connectivity+AMP+Connectors/view-part/?ref=snap"; VariantName = "[No Variations]"
Change component parameters (AddParameter): Name = "Value"; Value = ""; VariantName = "[No Variations]"
Change component parameters: Designator = "" ("R90"); Footprint = "RESC3015X65N"; UniqueID = "\ORZAQPGE" ("\ORZAQPGE")
Change component parameters (AddParameter): Name = "Check_prices"; Value = "https://www.snapeda.com/parts/CPF1206B10KE1/TE+Connectivity/view-part/?ref=eda"; VariantName = "[No Variations]"
Change component parameters (AddParameter): Name = "EU_RoHS_Compliance"; Value = "Compliant"; VariantName = "[No Variations]"
Change component parameters (AddParameter): Name = "MF"; Value = "TE Connectivity"; VariantName = "[No Variations]"
Change component parameters (AddParameter): Name = "MP"; Value = "CPF1206B10KE1"; VariantName = "[No Variations]"
Change component parameters (AddParameter): Name = "Package"; Value = "1206"; VariantName = "[No Variations]"
Change component parameters (AddParameter): Name = "Power_Rating"; Value = ".125 W"; VariantName = "[No Variations]"
Change component parameters (AddParameter): Name = "Resistance"; Value = "10K"; VariantName = "[No Variations]"
Change component parameters (AddParameter): Name = "SnapEDA_Link"; Value = "https://www.snapeda.com/parts/CPF1206B10KE1/TE+Connectivity/view-part/?ref=snap"; VariantName = "[No Variations]"
Change component parameters (AddParameter): Name = "Tolerance"; Value = ".1%"; VariantName = "[No Variations]"
Change component parameters (AddParameter): Name = "Value"; Value = ""; VariantName = "[No Variations]"
Change component parameters (AddParameter): Name = "Voltage_Rating"; Value = "150 V"; VariantName = "[No Variations]"
Change component parameters: Designator = "" ("R91"); Footprint = "RESC3015X65N"; UniqueID = "\HDOEGBAZ" ("\HDOEGBAZ")
Change component parameters (AddParameter): Name = "Check_prices"; Value = "https://www.snapeda.com/parts/CPF1206B10KE1/TE+Connectivity/view-part/?ref=eda"; VariantName = "[No Variations]"
Change component parameters (AddParameter): Name = "EU_RoHS_Compliance"; Value = "Compliant"; VariantName = "[No Variations]"
Change component parameters (AddParameter): Name = "MF"; Value = "TE Connectivity"; VariantName = "[No Variations]"
Change component parameters (AddParameter): Name = "MP"; Value = "CPF1206B10KE1"; VariantName = "[No Variations]"
Change component parameters (AddParameter): Name = "Package"; Value = "1206"; VariantName = "[No Variations]"
Change component parameters (AddParameter): Name = "Power_Rating"; Value = ".125 W"; VariantName = "[No Variations]"
Change component parameters (AddParameter): Name = "Resistance"; Value = "10K"; VariantName = "[No Variations]"
Change component parameters (AddParameter): Name = "SnapEDA_Link"; Value = "https://www.snapeda.com/parts/CPF1206B10KE1/TE+Connectivity/view-part/?ref=snap"; VariantName = "[No Variations]"
Change component parameters (AddParameter): Name = "Tolerance"; Value = ".1%"; VariantName = "[No Variations]"
Change component parameters (AddParameter): Name = "Value"; Value = ""; VariantName = "[No Variations]"
Change component parameters (AddParameter): Name = "Voltage_Rating"; Value = "150 V"; VariantName = "[No Variations]"
Change component parameters: Designator = "" ("R88"); Footprint = "RESC6331X70N"; UniqueID = "\ADJODFWF" ("\ADJODFWF")
Change component parameters (AddParameter): Name = "Check_prices"; Value = "https://www.snapeda.com/parts/5-2176246-2/TE+Connectivity+AMP+Connectors/view-part/?ref=eda"; VariantName = "[No Variations]"
Change component parameters (AddParameter): Name = "MF"; Value = "TE Connectivity"; VariantName = "[No Variations]"
Change component parameters (AddParameter): Name = "MP"; Value = "5-2176246-2"; VariantName = "[No Variations]"
Change component parameters (AddParameter): Name = "Package"; Value = "None"; VariantName = "[No Variations]"
Change component parameters (AddParameter): Name = "SnapEDA_Link"; Value = "https://www.snapeda.com/parts/5-2176246-2/TE+Connectivity+AMP+Connectors/view-part/?ref=snap"; VariantName = "[No Variations]"
Change component parameters (AddParameter): Name = "Value"; Value = ""; VariantName = "[No Variations]"
Change component parameters: Designator = "" ("R89"); Footprint = "RESC3015X65N"; UniqueID = "\WZQHPMDA" ("\WZQHPMDA")
Change component parameters (AddParameter): Name = "Check_prices"; Value = "https://www.snapeda.com/parts/CPF1206B10KE1/TE+Connectivity/view-part/?ref=eda"; VariantName = "[No Variations]"
Change component parameters (AddParameter): Name = "EU_RoHS_Compliance"; Value = "Compliant"; VariantName = "[No Variations]"
Change component parameters (AddParameter): Name = "MF"; Value = "TE Connectivity"; VariantName = "[No Variations]"
Change component parameters (AddParameter): Name = "MP"; Value = "CPF1206B10KE1"; VariantName = "[No Variations]"
Change component parameters (AddParameter): Name = "Package"; Value = "1206"; VariantName = "[No Variations]"
Change component parameters (AddParameter): Name = "Power_Rating"; Value = ".125 W"; VariantName = "[No Variations]"
Change component parameters (AddParameter): Name = "Resistance"; Value = "10K"; VariantName = "[No Variations]"
Change component parameters (AddParameter): Name = "SnapEDA_Link"; Value = "https://www.snapeda.com/parts/CPF1206B10KE1/TE+Connectivity/view-part/?ref=snap"; VariantName = "[No Variations]"
Change component parameters (AddParameter): Name = "Tolerance"; Value = ".1%"; VariantName = "[No Variations]"
Change component parameters (AddParameter): Name = "Value"; Value = ""; VariantName = "[No Variations]"
Change component parameters (AddParameter): Name = "Voltage_Rating"; Value = "150 V"; VariantName = "[No Variations]"
Change component parameters: Designator = "" ("R94"); Footprint = "RESC6331X70N"; UniqueID = "\BGLRDNJO" ("\BGLRDNJO")
Change component parameters (AddParameter): Name = "Check_prices"; Value = "https://www.snapeda.com/parts/5-2176246-2/TE+Connectivity+AMP+Connectors/view-part/?ref=eda"; VariantName = "[No Variations]"
Change component parameters (AddParameter): Name = "MF"; Value = "TE Connectivity"; VariantName = "[No Variations]"
Change component parameters (AddParameter): Name = "MP"; Value = "5-2176246-2"; VariantName = "[No Variations]"
Change component parameters (AddParameter): Name = "Package"; Value = "None"; VariantName = "[No Variations]"
Change component parameters (AddParameter): Name = "SnapEDA_Link"; Value = "https://www.snapeda.com/parts/5-2176246-2/TE+Connectivity+AMP+Connectors/view-part/?ref=snap"; VariantName = "[No Variations]"
Change component parameters (AddParameter): Name = "Value"; Value = ""; VariantName = "[No Variations]"
Change component parameters: Designator = "" ("R95"); Footprint = "RESC6331X70N"; UniqueID = "\FJPPLOED" ("\FJPPLOED")
Change component parameters (AddParameter): Name = "Check_prices"; Value = "https://www.snapeda.com/parts/5-2176246-2/TE+Connectivity+AMP+Connectors/view-part/?ref=eda"; VariantName = "[No Variations]"
Change component parameters (AddParameter): Name = "MF"; Value = "TE Connectivity"; VariantName = "[No Variations]"
Change component parameters (AddParameter): Name = "MP"; Value = "5-2176246-2"; VariantName = "[No Variations]"
Change component parameters (AddParameter): Name = "Package"; Value = "None"; VariantName = "[No Variations]"
Change component parameters (AddParameter): Name = "SnapEDA_Link"; Value = "https://www.snapeda.com/parts/5-2176246-2/TE+Connectivity+AMP+Connectors/view-part/?ref=snap"; VariantName = "[No Variations]"
Change component parameters (AddParameter): Name = "Value"; Value = ""; VariantName = "[No Variations]"
Change component parameters: Designator = "" ("R92"); Footprint = "RESC3015X65N"; UniqueID = "\WIPIXVWR" ("\WIPIXVWR")
Change component parameters (AddParameter): Name = "Check_prices"; Value = "https://www.snapeda.com/parts/CPF1206B10KE1/TE+Connectivity/view-part/?ref=eda"; VariantName = "[No Variations]"
Change component parameters (AddParameter): Name = "EU_RoHS_Compliance"; Value = "Compliant"; VariantName = "[No Variations]"
Change component parameters (AddParameter): Name = "MF"; Value = "TE Connectivity"; VariantName = "[No Variations]"
Change component parameters (AddParameter): Name = "MP"; Value = "CPF1206B10KE1"; VariantName = "[No Variations]"
Change component parameters (AddParameter): Name = "Package"; Value = "1206"; VariantName = "[No Variations]"
Change component parameters (AddParameter): Name = "Power_Rating"; Value = ".125 W"; VariantName = "[No Variations]"
Change component parameters (AddParameter): Name = "Resistance"; Value = "10K"; VariantName = "[No Variations]"
Change component parameters (AddParameter): Name = "SnapEDA_Link"; Value = "https://www.snapeda.com/parts/CPF1206B10KE1/TE+Connectivity/view-part/?ref=snap"; VariantName = "[No Variations]"
Change component parameters (AddParameter): Name = "Tolerance"; Value = ".1%"; VariantName = "[No Variations]"
Change component parameters (AddParameter): Name = "Value"; Value = ""; VariantName = "[No Variations]"
Change component parameters (AddParameter): Name = "Voltage_Rating"; Value = "150 V"; VariantName = "[No Variations]"
Change component parameters: Designator = "" ("R93"); Footprint = "RESC6331X70N"; UniqueID = "\GRJSLSUX" ("\GRJSLSUX")
Change component parameters (AddParameter): Name = "Check_prices"; Value = "https://www.snapeda.com/parts/5-2176246-2/TE+Connectivity+AMP+Connectors/view-part/?ref=eda"; VariantName = "[No Variations]"
Change component parameters (AddParameter): Name = "MF"; Value = "TE Connectivity"; VariantName = "[No Variations]"
Change component parameters (AddParameter): Name = "MP"; Value = "5-2176246-2"; VariantName = "[No Variations]"
Change component parameters (AddParameter): Name = "Package"; Value = "None"; VariantName = "[No Variations]"
Change component parameters (AddParameter): Name = "SnapEDA_Link"; Value = "https://www.snapeda.com/parts/5-2176246-2/TE+Connectivity+AMP+Connectors/view-part/?ref=snap"; VariantName = "[No Variations]"
Change component parameters (AddParameter): Name = "Value"; Value = ""; VariantName = "[No Variations]"
Change component parameters: Designator = "" ("R82"); Footprint = "RESC6331X70N"; UniqueID = "\RHHQBVJX" ("\RHHQBVJX")
Change component parameters (AddParameter): Name = "Check_prices"; Value = "https://www.snapeda.com/parts/5-2176246-2/TE+Connectivity+AMP+Connectors/view-part/?ref=eda"; VariantName = "[No Variations]"
Change component parameters (AddParameter): Name = "MF"; Value = "TE Connectivity"; VariantName = "[No Variations]"
Change component parameters (AddParameter): Name = "MP"; Value = "5-2176246-2"; VariantName = "[No Variations]"
Change component parameters (AddParameter): Name = "Package"; Value = "None"; VariantName = "[No Variations]"
Change component parameters (AddParameter): Name = "SnapEDA_Link"; Value = "https://www.snapeda.com/parts/5-2176246-2/TE+Connectivity+AMP+Connectors/view-part/?ref=snap"; VariantName = "[No Variations]"
Change component parameters (AddParameter): Name = "Value"; Value = ""; VariantName = "[No Variations]"
Change component parameters: Designator = "" ("R83"); Footprint = "RESC6331X70N"; UniqueID = "\VXCIJXRA" ("\VXCIJXRA")
Change component parameters (AddParameter): Name = "Check_prices"; Value = "https://www.snapeda.com/parts/5-2176246-2/TE+Connectivity+AMP+Connectors/view-part/?ref=eda"; VariantName = "[No Variations]"
Change component parameters (AddParameter): Name = "MF"; Value = "TE Connectivity"; VariantName = "[No Variations]"
Change component parameters (AddParameter): Name = "MP"; Value = "5-2176246-2"; VariantName = "[No Variations]"
Change component parameters (AddParameter): Name = "Package"; Value = "None"; VariantName = "[No Variations]"
Change component parameters (AddParameter): Name = "SnapEDA_Link"; Value = "https://www.snapeda.com/parts/5-2176246-2/TE+Connectivity+AMP+Connectors/view-part/?ref=snap"; VariantName = "[No Variations]"
Change component parameters (AddParameter): Name = "Value"; Value = ""; VariantName = "[No Variations]"
Change component parameters: Designator = "" ("R80"); Footprint = "RESC3015X65N"; UniqueID = "\UNDHBTPM" ("\UNDHBTPM")
Change component parameters (AddParameter): Name = "Check_prices"; Value = "https://www.snapeda.com/parts/CPF1206B10KE1/TE+Connectivity/view-part/?ref=eda"; VariantName = "[No Variations]"
Change component parameters (AddParameter): Name = "EU_RoHS_Compliance"; Value = "Compliant"; VariantName = "[No Variations]"
Change component parameters (AddParameter): Name = "MF"; Value = "TE Connectivity"; VariantName = "[No Variations]"
Change component parameters (AddParameter): Name = "MP"; Value = "CPF1206B10KE1"; VariantName = "[No Variations]"
Change component parameters (AddParameter): Name = "Package"; Value = "1206"; VariantName = "[No Variations]"
Change component parameters (AddParameter): Name = "Power_Rating"; Value = ".125 W"; VariantName = "[No Variations]"
Change component parameters (AddParameter): Name = "Resistance"; Value = "10K"; VariantName = "[No Variations]"
Change component parameters (AddParameter): Name = "SnapEDA_Link"; Value = "https://www.snapeda.com/parts/CPF1206B10KE1/TE+Connectivity/view-part/?ref=snap"; VariantName = "[No Variations]"
Change component parameters (AddParameter): Name = "Tolerance"; Value = ".1%"; VariantName = "[No Variations]"
Change component parameters (AddParameter): Name = "Value"; Value = ""; VariantName = "[No Variations]"
Change component parameters (AddParameter): Name = "Voltage_Rating"; Value = "150 V"; VariantName = "[No Variations]"
Change component parameters: Designator = "" ("R81"); Footprint = "RESC6331X70N"; UniqueID = "\KTKADMUS" ("\KTKADMUS")
Change component parameters (AddParameter): Name = "Check_prices"; Value = "https://www.snapeda.com/parts/5-2176246-2/TE+Connectivity+AMP+Connectors/view-part/?ref=eda"; VariantName = "[No Variations]"
Change component parameters (AddParameter): Name = "MF"; Value = "TE Connectivity"; VariantName = "[No Variations]"
Change component parameters (AddParameter): Name = "MP"; Value = "5-2176246-2"; VariantName = "[No Variations]"
Change component parameters (AddParameter): Name = "Package"; Value = "None"; VariantName = "[No Variations]"
Change component parameters (AddParameter): Name = "SnapEDA_Link"; Value = "https://www.snapeda.com/parts/5-2176246-2/TE+Connectivity+AMP+Connectors/view-part/?ref=snap"; VariantName = "[No Variations]"
Change component parameters (AddParameter): Name = "Value"; Value = ""; VariantName = "[No Variations]"
Change component parameters: Designator = "" ("R86"); Footprint = "RESC6331X70N"; UniqueID = "\VTNLAAIE" ("\VTNLAAIE")
Change component parameters (AddParameter): Name = "Check_prices"; Value = "https://www.snapeda.com/parts/5-2176246-2/TE+Connectivity+AMP+Connectors/view-part/?ref=eda"; VariantName = "[No Variations]"
Change component parameters (AddParameter): Name = "MF"; Value = "TE Connectivity"; VariantName = "[No Variations]"
Change component parameters (AddParameter): Name = "MP"; Value = "5-2176246-2"; VariantName = "[No Variations]"
Change component parameters (AddParameter): Name = "Package"; Value = "None"; VariantName = "[No Variations]"
Change component parameters (AddParameter): Name = "SnapEDA_Link"; Value = "https://www.snapeda.com/parts/5-2176246-2/TE+Connectivity+AMP+Connectors/view-part/?ref=snap"; VariantName = "[No Variations]"
Change component parameters (AddParameter): Name = "Value"; Value = ""; VariantName = "[No Variations]"
Change component parameters: Designator = "" ("R87"); Footprint = "RESC6331X70N"; UniqueID = "\HXAZNDHY" ("\HXAZNDHY")
Change component parameters (AddParameter): Name = "Check_prices"; Value = "https://www.snapeda.com/parts/5-2176246-2/TE+Connectivity+AMP+Connectors/view-part/?ref=eda"; VariantName = "[No Variations]"
Change component parameters (AddParameter): Name = "MF"; Value = "TE Connectivity"; VariantName = "[No Variations]"
Change component parameters (AddParameter): Name = "MP"; Value = "5-2176246-2"; VariantName = "[No Variations]"
Change component parameters (AddParameter): Name = "Package"; Value = "None"; VariantName = "[No Variations]"
Change component parameters (AddParameter): Name = "SnapEDA_Link"; Value = "https://www.snapeda.com/parts/5-2176246-2/TE+Connectivity+AMP+Connectors/view-part/?ref=snap"; VariantName = "[No Variations]"
Change component parameters (AddParameter): Name = "Value"; Value = ""; VariantName = "[No Variations]"
Change component parameters: Designator = "" ("R84"); Footprint = "RESC6331X70N"; UniqueID = "\CUNRAJQY" ("\CUNRAJQY")
Change component parameters (AddParameter): Name = "Check_prices"; Value = "https://www.snapeda.com/parts/5-2176246-2/TE+Connectivity+AMP+Connectors/view-part/?ref=eda"; VariantName = "[No Variations]"
Change component parameters (AddParameter): Name = "MF"; Value = "TE Connectivity"; VariantName = "[No Variations]"
Change component parameters (AddParameter): Name = "MP"; Value = "5-2176246-2"; VariantName = "[No Variations]"
Change component parameters (AddParameter): Name = "Package"; Value = "None"; VariantName = "[No Variations]"
Change component parameters (AddParameter): Name = "SnapEDA_Link"; Value = "https://www.snapeda.com/parts/5-2176246-2/TE+Connectivity+AMP+Connectors/view-part/?ref=snap"; VariantName = "[No Variations]"
Change component parameters (AddParameter): Name = "Value"; Value = ""; VariantName = "[No Variations]"
Change component parameters: Designator = "" ("R85"); Footprint = "RESC6331X70N"; UniqueID = "\ILSMNBXV" ("\ILSMNBXV")
Change component parameters (AddParameter): Name = "Check_prices"; Value = "https://www.snapeda.com/parts/5-2176246-2/TE+Connectivity+AMP+Connectors/view-part/?ref=eda"; VariantName = "[No Variations]"
Change component parameters (AddParameter): Name = "MF"; Value = "TE Connectivity"; VariantName = "[No Variations]"
Change component parameters (AddParameter): Name = "MP"; Value = "5-2176246-2"; VariantName = "[No Variations]"
Change component parameters (AddParameter): Name = "Package"; Value = "None"; VariantName = "[No Variations]"
Change component parameters (AddParameter): Name = "SnapEDA_Link"; Value = "https://www.snapeda.com/parts/5-2176246-2/TE+Connectivity+AMP+Connectors/view-part/?ref=snap"; VariantName = "[No Variations]"
Change component parameters (AddParameter): Name = "Value"; Value = ""; VariantName = "[No Variations]"
Change component parameters: Designator = "" ("D17"); Footprint = "WL-SMRW_1206 dome_normal use"; UniqueID = "\POESWXFS" ("\POESWXFS")
Change component parameters (AddParameter): Name = "Case/Size Code"; Value = "1206 dome"; VariantName = "[No Variations]"
Change component parameters (AddParameter): Name = "Category"; Value = "Signal LEDs"; VariantName = "[No Variations]"
Change component parameters (AddParameter): Name = "Chip Technology"; Value = "AlInGaP"; VariantName = "[No Variations]"
Change component parameters (AddParameter): Name = "ComponentLink1Description"; Value = "Website Link"; VariantName = "[No Variations]"
Change component parameters (AddParameter): Name = "ComponentLink1URL"; Value = "https://www.we-online.com/redexpert/article/156120RS82500?ad"; VariantName = "[No Variations]"
Change component parameters (AddParameter): Name = "ComponentLink2Description"; Value = "Datasheet Link"; VariantName = "[No Variations]"
Change component parameters (AddParameter): Name = "ComponentLink2URL"; Value = "https://www.we-online.com/redexpert/spec/156120RS82500?ad"; VariantName = "[No Variations]"
Change component parameters (AddParameter): Name = "Dominant Wavelength"; Value = "624nm"; VariantName = "[No Variations]"
Change component parameters (AddParameter): Name = "Emitting Color"; Value = "Red"; VariantName = "[No Variations]"
Change component parameters (AddParameter): Name = "Forward Voltage"; Value = "2V"; VariantName = "[No Variations]"
Change component parameters (AddParameter): Name = "Height"; Value = "1.85mm"; VariantName = "[No Variations]"
Change component parameters (AddParameter): Name = "Length"; Value = "3.2mm"; VariantName = "[No Variations]"
Change component parameters (AddParameter): Name = "Luminous Intensity"; Value = "1100mcd"; VariantName = "[No Variations]"
Change component parameters (AddParameter): Name = "Manufacturer"; Value = "Wurth Elektronik"; VariantName = "[No Variations]"
Change component parameters (AddParameter): Name = "Manufacturer Part Number"; Value = "156120RS82500"; VariantName = "[No Variations]"
Change component parameters (AddParameter): Name = "Match Code"; Value = "WL-SMRW"; VariantName = "[No Variations]"
Change component parameters (AddParameter): Name = "Mount"; Value = "Surface Mount"; VariantName = "[No Variations]"
Change component parameters (AddParameter): Name = "Operating Temperature Max"; Value = "85°C"; VariantName = "[No Variations]"
Change component parameters (AddParameter): Name = "Operating Temperature Min"; Value = "-40°C"; VariantName = "[No Variations]"
Change component parameters (AddParameter): Name = "Packaging"; Value = "Tape and Reel"; VariantName = "[No Variations]"
Change component parameters (AddParameter): Name = "Peak Wavelength"; Value = "632nm"; VariantName = "[No Variations]"
Change component parameters (AddParameter): Name = "Viewing Angle"; Value = "20°"; VariantName = "[No Variations]"
Change component parameters (AddParameter): Name = "Width"; Value = "1.6mm"; VariantName = "[No Variations]"
Change component parameters: Designator = "" ("D18"); Footprint = "WL-SMRW_1206 dome_normal use"; UniqueID = "\FHSBEYJT" ("\FHSBEYJT")
Change component parameters (AddParameter): Name = "Case/Size Code"; Value = "1206 dome"; VariantName = "[No Variations]"
Change component parameters (AddParameter): Name = "Category"; Value = "Signal LEDs"; VariantName = "[No Variations]"
Change component parameters (AddParameter): Name = "Chip Technology"; Value = "AlInGaP"; VariantName = "[No Variations]"
Change component parameters (AddParameter): Name = "ComponentLink1Description"; Value = "Website Link"; VariantName = "[No Variations]"
Change component parameters (AddParameter): Name = "ComponentLink1URL"; Value = "https://www.we-online.com/redexpert/article/156120RS82500?ad"; VariantName = "[No Variations]"
Change component parameters (AddParameter): Name = "ComponentLink2Description"; Value = "Datasheet Link"; VariantName = "[No Variations]"
Change component parameters (AddParameter): Name = "ComponentLink2URL"; Value = "https://www.we-online.com/redexpert/spec/156120RS82500?ad"; VariantName = "[No Variations]"
Change component parameters (AddParameter): Name = "Dominant Wavelength"; Value = "624nm"; VariantName = "[No Variations]"
Change component parameters (AddParameter): Name = "Emitting Color"; Value = "Red"; VariantName = "[No Variations]"
Change component parameters (AddParameter): Name = "Forward Voltage"; Value = "2V"; VariantName = "[No Variations]"
Change component parameters (AddParameter): Name = "Height"; Value = "1.85mm"; VariantName = "[No Variations]"
Change component parameters (AddParameter): Name = "Length"; Value = "3.2mm"; VariantName = "[No Variations]"
Change component parameters (AddParameter): Name = "Luminous Intensity"; Value = "1100mcd"; VariantName = "[No Variations]"
Change component parameters (AddParameter): Name = "Manufacturer"; Value = "Wurth Elektronik"; VariantName = "[No Variations]"
Change component parameters (AddParameter): Name = "Manufacturer Part Number"; Value = "156120RS82500"; VariantName = "[No Variations]"
Change component parameters (AddParameter): Name = "Match Code"; Value = "WL-SMRW"; VariantName = "[No Variations]"
Change component parameters (AddParameter): Name = "Mount"; Value = "Surface Mount"; VariantName = "[No Variations]"
Change component parameters (AddParameter): Name = "Operating Temperature Max"; Value = "85°C"; VariantName = "[No Variations]"
Change component parameters (AddParameter): Name = "Operating Temperature Min"; Value = "-40°C"; VariantName = "[No Variations]"
Change component parameters (AddParameter): Name = "Packaging"; Value = "Tape and Reel"; VariantName = "[No Variations]"
Change component parameters (AddParameter): Name = "Peak Wavelength"; Value = "632nm"; VariantName = "[No Variations]"
Change component parameters (AddParameter): Name = "Viewing Angle"; Value = "20°"; VariantName = "[No Variations]"
Change component parameters (AddParameter): Name = "Width"; Value = "1.6mm"; VariantName = "[No Variations]"
Change component parameters: Designator = "" ("D15"); Footprint = "WL-SMRW_1206 dome_normal use"; UniqueID = "\TRBAPLOC" ("\TRBAPLOC")
Change component parameters (AddParameter): Name = "Case/Size Code"; Value = "1206 dome"; VariantName = "[No Variations]"
Change component parameters (AddParameter): Name = "Category"; Value = "Signal LEDs"; VariantName = "[No Variations]"
Change component parameters (AddParameter): Name = "Chip Technology"; Value = "AlInGaP"; VariantName = "[No Variations]"
Change component parameters (AddParameter): Name = "ComponentLink1Description"; Value = "Website Link"; VariantName = "[No Variations]"
Change component parameters (AddParameter): Name = "ComponentLink1URL"; Value = "https://www.we-online.com/redexpert/article/156120RS82500?ad"; VariantName = "[No Variations]"
Change component parameters (AddParameter): Name = "ComponentLink2Description"; Value = "Datasheet Link"; VariantName = "[No Variations]"
Change component parameters (AddParameter): Name = "ComponentLink2URL"; Value = "https://www.we-online.com/redexpert/spec/156120RS82500?ad"; VariantName = "[No Variations]"
Change component parameters (AddParameter): Name = "Dominant Wavelength"; Value = "624nm"; VariantName = "[No Variations]"
Change component parameters (AddParameter): Name = "Emitting Color"; Value = "Red"; VariantName = "[No Variations]"
Change component parameters (AddParameter): Name = "Forward Voltage"; Value = "2V"; VariantName = "[No Variations]"
Change component parameters (AddParameter): Name = "Height"; Value = "1.85mm"; VariantName = "[No Variations]"
Change component parameters (AddParameter): Name = "Length"; Value = "3.2mm"; VariantName = "[No Variations]"
Change component parameters (AddParameter): Name = "Luminous Intensity"; Value = "1100mcd"; VariantName = "[No Variations]"
Change component parameters (AddParameter): Name = "Manufacturer"; Value = "Wurth Elektronik"; VariantName = "[No Variations]"
Change component parameters (AddParameter): Name = "Manufacturer Part Number"; Value = "156120RS82500"; VariantName = "[No Variations]"
Change component parameters (AddParameter): Name = "Match Code"; Value = "WL-SMRW"; VariantName = "[No Variations]"
Change component parameters (AddParameter): Name = "Mount"; Value = "Surface Mount"; VariantName = "[No Variations]"
Change component parameters (AddParameter): Name = "Operating Temperature Max"; Value = "85°C"; VariantName = "[No Variations]"
Change component parameters (AddParameter): Name = "Operating Temperature Min"; Value = "-40°C"; VariantName = "[No Variations]"
Change component parameters (AddParameter): Name = "Packaging"; Value = "Tape and Reel"; VariantName = "[No Variations]"
Change component parameters (AddParameter): Name = "Peak Wavelength"; Value = "632nm"; VariantName = "[No Variations]"
Change component parameters (AddParameter): Name = "Viewing Angle"; Value = "20°"; VariantName = "[No Variations]"
Change component parameters (AddParameter): Name = "Width"; Value = "1.6mm"; VariantName = "[No Variations]"
Change component parameters: Designator = "" ("D16"); Footprint = "WL-SMRW_1206 dome_normal use"; UniqueID = "\UBYADFRU" ("\UBYADFRU")
Change component parameters (AddParameter): Name = "Case/Size Code"; Value = "1206 dome"; VariantName = "[No Variations]"
Change component parameters (AddParameter): Name = "Category"; Value = "Signal LEDs"; VariantName = "[No Variations]"
Change component parameters (AddParameter): Name = "Chip Technology"; Value = "AlInGaP"; VariantName = "[No Variations]"
Change component parameters (AddParameter): Name = "ComponentLink1Description"; Value = "Website Link"; VariantName = "[No Variations]"
Change component parameters (AddParameter): Name = "ComponentLink1URL"; Value = "https://www.we-online.com/redexpert/article/156120RS82500?ad"; VariantName = "[No Variations]"
Change component parameters (AddParameter): Name = "ComponentLink2Description"; Value = "Datasheet Link"; VariantName = "[No Variations]"
Change component parameters (AddParameter): Name = "ComponentLink2URL"; Value = "https://www.we-online.com/redexpert/spec/156120RS82500?ad"; VariantName = "[No Variations]"
Change component parameters (AddParameter): Name = "Dominant Wavelength"; Value = "624nm"; VariantName = "[No Variations]"
Change component parameters (AddParameter): Name = "Emitting Color"; Value = "Red"; VariantName = "[No Variations]"
Change component parameters (AddParameter): Name = "Forward Voltage"; Value = "2V"; VariantName = "[No Variations]"
Change component parameters (AddParameter): Name = "Height"; Value = "1.85mm"; VariantName = "[No Variations]"
Change component parameters (AddParameter): Name = "Length"; Value = "3.2mm"; VariantName = "[No Variations]"
Change component parameters (AddParameter): Name = "Luminous Intensity"; Value = "1100mcd"; VariantName = "[No Variations]"
Change component parameters (AddParameter): Name = "Manufacturer"; Value = "Wurth Elektronik"; VariantName = "[No Variations]"
Change component parameters (AddParameter): Name = "Manufacturer Part Number"; Value = "156120RS82500"; VariantName = "[No Variations]"
Change component parameters (AddParameter): Name = "Match Code"; Value = "WL-SMRW"; VariantName = "[No Variations]"
Change component parameters (AddParameter): Name = "Mount"; Value = "Surface Mount"; VariantName = "[No Variations]"
Change component parameters (AddParameter): Name = "Operating Temperature Max"; Value = "85°C"; VariantName = "[No Variations]"
Change component parameters (AddParameter): Name = "Operating Temperature Min"; Value = "-40°C"; VariantName = "[No Variations]"
Change component parameters (AddParameter): Name = "Packaging"; Value = "Tape and Reel"; VariantName = "[No Variations]"
Change component parameters (AddParameter): Name = "Peak Wavelength"; Value = "632nm"; VariantName = "[No Variations]"
Change component parameters (AddParameter): Name = "Viewing Angle"; Value = "20°"; VariantName = "[No Variations]"
Change component parameters (AddParameter): Name = "Width"; Value = "1.6mm"; VariantName = "[No Variations]"
Change component parameters: Designator = "" ("D21"); Footprint = "WL-SMRW_1206 dome_normal use"; UniqueID = "\SKOFNHWS" ("\SKOFNHWS")
Change component parameters (AddParameter): Name = "Case/Size Code"; Value = "1206 dome"; VariantName = "[No Variations]"
Change component parameters (AddParameter): Name = "Category"; Value = "Signal LEDs"; VariantName = "[No Variations]"
Change component parameters (AddParameter): Name = "Chip Technology"; Value = "AlInGaP"; VariantName = "[No Variations]"
Change component parameters (AddParameter): Name = "ComponentLink1Description"; Value = "Website Link"; VariantName = "[No Variations]"
Change component parameters (AddParameter): Name = "ComponentLink1URL"; Value = "https://www.we-online.com/redexpert/article/156120RS82500?ad"; VariantName = "[No Variations]"
Change component parameters (AddParameter): Name = "ComponentLink2Description"; Value = "Datasheet Link"; VariantName = "[No Variations]"
Change component parameters (AddParameter): Name = "ComponentLink2URL"; Value = "https://www.we-online.com/redexpert/spec/156120RS82500?ad"; VariantName = "[No Variations]"
Change component parameters (AddParameter): Name = "Dominant Wavelength"; Value = "624nm"; VariantName = "[No Variations]"
Change component parameters (AddParameter): Name = "Emitting Color"; Value = "Red"; VariantName = "[No Variations]"
Change component parameters (AddParameter): Name = "Forward Voltage"; Value = "2V"; VariantName = "[No Variations]"
Change component parameters (AddParameter): Name = "Height"; Value = "1.85mm"; VariantName = "[No Variations]"
Change component parameters (AddParameter): Name = "Length"; Value = "3.2mm"; VariantName = "[No Variations]"
Change component parameters (AddParameter): Name = "Luminous Intensity"; Value = "1100mcd"; VariantName = "[No Variations]"
Change component parameters (AddParameter): Name = "Manufacturer"; Value = "Wurth Elektronik"; VariantName = "[No Variations]"
Change component parameters (AddParameter): Name = "Manufacturer Part Number"; Value = "156120RS82500"; VariantName = "[No Variations]"
Change component parameters (AddParameter): Name = "Match Code"; Value = "WL-SMRW"; VariantName = "[No Variations]"
Change component parameters (AddParameter): Name = "Mount"; Value = "Surface Mount"; VariantName = "[No Variations]"
Change component parameters (AddParameter): Name = "Operating Temperature Max"; Value = "85°C"; VariantName = "[No Variations]"
Change component parameters (AddParameter): Name = "Operating Temperature Min"; Value = "-40°C"; VariantName = "[No Variations]"
Change component parameters (AddParameter): Name = "Packaging"; Value = "Tape and Reel"; VariantName = "[No Variations]"
Change component parameters (AddParameter): Name = "Peak Wavelength"; Value = "632nm"; VariantName = "[No Variations]"
Change component parameters (AddParameter): Name = "Viewing Angle"; Value = "20°"; VariantName = "[No Variations]"
Change component parameters (AddParameter): Name = "Width"; Value = "1.6mm"; VariantName = "[No Variations]"
Change component parameters: Designator = "" ("D22"); Footprint = "WL-SMRW_1206 dome_normal use"; UniqueID = "\ZHVJJXSC" ("\ZHVJJXSC")
Change component parameters (AddParameter): Name = "Case/Size Code"; Value = "1206 dome"; VariantName = "[No Variations]"
Change component parameters (AddParameter): Name = "Category"; Value = "Signal LEDs"; VariantName = "[No Variations]"
Change component parameters (AddParameter): Name = "Chip Technology"; Value = "AlInGaP"; VariantName = "[No Variations]"
Change component parameters (AddParameter): Name = "ComponentLink1Description"; Value = "Website Link"; VariantName = "[No Variations]"
Change component parameters (AddParameter): Name = "ComponentLink1URL"; Value = "https://www.we-online.com/redexpert/article/156120RS82500?ad"; VariantName = "[No Variations]"
Change component parameters (AddParameter): Name = "ComponentLink2Description"; Value = "Datasheet Link"; VariantName = "[No Variations]"
Change component parameters (AddParameter): Name = "ComponentLink2URL"; Value = "https://www.we-online.com/redexpert/spec/156120RS82500?ad"; VariantName = "[No Variations]"
Change component parameters (AddParameter): Name = "Dominant Wavelength"; Value = "624nm"; VariantName = "[No Variations]"
Change component parameters (AddParameter): Name = "Emitting Color"; Value = "Red"; VariantName = "[No Variations]"
Change component parameters (AddParameter): Name = "Forward Voltage"; Value = "2V"; VariantName = "[No Variations]"
Change component parameters (AddParameter): Name = "Height"; Value = "1.85mm"; VariantName = "[No Variations]"
Change component parameters (AddParameter): Name = "Length"; Value = "3.2mm"; VariantName = "[No Variations]"
Change component parameters (AddParameter): Name = "Luminous Intensity"; Value = "1100mcd"; VariantName = "[No Variations]"
Change component parameters (AddParameter): Name = "Manufacturer"; Value = "Wurth Elektronik"; VariantName = "[No Variations]"
Change component parameters (AddParameter): Name = "Manufacturer Part Number"; Value = "156120RS82500"; VariantName = "[No Variations]"
Change component parameters (AddParameter): Name = "Match Code"; Value = "WL-SMRW"; VariantName = "[No Variations]"
Change component parameters (AddParameter): Name = "Mount"; Value = "Surface Mount"; VariantName = "[No Variations]"
Change component parameters (AddParameter): Name = "Operating Temperature Max"; Value = "85°C"; VariantName = "[No Variations]"
Change component parameters (AddParameter): Name = "Operating Temperature Min"; Value = "-40°C"; VariantName = "[No Variations]"
Change component parameters (AddParameter): Name = "Packaging"; Value = "Tape and Reel"; VariantName = "[No Variations]"
Change component parameters (AddParameter): Name = "Peak Wavelength"; Value = "632nm"; VariantName = "[No Variations]"
Change component parameters (AddParameter): Name = "Viewing Angle"; Value = "20°"; VariantName = "[No Variations]"
Change component parameters (AddParameter): Name = "Width"; Value = "1.6mm"; VariantName = "[No Variations]"
Change component parameters: Designator = "" ("D19"); Footprint = "WL-SMRW_1206 dome_normal use"; UniqueID = "\ABAAKEIR" ("\ABAAKEIR")
Change component parameters (AddParameter): Name = "Case/Size Code"; Value = "1206 dome"; VariantName = "[No Variations]"
Change component parameters (AddParameter): Name = "Category"; Value = "Signal LEDs"; VariantName = "[No Variations]"
Change component parameters (AddParameter): Name = "Chip Technology"; Value = "AlInGaP"; VariantName = "[No Variations]"
Change component parameters (AddParameter): Name = "ComponentLink1Description"; Value = "Website Link"; VariantName = "[No Variations]"
Change component parameters (AddParameter): Name = "ComponentLink1URL"; Value = "https://www.we-online.com/redexpert/article/156120RS82500?ad"; VariantName = "[No Variations]"
Change component parameters (AddParameter): Name = "ComponentLink2Description"; Value = "Datasheet Link"; VariantName = "[No Variations]"
Change component parameters (AddParameter): Name = "ComponentLink2URL"; Value = "https://www.we-online.com/redexpert/spec/156120RS82500?ad"; VariantName = "[No Variations]"
Change component parameters (AddParameter): Name = "Dominant Wavelength"; Value = "624nm"; VariantName = "[No Variations]"
Change component parameters (AddParameter): Name = "Emitting Color"; Value = "Red"; VariantName = "[No Variations]"
Change component parameters (AddParameter): Name = "Forward Voltage"; Value = "2V"; VariantName = "[No Variations]"
Change component parameters (AddParameter): Name = "Height"; Value = "1.85mm"; VariantName = "[No Variations]"
Change component parameters (AddParameter): Name = "Length"; Value = "3.2mm"; VariantName = "[No Variations]"
Change component parameters (AddParameter): Name = "Luminous Intensity"; Value = "1100mcd"; VariantName = "[No Variations]"
Change component parameters (AddParameter): Name = "Manufacturer"; Value = "Wurth Elektronik"; VariantName = "[No Variations]"
Change component parameters (AddParameter): Name = "Manufacturer Part Number"; Value = "156120RS82500"; VariantName = "[No Variations]"
Change component parameters (AddParameter): Name = "Match Code"; Value = "WL-SMRW"; VariantName = "[No Variations]"
Change component parameters (AddParameter): Name = "Mount"; Value = "Surface Mount"; VariantName = "[No Variations]"
Change component parameters (AddParameter): Name = "Operating Temperature Max"; Value = "85°C"; VariantName = "[No Variations]"
Change component parameters (AddParameter): Name = "Operating Temperature Min"; Value = "-40°C"; VariantName = "[No Variations]"
Change component parameters (AddParameter): Name = "Packaging"; Value = "Tape and Reel"; VariantName = "[No Variations]"
Change component parameters (AddParameter): Name = "Peak Wavelength"; Value = "632nm"; VariantName = "[No Variations]"
Change component parameters (AddParameter): Name = "Viewing Angle"; Value = "20°"; VariantName = "[No Variations]"
Change component parameters (AddParameter): Name = "Width"; Value = "1.6mm"; VariantName = "[No Variations]"
Change component parameters: Designator = "" ("D20"); Footprint = "WL-SMRW_1206 dome_normal use"; UniqueID = "\OMCYQMLN" ("\OMCYQMLN")
Change component parameters (AddParameter): Name = "Case/Size Code"; Value = "1206 dome"; VariantName = "[No Variations]"
Change component parameters (AddParameter): Name = "Category"; Value = "Signal LEDs"; VariantName = "[No Variations]"
Change component parameters (AddParameter): Name = "Chip Technology"; Value = "AlInGaP"; VariantName = "[No Variations]"
Change component parameters (AddParameter): Name = "ComponentLink1Description"; Value = "Website Link"; VariantName = "[No Variations]"
Change component parameters (AddParameter): Name = "ComponentLink1URL"; Value = "https://www.we-online.com/redexpert/article/156120RS82500?ad"; VariantName = "[No Variations]"
Change component parameters (AddParameter): Name = "ComponentLink2Description"; Value = "Datasheet Link"; VariantName = "[No Variations]"
Change component parameters (AddParameter): Name = "ComponentLink2URL"; Value = "https://www.we-online.com/redexpert/spec/156120RS82500?ad"; VariantName = "[No Variations]"
Change component parameters (AddParameter): Name = "Dominant Wavelength"; Value = "624nm"; VariantName = "[No Variations]"
Change component parameters (AddParameter): Name = "Emitting Color"; Value = "Red"; VariantName = "[No Variations]"
Change component parameters (AddParameter): Name = "Forward Voltage"; Value = "2V"; VariantName = "[No Variations]"
Change component parameters (AddParameter): Name = "Height"; Value = "1.85mm"; VariantName = "[No Variations]"
Change component parameters (AddParameter): Name = "Length"; Value = "3.2mm"; VariantName = "[No Variations]"
Change component parameters (AddParameter): Name = "Luminous Intensity"; Value = "1100mcd"; VariantName = "[No Variations]"
Change component parameters (AddParameter): Name = "Manufacturer"; Value = "Wurth Elektronik"; VariantName = "[No Variations]"
Change component parameters (AddParameter): Name = "Manufacturer Part Number"; Value = "156120RS82500"; VariantName = "[No Variations]"
Change component parameters (AddParameter): Name = "Match Code"; Value = "WL-SMRW"; VariantName = "[No Variations]"
Change component parameters (AddParameter): Name = "Mount"; Value = "Surface Mount"; VariantName = "[No Variations]"
Change component parameters (AddParameter): Name = "Operating Temperature Max"; Value = "85°C"; VariantName = "[No Variations]"
Change component parameters (AddParameter): Name = "Operating Temperature Min"; Value = "-40°C"; VariantName = "[No Variations]"
Change component parameters (AddParameter): Name = "Packaging"; Value = "Tape and Reel"; VariantName = "[No Variations]"
Change component parameters (AddParameter): Name = "Peak Wavelength"; Value = "632nm"; VariantName = "[No Variations]"
Change component parameters (AddParameter): Name = "Viewing Angle"; Value = "20°"; VariantName = "[No Variations]"
Change component parameters (AddParameter): Name = "Width"; Value = "1.6mm"; VariantName = "[No Variations]"
Change component parameters: Designator = "" ("D9"); Footprint = "WL-SMRW_1206 dome_normal use"; UniqueID = "\UVUMQLLF" ("\UVUMQLLF")
Change component parameters (AddParameter): Name = "Case/Size Code"; Value = "1206 dome"; VariantName = "[No Variations]"
Change component parameters (AddParameter): Name = "Category"; Value = "Signal LEDs"; VariantName = "[No Variations]"
Change component parameters (AddParameter): Name = "Chip Technology"; Value = "AlInGaP"; VariantName = "[No Variations]"
Change component parameters (AddParameter): Name = "ComponentLink1Description"; Value = "Website Link"; VariantName = "[No Variations]"
Change component parameters (AddParameter): Name = "ComponentLink1URL"; Value = "https://www.we-online.com/redexpert/article/156120RS82500?ad"; VariantName = "[No Variations]"
Change component parameters (AddParameter): Name = "ComponentLink2Description"; Value = "Datasheet Link"; VariantName = "[No Variations]"
Change component parameters (AddParameter): Name = "ComponentLink2URL"; Value = "https://www.we-online.com/redexpert/spec/156120RS82500?ad"; VariantName = "[No Variations]"
Change component parameters (AddParameter): Name = "Dominant Wavelength"; Value = "624nm"; VariantName = "[No Variations]"
Change component parameters (AddParameter): Name = "Emitting Color"; Value = "Red"; VariantName = "[No Variations]"
Change component parameters (AddParameter): Name = "Forward Voltage"; Value = "2V"; VariantName = "[No Variations]"
Change component parameters (AddParameter): Name = "Height"; Value = "1.85mm"; VariantName = "[No Variations]"
Change component parameters (AddParameter): Name = "Length"; Value = "3.2mm"; VariantName = "[No Variations]"
Change component parameters (AddParameter): Name = "Luminous Intensity"; Value = "1100mcd"; VariantName = "[No Variations]"
Change component parameters (AddParameter): Name = "Manufacturer"; Value = "Wurth Elektronik"; VariantName = "[No Variations]"
Change component parameters (AddParameter): Name = "Manufacturer Part Number"; Value = "156120RS82500"; VariantName = "[No Variations]"
Change component parameters (AddParameter): Name = "Match Code"; Value = "WL-SMRW"; VariantName = "[No Variations]"
Change component parameters (AddParameter): Name = "Mount"; Value = "Surface Mount"; VariantName = "[No Variations]"
Change component parameters (AddParameter): Name = "Operating Temperature Max"; Value = "85°C"; VariantName = "[No Variations]"
Change component parameters (AddParameter): Name = "Operating Temperature Min"; Value = "-40°C"; VariantName = "[No Variations]"
Change component parameters (AddParameter): Name = "Packaging"; Value = "Tape and Reel"; VariantName = "[No Variations]"
Change component parameters (AddParameter): Name = "Peak Wavelength"; Value = "632nm"; VariantName = "[No Variations]"
Change component parameters (AddParameter): Name = "Viewing Angle"; Value = "20°"; VariantName = "[No Variations]"
Change component parameters (AddParameter): Name = "Width"; Value = "1.6mm"; VariantName = "[No Variations]"
Change component parameters: Designator = "" ("D10"); Footprint = "WL-SMRW_1206 dome_normal use"; UniqueID = "\DAVRPIGI" ("\DAVRPIGI")
Change component parameters (AddParameter): Name = "Case/Size Code"; Value = "1206 dome"; VariantName = "[No Variations]"
Change component parameters (AddParameter): Name = "Category"; Value = "Signal LEDs"; VariantName = "[No Variations]"
Change component parameters (AddParameter): Name = "Chip Technology"; Value = "AlInGaP"; VariantName = "[No Variations]"
Change component parameters (AddParameter): Name = "ComponentLink1Description"; Value = "Website Link"; VariantName = "[No Variations]"
Change component parameters (AddParameter): Name = "ComponentLink1URL"; Value = "https://www.we-online.com/redexpert/article/156120RS82500?ad"; VariantName = "[No Variations]"
Change component parameters (AddParameter): Name = "ComponentLink2Description"; Value = "Datasheet Link"; VariantName = "[No Variations]"
Change component parameters (AddParameter): Name = "ComponentLink2URL"; Value = "https://www.we-online.com/redexpert/spec/156120RS82500?ad"; VariantName = "[No Variations]"
Change component parameters (AddParameter): Name = "Dominant Wavelength"; Value = "624nm"; VariantName = "[No Variations]"
Change component parameters (AddParameter): Name = "Emitting Color"; Value = "Red"; VariantName = "[No Variations]"
Change component parameters (AddParameter): Name = "Forward Voltage"; Value = "2V"; VariantName = "[No Variations]"
Change component parameters (AddParameter): Name = "Height"; Value = "1.85mm"; VariantName = "[No Variations]"
Change component parameters (AddParameter): Name = "Length"; Value = "3.2mm"; VariantName = "[No Variations]"
Change component parameters (AddParameter): Name = "Luminous Intensity"; Value = "1100mcd"; VariantName = "[No Variations]"
Change component parameters (AddParameter): Name = "Manufacturer"; Value = "Wurth Elektronik"; VariantName = "[No Variations]"
Change component parameters (AddParameter): Name = "Manufacturer Part Number"; Value = "156120RS82500"; VariantName = "[No Variations]"
Change component parameters (AddParameter): Name = "Match Code"; Value = "WL-SMRW"; VariantName = "[No Variations]"
Change component parameters (AddParameter): Name = "Mount"; Value = "Surface Mount"; VariantName = "[No Variations]"
Change component parameters (AddParameter): Name = "Operating Temperature Max"; Value = "85°C"; VariantName = "[No Variations]"
Change component parameters (AddParameter): Name = "Operating Temperature Min"; Value = "-40°C"; VariantName = "[No Variations]"
Change component parameters (AddParameter): Name = "Packaging"; Value = "Tape and Reel"; VariantName = "[No Variations]"
Change component parameters (AddParameter): Name = "Peak Wavelength"; Value = "632nm"; VariantName = "[No Variations]"
Change component parameters (AddParameter): Name = "Viewing Angle"; Value = "20°"; VariantName = "[No Variations]"
Change component parameters (AddParameter): Name = "Width"; Value = "1.6mm"; VariantName = "[No Variations]"
Change component parameters: Designator = "" ("D7"); Footprint = "WL-SMRW_1206 dome_normal use"; UniqueID = "\MVKXCQJH" ("\MVKXCQJH")
Change component parameters (AddParameter): Name = "Case/Size Code"; Value = "1206 dome"; VariantName = "[No Variations]"
Change component parameters (AddParameter): Name = "Category"; Value = "Signal LEDs"; VariantName = "[No Variations]"
Change component parameters (AddParameter): Name = "Chip Technology"; Value = "AlInGaP"; VariantName = "[No Variations]"
Change component parameters (AddParameter): Name = "ComponentLink1Description"; Value = "Website Link"; VariantName = "[No Variations]"
Change component parameters (AddParameter): Name = "ComponentLink1URL"; Value = "https://www.we-online.com/redexpert/article/156120RS82500?ad"; VariantName = "[No Variations]"
Change component parameters (AddParameter): Name = "ComponentLink2Description"; Value = "Datasheet Link"; VariantName = "[No Variations]"
Change component parameters (AddParameter): Name = "ComponentLink2URL"; Value = "https://www.we-online.com/redexpert/spec/156120RS82500?ad"; VariantName = "[No Variations]"
Change component parameters (AddParameter): Name = "Dominant Wavelength"; Value = "624nm"; VariantName = "[No Variations]"
Change component parameters (AddParameter): Name = "Emitting Color"; Value = "Red"; VariantName = "[No Variations]"
Change component parameters (AddParameter): Name = "Forward Voltage"; Value = "2V"; VariantName = "[No Variations]"
Change component parameters (AddParameter): Name = "Height"; Value = "1.85mm"; VariantName = "[No Variations]"
Change component parameters (AddParameter): Name = "Length"; Value = "3.2mm"; VariantName = "[No Variations]"
Change component parameters (AddParameter): Name = "Luminous Intensity"; Value = "1100mcd"; VariantName = "[No Variations]"
Change component parameters (AddParameter): Name = "Manufacturer"; Value = "Wurth Elektronik"; VariantName = "[No Variations]"
Change component parameters (AddParameter): Name = "Manufacturer Part Number"; Value = "156120RS82500"; VariantName = "[No Variations]"
Change component parameters (AddParameter): Name = "Match Code"; Value = "WL-SMRW"; VariantName = "[No Variations]"
Change component parameters (AddParameter): Name = "Mount"; Value = "Surface Mount"; VariantName = "[No Variations]"
Change component parameters (AddParameter): Name = "Operating Temperature Max"; Value = "85°C"; VariantName = "[No Variations]"
Change component parameters (AddParameter): Name = "Operating Temperature Min"; Value = "-40°C"; VariantName = "[No Variations]"
Change component parameters (AddParameter): Name = "Packaging"; Value = "Tape and Reel"; VariantName = "[No Variations]"
Change component parameters (AddParameter): Name = "Peak Wavelength"; Value = "632nm"; VariantName = "[No Variations]"
Change component parameters (AddParameter): Name = "Viewing Angle"; Value = "20°"; VariantName = "[No Variations]"
Change component parameters (AddParameter): Name = "Width"; Value = "1.6mm"; VariantName = "[No Variations]"
Change component parameters: Designator = "" ("D8"); Footprint = "WL-SMRW_1206 dome_normal use"; UniqueID = "\DRFJOVTT" ("\DRFJOVTT")
Change component parameters (AddParameter): Name = "Case/Size Code"; Value = "1206 dome"; VariantName = "[No Variations]"
Change component parameters (AddParameter): Name = "Category"; Value = "Signal LEDs"; VariantName = "[No Variations]"
Change component parameters (AddParameter): Name = "Chip Technology"; Value = "AlInGaP"; VariantName = "[No Variations]"
Change component parameters (AddParameter): Name = "ComponentLink1Description"; Value = "Website Link"; VariantName = "[No Variations]"
Change component parameters (AddParameter): Name = "ComponentLink1URL"; Value = "https://www.we-online.com/redexpert/article/156120RS82500?ad"; VariantName = "[No Variations]"
Change component parameters (AddParameter): Name = "ComponentLink2Description"; Value = "Datasheet Link"; VariantName = "[No Variations]"
Change component parameters (AddParameter): Name = "ComponentLink2URL"; Value = "https://www.we-online.com/redexpert/spec/156120RS82500?ad"; VariantName = "[No Variations]"
Change component parameters (AddParameter): Name = "Dominant Wavelength"; Value = "624nm"; VariantName = "[No Variations]"
Change component parameters (AddParameter): Name = "Emitting Color"; Value = "Red"; VariantName = "[No Variations]"
Change component parameters (AddParameter): Name = "Forward Voltage"; Value = "2V"; VariantName = "[No Variations]"
Change component parameters (AddParameter): Name = "Height"; Value = "1.85mm"; VariantName = "[No Variations]"
Change component parameters (AddParameter): Name = "Length"; Value = "3.2mm"; VariantName = "[No Variations]"
Change component parameters (AddParameter): Name = "Luminous Intensity"; Value = "1100mcd"; VariantName = "[No Variations]"
Change component parameters (AddParameter): Name = "Manufacturer"; Value = "Wurth Elektronik"; VariantName = "[No Variations]"
Change component parameters (AddParameter): Name = "Manufacturer Part Number"; Value = "156120RS82500"; VariantName = "[No Variations]"
Change component parameters (AddParameter): Name = "Match Code"; Value = "WL-SMRW"; VariantName = "[No Variations]"
Change component parameters (AddParameter): Name = "Mount"; Value = "Surface Mount"; VariantName = "[No Variations]"
Change component parameters (AddParameter): Name = "Operating Temperature Max"; Value = "85°C"; VariantName = "[No Variations]"
Change component parameters (AddParameter): Name = "Operating Temperature Min"; Value = "-40°C"; VariantName = "[No Variations]"
Change component parameters (AddParameter): Name = "Packaging"; Value = "Tape and Reel"; VariantName = "[No Variations]"
Change component parameters (AddParameter): Name = "Peak Wavelength"; Value = "632nm"; VariantName = "[No Variations]"
Change component parameters (AddParameter): Name = "Viewing Angle"; Value = "20°"; VariantName = "[No Variations]"
Change component parameters (AddParameter): Name = "Width"; Value = "1.6mm"; VariantName = "[No Variations]"
Change component parameters: Designator = "" ("D13"); Footprint = "WL-SMRW_1206 dome_normal use"; UniqueID = "\IQPGOYYX" ("\IQPGOYYX")
Change component parameters (AddParameter): Name = "Case/Size Code"; Value = "1206 dome"; VariantName = "[No Variations]"
Change component parameters (AddParameter): Name = "Category"; Value = "Signal LEDs"; VariantName = "[No Variations]"
Change component parameters (AddParameter): Name = "Chip Technology"; Value = "AlInGaP"; VariantName = "[No Variations]"
Change component parameters (AddParameter): Name = "ComponentLink1Description"; Value = "Website Link"; VariantName = "[No Variations]"
Change component parameters (AddParameter): Name = "ComponentLink1URL"; Value = "https://www.we-online.com/redexpert/article/156120RS82500?ad"; VariantName = "[No Variations]"
Change component parameters (AddParameter): Name = "ComponentLink2Description"; Value = "Datasheet Link"; VariantName = "[No Variations]"
Change component parameters (AddParameter): Name = "ComponentLink2URL"; Value = "https://www.we-online.com/redexpert/spec/156120RS82500?ad"; VariantName = "[No Variations]"
Change component parameters (AddParameter): Name = "Dominant Wavelength"; Value = "624nm"; VariantName = "[No Variations]"
Change component parameters (AddParameter): Name = "Emitting Color"; Value = "Red"; VariantName = "[No Variations]"
Change component parameters (AddParameter): Name = "Forward Voltage"; Value = "2V"; VariantName = "[No Variations]"
Change component parameters (AddParameter): Name = "Height"; Value = "1.85mm"; VariantName = "[No Variations]"
Change component parameters (AddParameter): Name = "Length"; Value = "3.2mm"; VariantName = "[No Variations]"
Change component parameters (AddParameter): Name = "Luminous Intensity"; Value = "1100mcd"; VariantName = "[No Variations]"
Change component parameters (AddParameter): Name = "Manufacturer"; Value = "Wurth Elektronik"; VariantName = "[No Variations]"
Change component parameters (AddParameter): Name = "Manufacturer Part Number"; Value = "156120RS82500"; VariantName = "[No Variations]"
Change component parameters (AddParameter): Name = "Match Code"; Value = "WL-SMRW"; VariantName = "[No Variations]"
Change component parameters (AddParameter): Name = "Mount"; Value = "Surface Mount"; VariantName = "[No Variations]"
Change component parameters (AddParameter): Name = "Operating Temperature Max"; Value = "85°C"; VariantName = "[No Variations]"
Change component parameters (AddParameter): Name = "Operating Temperature Min"; Value = "-40°C"; VariantName = "[No Variations]"
Change component parameters (AddParameter): Name = "Packaging"; Value = "Tape and Reel"; VariantName = "[No Variations]"
Change component parameters (AddParameter): Name = "Peak Wavelength"; Value = "632nm"; VariantName = "[No Variations]"
Change component parameters (AddParameter): Name = "Viewing Angle"; Value = "20°"; VariantName = "[No Variations]"
Change component parameters (AddParameter): Name = "Width"; Value = "1.6mm"; VariantName = "[No Variations]"
Change component parameters: Designator = "" ("D14"); Footprint = "WL-SMRW_1206 dome_normal use"; UniqueID = "\GIBCFFEH" ("\GIBCFFEH")
Change component parameters (AddParameter): Name = "Case/Size Code"; Value = "1206 dome"; VariantName = "[No Variations]"
Change component parameters (AddParameter): Name = "Category"; Value = "Signal LEDs"; VariantName = "[No Variations]"
Change component parameters (AddParameter): Name = "Chip Technology"; Value = "AlInGaP"; VariantName = "[No Variations]"
Change component parameters (AddParameter): Name = "ComponentLink1Description"; Value = "Website Link"; VariantName = "[No Variations]"
Change component parameters (AddParameter): Name = "ComponentLink1URL"; Value = "https://www.we-online.com/redexpert/article/156120RS82500?ad"; VariantName = "[No Variations]"
Change component parameters (AddParameter): Name = "ComponentLink2Description"; Value = "Datasheet Link"; VariantName = "[No Variations]"
Change component parameters (AddParameter): Name = "ComponentLink2URL"; Value = "https://www.we-online.com/redexpert/spec/156120RS82500?ad"; VariantName = "[No Variations]"
Change component parameters (AddParameter): Name = "Dominant Wavelength"; Value = "624nm"; VariantName = "[No Variations]"
Change component parameters (AddParameter): Name = "Emitting Color"; Value = "Red"; VariantName = "[No Variations]"
Change component parameters (AddParameter): Name = "Forward Voltage"; Value = "2V"; VariantName = "[No Variations]"
Change component parameters (AddParameter): Name = "Height"; Value = "1.85mm"; VariantName = "[No Variations]"
Change component parameters (AddParameter): Name = "Length"; Value = "3.2mm"; VariantName = "[No Variations]"
Change component parameters (AddParameter): Name = "Luminous Intensity"; Value = "1100mcd"; VariantName = "[No Variations]"
Change component parameters (AddParameter): Name = "Manufacturer"; Value = "Wurth Elektronik"; VariantName = "[No Variations]"
Change component parameters (AddParameter): Name = "Manufacturer Part Number"; Value = "156120RS82500"; VariantName = "[No Variations]"
Change component parameters (AddParameter): Name = "Match Code"; Value = "WL-SMRW"; VariantName = "[No Variations]"
Change component parameters (AddParameter): Name = "Mount"; Value = "Surface Mount"; VariantName = "[No Variations]"
Change component parameters (AddParameter): Name = "Operating Temperature Max"; Value = "85°C"; VariantName = "[No Variations]"
Change component parameters (AddParameter): Name = "Operating Temperature Min"; Value = "-40°C"; VariantName = "[No Variations]"
Change component parameters (AddParameter): Name = "Packaging"; Value = "Tape and Reel"; VariantName = "[No Variations]"
Change component parameters (AddParameter): Name = "Peak Wavelength"; Value = "632nm"; VariantName = "[No Variations]"
Change component parameters (AddParameter): Name = "Viewing Angle"; Value = "20°"; VariantName = "[No Variations]"
Change component parameters (AddParameter): Name = "Width"; Value = "1.6mm"; VariantName = "[No Variations]"
Change component parameters: Designator = "" ("D11"); Footprint = "WL-SMRW_1206 dome_normal use"; UniqueID = "\PWSFMITF" ("\PWSFMITF")
Change component parameters (AddParameter): Name = "Case/Size Code"; Value = "1206 dome"; VariantName = "[No Variations]"
Change component parameters (AddParameter): Name = "Category"; Value = "Signal LEDs"; VariantName = "[No Variations]"
Change component parameters (AddParameter): Name = "Chip Technology"; Value = "AlInGaP"; VariantName = "[No Variations]"
Change component parameters (AddParameter): Name = "ComponentLink1Description"; Value = "Website Link"; VariantName = "[No Variations]"
Change component parameters (AddParameter): Name = "ComponentLink1URL"; Value = "https://www.we-online.com/redexpert/article/156120RS82500?ad"; VariantName = "[No Variations]"
Change component parameters (AddParameter): Name = "ComponentLink2Description"; Value = "Datasheet Link"; VariantName = "[No Variations]"
Change component parameters (AddParameter): Name = "ComponentLink2URL"; Value = "https://www.we-online.com/redexpert/spec/156120RS82500?ad"; VariantName = "[No Variations]"
Change component parameters (AddParameter): Name = "Dominant Wavelength"; Value = "624nm"; VariantName = "[No Variations]"
Change component parameters (AddParameter): Name = "Emitting Color"; Value = "Red"; VariantName = "[No Variations]"
Change component parameters (AddParameter): Name = "Forward Voltage"; Value = "2V"; VariantName = "[No Variations]"
Change component parameters (AddParameter): Name = "Height"; Value = "1.85mm"; VariantName = "[No Variations]"
Change component parameters (AddParameter): Name = "Length"; Value = "3.2mm"; VariantName = "[No Variations]"
Change component parameters (AddParameter): Name = "Luminous Intensity"; Value = "1100mcd"; VariantName = "[No Variations]"
Change component parameters (AddParameter): Name = "Manufacturer"; Value = "Wurth Elektronik"; VariantName = "[No Variations]"
Change component parameters (AddParameter): Name = "Manufacturer Part Number"; Value = "156120RS82500"; VariantName = "[No Variations]"
Change component parameters (AddParameter): Name = "Match Code"; Value = "WL-SMRW"; VariantName = "[No Variations]"
Change component parameters (AddParameter): Name = "Mount"; Value = "Surface Mount"; VariantName = "[No Variations]"
Change component parameters (AddParameter): Name = "Operating Temperature Max"; Value = "85°C"; VariantName = "[No Variations]"
Change component parameters (AddParameter): Name = "Operating Temperature Min"; Value = "-40°C"; VariantName = "[No Variations]"
Change component parameters (AddParameter): Name = "Packaging"; Value = "Tape and Reel"; VariantName = "[No Variations]"
Change component parameters (AddParameter): Name = "Peak Wavelength"; Value = "632nm"; VariantName = "[No Variations]"
Change component parameters (AddParameter): Name = "Viewing Angle"; Value = "20°"; VariantName = "[No Variations]"
Change component parameters (AddParameter): Name = "Width"; Value = "1.6mm"; VariantName = "[No Variations]"
Change component parameters: Designator = "" ("D12"); Footprint = "WL-SMRW_1206 dome_normal use"; UniqueID = "\MPABRPSK" ("\MPABRPSK")
Change component parameters (AddParameter): Name = "Case/Size Code"; Value = "1206 dome"; VariantName = "[No Variations]"
Change component parameters (AddParameter): Name = "Category"; Value = "Signal LEDs"; VariantName = "[No Variations]"
Change component parameters (AddParameter): Name = "Chip Technology"; Value = "AlInGaP"; VariantName = "[No Variations]"
Change component parameters (AddParameter): Name = "ComponentLink1Description"; Value = "Website Link"; VariantName = "[No Variations]"
Change component parameters (AddParameter): Name = "ComponentLink1URL"; Value = "https://www.we-online.com/redexpert/article/156120RS82500?ad"; VariantName = "[No Variations]"
Change component parameters (AddParameter): Name = "ComponentLink2Description"; Value = "Datasheet Link"; VariantName = "[No Variations]"
Change component parameters (AddParameter): Name = "ComponentLink2URL"; Value = "https://www.we-online.com/redexpert/spec/156120RS82500?ad"; VariantName = "[No Variations]"
Change component parameters (AddParameter): Name = "Dominant Wavelength"; Value = "624nm"; VariantName = "[No Variations]"
Change component parameters (AddParameter): Name = "Emitting Color"; Value = "Red"; VariantName = "[No Variations]"
Change component parameters (AddParameter): Name = "Forward Voltage"; Value = "2V"; VariantName = "[No Variations]"
Change component parameters (AddParameter): Name = "Height"; Value = "1.85mm"; VariantName = "[No Variations]"
Change component parameters (AddParameter): Name = "Length"; Value = "3.2mm"; VariantName = "[No Variations]"
Change component parameters (AddParameter): Name = "Luminous Intensity"; Value = "1100mcd"; VariantName = "[No Variations]"
Change component parameters (AddParameter): Name = "Manufacturer"; Value = "Wurth Elektronik"; VariantName = "[No Variations]"
Change component parameters (AddParameter): Name = "Manufacturer Part Number"; Value = "156120RS82500"; VariantName = "[No Variations]"
Change component parameters (AddParameter): Name = "Match Code"; Value = "WL-SMRW"; VariantName = "[No Variations]"
Change component parameters (AddParameter): Name = "Mount"; Value = "Surface Mount"; VariantName = "[No Variations]"
Change component parameters (AddParameter): Name = "Operating Temperature Max"; Value = "85°C"; VariantName = "[No Variations]"
Change component parameters (AddParameter): Name = "Operating Temperature Min"; Value = "-40°C"; VariantName = "[No Variations]"
Change component parameters (AddParameter): Name = "Packaging"; Value = "Tape and Reel"; VariantName = "[No Variations]"
Change component parameters (AddParameter): Name = "Peak Wavelength"; Value = "632nm"; VariantName = "[No Variations]"
Change component parameters (AddParameter): Name = "Viewing Angle"; Value = "20°"; VariantName = "[No Variations]"
Change component parameters (AddParameter): Name = "Width"; Value = "1.6mm"; VariantName = "[No Variations]"
Change component parameters: Designator = "" ("D33"); Footprint = "DIOM4325X250N"; UniqueID = "\KGWTTHRV" ("\KGWTTHRV")
Change component parameters (AddParameter): Name = "Check_prices"; Value = "https://www.snapeda.com/parts/SMAJ26A/taiwan/view-part/?ref=eda"; VariantName = "[No Variations]"
Change component parameters (AddParameter): Name = "MF"; Value = "Taiwan Semiconductor"; VariantName = "[No Variations]"
Change component parameters (AddParameter): Name = "MP"; Value = "SMAJ26A"; VariantName = "[No Variations]"
Change component parameters (AddParameter): Name = "Package"; Value = "SMA-2 Taiwan Semiconductor"; VariantName = "[No Variations]"
Change component parameters (AddParameter): Name = "SnapEDA_Link"; Value = "https://www.snapeda.com/parts/SMAJ26A/taiwan/view-part/?ref=snap"; VariantName = "[No Variations]"
Change component parameters (AddParameter): Name = "Value"; Value = ""; VariantName = "[No Variations]"
Change component parameters: Designator = "" ("J1"); Footprint = "PHOENIX_1715721"; UniqueID = "\MHHZGLMY" ("\MHHZGLMY")
Change component parameters (AddParameter): Name = "Availability"; Value = "Unavailable"; VariantName = "[No Variations]"
Change component parameters (AddParameter): Name = "MF"; Value = ""; VariantName = "[No Variations]"
Change component parameters (AddParameter): Name = "MP"; Value = "1715721"; VariantName = "[No Variations]"
Change component parameters (AddParameter): Name = "Package"; Value = "None"; VariantName = "[No Variations]"
Change component parameters (AddParameter): Name = "Price"; Value = "None"; VariantName = "[No Variations]"
Change component parameters (AddParameter): Name = "Value"; Value = ""; VariantName = "[No Variations]"
Change component parameters: Designator = "" ("D31"); Footprint = "DIOM4325X250N"; UniqueID = "\SHYMHVCE" ("\SHYMHVCE")
Change component parameters (AddParameter): Name = "Check_prices"; Value = "https://www.snapeda.com/parts/SMAJ26A/taiwan/view-part/?ref=eda"; VariantName = "[No Variations]"
Change component parameters (AddParameter): Name = "MF"; Value = "Taiwan Semiconductor"; VariantName = "[No Variations]"
Change component parameters (AddParameter): Name = "MP"; Value = "SMAJ26A"; VariantName = "[No Variations]"
Change component parameters (AddParameter): Name = "Package"; Value = "SMA-2 Taiwan Semiconductor"; VariantName = "[No Variations]"
Change component parameters (AddParameter): Name = "SnapEDA_Link"; Value = "https://www.snapeda.com/parts/SMAJ26A/taiwan/view-part/?ref=snap"; VariantName = "[No Variations]"
Change component parameters (AddParameter): Name = "Value"; Value = ""; VariantName = "[No Variations]"
Change component parameters: Designator = "" ("D32"); Footprint = "DIOM4325X250N"; UniqueID = "\EZCKFDRB" ("\EZCKFDRB")
Change component parameters (AddParameter): Name = "Check_prices"; Value = "https://www.snapeda.com/parts/SMAJ26A/taiwan/view-part/?ref=eda"; VariantName = "[No Variations]"
Change component parameters (AddParameter): Name = "MF"; Value = "Taiwan Semiconductor"; VariantName = "[No Variations]"
Change component parameters (AddParameter): Name = "MP"; Value = "SMAJ26A"; VariantName = "[No Variations]"
Change component parameters (AddParameter): Name = "Package"; Value = "SMA-2 Taiwan Semiconductor"; VariantName = "[No Variations]"
Change component parameters (AddParameter): Name = "SnapEDA_Link"; Value = "https://www.snapeda.com/parts/SMAJ26A/taiwan/view-part/?ref=snap"; VariantName = "[No Variations]"
Change component parameters (AddParameter): Name = "Value"; Value = ""; VariantName = "[No Variations]"
Change component parameters: Designator = "" ("J4"); Footprint = "PHOENIX_1759020"; UniqueID = "\WYOMCIIH" ("\WYOMCIIH")
Change component parameters (AddParameter): Name = "Check_prices"; Value = "https://www.snapeda.com/parts/1759020/Phoenix+Contact/view-part/?ref=eda"; VariantName = "[No Variations]"
Change component parameters (AddParameter): Name = "MF"; Value = "Phoenix Contact"; VariantName = "[No Variations]"
Change component parameters (AddParameter): Name = "MP"; Value = "1759020"; VariantName = "[No Variations]"
Change component parameters (AddParameter): Name = "Package"; Value = "None"; VariantName = "[No Variations]"
Change component parameters (AddParameter): Name = "SnapEDA_Link"; Value = "https://www.snapeda.com/parts/1759020/Phoenix+Contact/view-part/?ref=snap"; VariantName = "[No Variations]"
Change component parameters (AddParameter): Name = "Value"; Value = ""; VariantName = "[No Variations]"
Change component parameters: Designator = "" ("J5"); Footprint = "PHOENIX_1715721"; UniqueID = "\ETEEWUVE" ("\ETEEWUVE")
Change component parameters (AddParameter): Name = "Availability"; Value = "Unavailable"; VariantName = "[No Variations]"
Change component parameters (AddParameter): Name = "MF"; Value = ""; VariantName = "[No Variations]"
Change component parameters (AddParameter): Name = "MP"; Value = "1715721"; VariantName = "[No Variations]"
Change component parameters (AddParameter): Name = "Package"; Value = "None"; VariantName = "[No Variations]"
Change component parameters (AddParameter): Name = "Price"; Value = "None"; VariantName = "[No Variations]"
Change component parameters (AddParameter): Name = "Value"; Value = ""; VariantName = "[No Variations]"
Change component parameters: Designator = "" ("J2"); Footprint = "SAMTEC_MTSW-104-24-G-S-230"; UniqueID = "\DKPXHMWE" ("\DKPXHMWE")
Change component parameters (AddParameter): Name = "Availability"; Value = "Unavailable"; VariantName = "[No Variations]"
Change component parameters (AddParameter): Name = "MF"; Value = ""; VariantName = "[No Variations]"
Change component parameters (AddParameter): Name = "MP"; Value = "MTSW-104-24-G-S-230"; VariantName = "[No Variations]"
Change component parameters (AddParameter): Name = "Package"; Value = "None"; VariantName = "[No Variations]"
Change component parameters (AddParameter): Name = "Price"; Value = "None"; VariantName = "[No Variations]"
Change component parameters (AddParameter): Name = "Value"; Value = ""; VariantName = "[No Variations]"
Change component parameters: Designator = "" ("J3"); Footprint = "SAMTEC_MTSW-104-24-G-S-230"; UniqueID = "\SVMSFCDS" ("\SVMSFCDS")
Change component parameters (AddParameter): Name = "Availability"; Value = "Unavailable"; VariantName = "[No Variations]"
Change component parameters (AddParameter): Name = "MF"; Value = ""; VariantName = "[No Variations]"
Change component parameters (AddParameter): Name = "MP"; Value = "MTSW-104-24-G-S-230"; VariantName = "[No Variations]"
Change component parameters (AddParameter): Name = "Package"; Value = "None"; VariantName = "[No Variations]"
Change component parameters (AddParameter): Name = "Price"; Value = "None"; VariantName = "[No Variations]"
Change component parameters (AddParameter): Name = "Value"; Value = ""; VariantName = "[No Variations]"
Change component parameters: Designator = "" ("D25"); Footprint = "WL-SMRW_1206 dome_normal use"; UniqueID = "\MXZYNKNC" ("\MXZYNKNC")
Change component parameters (AddParameter): Name = "Case/Size Code"; Value = "1206 dome"; VariantName = "[No Variations]"
Change component parameters (AddParameter): Name = "Category"; Value = "Signal LEDs"; VariantName = "[No Variations]"
Change component parameters (AddParameter): Name = "Chip Technology"; Value = "AlInGaP"; VariantName = "[No Variations]"
Change component parameters (AddParameter): Name = "ComponentLink1Description"; Value = "Website Link"; VariantName = "[No Variations]"
Change component parameters (AddParameter): Name = "ComponentLink1URL"; Value = "https://www.we-online.com/redexpert/article/156120RS82500?ad"; VariantName = "[No Variations]"
Change component parameters (AddParameter): Name = "ComponentLink2Description"; Value = "Datasheet Link"; VariantName = "[No Variations]"
Change component parameters (AddParameter): Name = "ComponentLink2URL"; Value = "https://www.we-online.com/redexpert/spec/156120RS82500?ad"; VariantName = "[No Variations]"
Change component parameters (AddParameter): Name = "Dominant Wavelength"; Value = "624nm"; VariantName = "[No Variations]"
Change component parameters (AddParameter): Name = "Emitting Color"; Value = "Red"; VariantName = "[No Variations]"
Change component parameters (AddParameter): Name = "Forward Voltage"; Value = "2V"; VariantName = "[No Variations]"
Change component parameters (AddParameter): Name = "Height"; Value = "1.85mm"; VariantName = "[No Variations]"
Change component parameters (AddParameter): Name = "Length"; Value = "3.2mm"; VariantName = "[No Variations]"
Change component parameters (AddParameter): Name = "Luminous Intensity"; Value = "1100mcd"; VariantName = "[No Variations]"
Change component parameters (AddParameter): Name = "Manufacturer"; Value = "Wurth Elektronik"; VariantName = "[No Variations]"
Change component parameters (AddParameter): Name = "Manufacturer Part Number"; Value = "156120RS82500"; VariantName = "[No Variations]"
Change component parameters (AddParameter): Name = "Match Code"; Value = "WL-SMRW"; VariantName = "[No Variations]"
Change component parameters (AddParameter): Name = "Mount"; Value = "Surface Mount"; VariantName = "[No Variations]"
Change component parameters (AddParameter): Name = "Operating Temperature Max"; Value = "85°C"; VariantName = "[No Variations]"
Change component parameters (AddParameter): Name = "Operating Temperature Min"; Value = "-40°C"; VariantName = "[No Variations]"
Change component parameters (AddParameter): Name = "Packaging"; Value = "Tape and Reel"; VariantName = "[No Variations]"
Change component parameters (AddParameter): Name = "Peak Wavelength"; Value = "632nm"; VariantName = "[No Variations]"
Change component parameters (AddParameter): Name = "Viewing Angle"; Value = "20°"; VariantName = "[No Variations]"
Change component parameters (AddParameter): Name = "Width"; Value = "1.6mm"; VariantName = "[No Variations]"
Change component parameters: Designator = "" ("D26"); Footprint = "WL-SMRW_1206 dome_normal use"; UniqueID = "\DGHMSHMO" ("\DGHMSHMO")
Change component parameters (AddParameter): Name = "Case/Size Code"; Value = "1206 dome"; VariantName = "[No Variations]"
Change component parameters (AddParameter): Name = "Category"; Value = "Signal LEDs"; VariantName = "[No Variations]"
Change component parameters (AddParameter): Name = "Chip Technology"; Value = "AlInGaP"; VariantName = "[No Variations]"
Change component parameters (AddParameter): Name = "ComponentLink1Description"; Value = "Website Link"; VariantName = "[No Variations]"
Change component parameters (AddParameter): Name = "ComponentLink1URL"; Value = "https://www.we-online.com/redexpert/article/156120RS82500?ad"; VariantName = "[No Variations]"
Change component parameters (AddParameter): Name = "ComponentLink2Description"; Value = "Datasheet Link"; VariantName = "[No Variations]"
Change component parameters (AddParameter): Name = "ComponentLink2URL"; Value = "https://www.we-online.com/redexpert/spec/156120RS82500?ad"; VariantName = "[No Variations]"
Change component parameters (AddParameter): Name = "Dominant Wavelength"; Value = "624nm"; VariantName = "[No Variations]"
Change component parameters (AddParameter): Name = "Emitting Color"; Value = "Red"; VariantName = "[No Variations]"
Change component parameters (AddParameter): Name = "Forward Voltage"; Value = "2V"; VariantName = "[No Variations]"
Change component parameters (AddParameter): Name = "Height"; Value = "1.85mm"; VariantName = "[No Variations]"
Change component parameters (AddParameter): Name = "Length"; Value = "3.2mm"; VariantName = "[No Variations]"
Change component parameters (AddParameter): Name = "Luminous Intensity"; Value = "1100mcd"; VariantName = "[No Variations]"
Change component parameters (AddParameter): Name = "Manufacturer"; Value = "Wurth Elektronik"; VariantName = "[No Variations]"
Change component parameters (AddParameter): Name = "Manufacturer Part Number"; Value = "156120RS82500"; VariantName = "[No Variations]"
Change component parameters (AddParameter): Name = "Match Code"; Value = "WL-SMRW"; VariantName = "[No Variations]"
Change component parameters (AddParameter): Name = "Mount"; Value = "Surface Mount"; VariantName = "[No Variations]"
Change component parameters (AddParameter): Name = "Operating Temperature Max"; Value = "85°C"; VariantName = "[No Variations]"
Change component parameters (AddParameter): Name = "Operating Temperature Min"; Value = "-40°C"; VariantName = "[No Variations]"
Change component parameters (AddParameter): Name = "Packaging"; Value = "Tape and Reel"; VariantName = "[No Variations]"
Change component parameters (AddParameter): Name = "Peak Wavelength"; Value = "632nm"; VariantName = "[No Variations]"
Change component parameters (AddParameter): Name = "Viewing Angle"; Value = "20°"; VariantName = "[No Variations]"
Change component parameters (AddParameter): Name = "Width"; Value = "1.6mm"; VariantName = "[No Variations]"
Change component parameters: Designator = "" ("D23"); Footprint = "WL-SMRW_1206 dome_normal use"; UniqueID = "\NIBJMXHI" ("\NIBJMXHI")
Change component parameters (AddParameter): Name = "Case/Size Code"; Value = "1206 dome"; VariantName = "[No Variations]"
Change component parameters (AddParameter): Name = "Category"; Value = "Signal LEDs"; VariantName = "[No Variations]"
Change component parameters (AddParameter): Name = "Chip Technology"; Value = "AlInGaP"; VariantName = "[No Variations]"
Change component parameters (AddParameter): Name = "ComponentLink1Description"; Value = "Website Link"; VariantName = "[No Variations]"
Change component parameters (AddParameter): Name = "ComponentLink1URL"; Value = "https://www.we-online.com/redexpert/article/156120RS82500?ad"; VariantName = "[No Variations]"
Change component parameters (AddParameter): Name = "ComponentLink2Description"; Value = "Datasheet Link"; VariantName = "[No Variations]"
Change component parameters (AddParameter): Name = "ComponentLink2URL"; Value = "https://www.we-online.com/redexpert/spec/156120RS82500?ad"; VariantName = "[No Variations]"
Change component parameters (AddParameter): Name = "Dominant Wavelength"; Value = "624nm"; VariantName = "[No Variations]"
Change component parameters (AddParameter): Name = "Emitting Color"; Value = "Red"; VariantName = "[No Variations]"
Change component parameters (AddParameter): Name = "Forward Voltage"; Value = "2V"; VariantName = "[No Variations]"
Change component parameters (AddParameter): Name = "Height"; Value = "1.85mm"; VariantName = "[No Variations]"
Change component parameters (AddParameter): Name = "Length"; Value = "3.2mm"; VariantName = "[No Variations]"
Change component parameters (AddParameter): Name = "Luminous Intensity"; Value = "1100mcd"; VariantName = "[No Variations]"
Change component parameters (AddParameter): Name = "Manufacturer"; Value = "Wurth Elektronik"; VariantName = "[No Variations]"
Change component parameters (AddParameter): Name = "Manufacturer Part Number"; Value = "156120RS82500"; VariantName = "[No Variations]"
Change component parameters (AddParameter): Name = "Match Code"; Value = "WL-SMRW"; VariantName = "[No Variations]"
Change component parameters (AddParameter): Name = "Mount"; Value = "Surface Mount"; VariantName = "[No Variations]"
Change component parameters (AddParameter): Name = "Operating Temperature Max"; Value = "85°C"; VariantName = "[No Variations]"
Change component parameters (AddParameter): Name = "Operating Temperature Min"; Value = "-40°C"; VariantName = "[No Variations]"
Change component parameters (AddParameter): Name = "Packaging"; Value = "Tape and Reel"; VariantName = "[No Variations]"
Change component parameters (AddParameter): Name = "Peak Wavelength"; Value = "632nm"; VariantName = "[No Variations]"
Change component parameters (AddParameter): Name = "Viewing Angle"; Value = "20°"; VariantName = "[No Variations]"
Change component parameters (AddParameter): Name = "Width"; Value = "1.6mm"; VariantName = "[No Variations]"
Change component parameters: Designator = "" ("D24"); Footprint = "WL-SMRW_1206 dome_normal use"; UniqueID = "\CIVMQFUL" ("\CIVMQFUL")
Change component parameters (AddParameter): Name = "Case/Size Code"; Value = "1206 dome"; VariantName = "[No Variations]"
Change component parameters (AddParameter): Name = "Category"; Value = "Signal LEDs"; VariantName = "[No Variations]"
Change component parameters (AddParameter): Name = "Chip Technology"; Value = "AlInGaP"; VariantName = "[No Variations]"
Change component parameters (AddParameter): Name = "ComponentLink1Description"; Value = "Website Link"; VariantName = "[No Variations]"
Change component parameters (AddParameter): Name = "ComponentLink1URL"; Value = "https://www.we-online.com/redexpert/article/156120RS82500?ad"; VariantName = "[No Variations]"
Change component parameters (AddParameter): Name = "ComponentLink2Description"; Value = "Datasheet Link"; VariantName = "[No Variations]"
Change component parameters (AddParameter): Name = "ComponentLink2URL"; Value = "https://www.we-online.com/redexpert/spec/156120RS82500?ad"; VariantName = "[No Variations]"
Change component parameters (AddParameter): Name = "Dominant Wavelength"; Value = "624nm"; VariantName = "[No Variations]"
Change component parameters (AddParameter): Name = "Emitting Color"; Value = "Red"; VariantName = "[No Variations]"
Change component parameters (AddParameter): Name = "Forward Voltage"; Value = "2V"; VariantName = "[No Variations]"
Change component parameters (AddParameter): Name = "Height"; Value = "1.85mm"; VariantName = "[No Variations]"
Change component parameters (AddParameter): Name = "Length"; Value = "3.2mm"; VariantName = "[No Variations]"
Change component parameters (AddParameter): Name = "Luminous Intensity"; Value = "1100mcd"; VariantName = "[No Variations]"
Change component parameters (AddParameter): Name = "Manufacturer"; Value = "Wurth Elektronik"; VariantName = "[No Variations]"
Change component parameters (AddParameter): Name = "Manufacturer Part Number"; Value = "156120RS82500"; VariantName = "[No Variations]"
Change component parameters (AddParameter): Name = "Match Code"; Value = "WL-SMRW"; VariantName = "[No Variations]"
Change component parameters (AddParameter): Name = "Mount"; Value = "Surface Mount"; VariantName = "[No Variations]"
Change component parameters (AddParameter): Name = "Operating Temperature Max"; Value = "85°C"; VariantName = "[No Variations]"
Change component parameters (AddParameter): Name = "Operating Temperature Min"; Value = "-40°C"; VariantName = "[No Variations]"
Change component parameters (AddParameter): Name = "Packaging"; Value = "Tape and Reel"; VariantName = "[No Variations]"
Change component parameters (AddParameter): Name = "Peak Wavelength"; Value = "632nm"; VariantName = "[No Variations]"
Change component parameters (AddParameter): Name = "Viewing Angle"; Value = "20°"; VariantName = "[No Variations]"
Change component parameters (AddParameter): Name = "Width"; Value = "1.6mm"; VariantName = "[No Variations]"
Change component parameters: Designator = "" ("D29"); Footprint = "WL-SMRW_1206 dome_normal use"; UniqueID = "\ZBBYOAPS" ("\ZBBYOAPS")
Change component parameters (AddParameter): Name = "Case/Size Code"; Value = "1206 dome"; VariantName = "[No Variations]"
Change component parameters (AddParameter): Name = "Category"; Value = "Signal LEDs"; VariantName = "[No Variations]"
Change component parameters (AddParameter): Name = "Chip Technology"; Value = "AlInGaP"; VariantName = "[No Variations]"
Change component parameters (AddParameter): Name = "ComponentLink1Description"; Value = "Website Link"; VariantName = "[No Variations]"
Change component parameters (AddParameter): Name = "ComponentLink1URL"; Value = "https://www.we-online.com/redexpert/article/156120RS82500?ad"; VariantName = "[No Variations]"
Change component parameters (AddParameter): Name = "ComponentLink2Description"; Value = "Datasheet Link"; VariantName = "[No Variations]"
Change component parameters (AddParameter): Name = "ComponentLink2URL"; Value = "https://www.we-online.com/redexpert/spec/156120RS82500?ad"; VariantName = "[No Variations]"
Change component parameters (AddParameter): Name = "Dominant Wavelength"; Value = "624nm"; VariantName = "[No Variations]"
Change component parameters (AddParameter): Name = "Emitting Color"; Value = "Red"; VariantName = "[No Variations]"
Change component parameters (AddParameter): Name = "Forward Voltage"; Value = "2V"; VariantName = "[No Variations]"
Change component parameters (AddParameter): Name = "Height"; Value = "1.85mm"; VariantName = "[No Variations]"
Change component parameters (AddParameter): Name = "Length"; Value = "3.2mm"; VariantName = "[No Variations]"
Change component parameters (AddParameter): Name = "Luminous Intensity"; Value = "1100mcd"; VariantName = "[No Variations]"
Change component parameters (AddParameter): Name = "Manufacturer"; Value = "Wurth Elektronik"; VariantName = "[No Variations]"
Change component parameters (AddParameter): Name = "Manufacturer Part Number"; Value = "156120RS82500"; VariantName = "[No Variations]"
Change component parameters (AddParameter): Name = "Match Code"; Value = "WL-SMRW"; VariantName = "[No Variations]"
Change component parameters (AddParameter): Name = "Mount"; Value = "Surface Mount"; VariantName = "[No Variations]"
Change component parameters (AddParameter): Name = "Operating Temperature Max"; Value = "85°C"; VariantName = "[No Variations]"
Change component parameters (AddParameter): Name = "Operating Temperature Min"; Value = "-40°C"; VariantName = "[No Variations]"
Change component parameters (AddParameter): Name = "Packaging"; Value = "Tape and Reel"; VariantName = "[No Variations]"
Change component parameters (AddParameter): Name = "Peak Wavelength"; Value = "632nm"; VariantName = "[No Variations]"
Change component parameters (AddParameter): Name = "Viewing Angle"; Value = "20°"; VariantName = "[No Variations]"
Change component parameters (AddParameter): Name = "Width"; Value = "1.6mm"; VariantName = "[No Variations]"
Change component parameters: Designator = "" ("D30"); Footprint = "DIOM4325X250N"; UniqueID = "\GTXKPCOY" ("\GTXKPCOY")
Change component parameters (AddParameter): Name = "Check_prices"; Value = "https://www.snapeda.com/parts/SMAJ26A/taiwan/view-part/?ref=eda"; VariantName = "[No Variations]"
Change component parameters (AddParameter): Name = "MF"; Value = "Taiwan Semiconductor"; VariantName = "[No Variations]"
Change component parameters (AddParameter): Name = "MP"; Value = "SMAJ26A"; VariantName = "[No Variations]"
Change component parameters (AddParameter): Name = "Package"; Value = "SMA-2 Taiwan Semiconductor"; VariantName = "[No Variations]"
Change component parameters (AddParameter): Name = "SnapEDA_Link"; Value = "https://www.snapeda.com/parts/SMAJ26A/taiwan/view-part/?ref=snap"; VariantName = "[No Variations]"
Change component parameters (AddParameter): Name = "Value"; Value = ""; VariantName = "[No Variations]"
Change component parameters: Designator = "" ("D27"); Footprint = "WL-SMRW_1206 dome_normal use"; UniqueID = "\DHAHJROM" ("\DHAHJROM")
Change component parameters (AddParameter): Name = "Case/Size Code"; Value = "1206 dome"; VariantName = "[No Variations]"
Change component parameters (AddParameter): Name = "Category"; Value = "Signal LEDs"; VariantName = "[No Variations]"
Change component parameters (AddParameter): Name = "Chip Technology"; Value = "AlInGaP"; VariantName = "[No Variations]"
Change component parameters (AddParameter): Name = "ComponentLink1Description"; Value = "Website Link"; VariantName = "[No Variations]"
Change component parameters (AddParameter): Name = "ComponentLink1URL"; Value = "https://www.we-online.com/redexpert/article/156120RS82500?ad"; VariantName = "[No Variations]"
Change component parameters (AddParameter): Name = "ComponentLink2Description"; Value = "Datasheet Link"; VariantName = "[No Variations]"
Change component parameters (AddParameter): Name = "ComponentLink2URL"; Value = "https://www.we-online.com/redexpert/spec/156120RS82500?ad"; VariantName = "[No Variations]"
Change component parameters (AddParameter): Name = "Dominant Wavelength"; Value = "624nm"; VariantName = "[No Variations]"
Change component parameters (AddParameter): Name = "Emitting Color"; Value = "Red"; VariantName = "[No Variations]"
Change component parameters (AddParameter): Name = "Forward Voltage"; Value = "2V"; VariantName = "[No Variations]"
Change component parameters (AddParameter): Name = "Height"; Value = "1.85mm"; VariantName = "[No Variations]"
Change component parameters (AddParameter): Name = "Length"; Value = "3.2mm"; VariantName = "[No Variations]"
Change component parameters (AddParameter): Name = "Luminous Intensity"; Value = "1100mcd"; VariantName = "[No Variations]"
Change component parameters (AddParameter): Name = "Manufacturer"; Value = "Wurth Elektronik"; VariantName = "[No Variations]"
Change component parameters (AddParameter): Name = "Manufacturer Part Number"; Value = "156120RS82500"; VariantName = "[No Variations]"
Change component parameters (AddParameter): Name = "Match Code"; Value = "WL-SMRW"; VariantName = "[No Variations]"
Change component parameters (AddParameter): Name = "Mount"; Value = "Surface Mount"; VariantName = "[No Variations]"
Change component parameters (AddParameter): Name = "Operating Temperature Max"; Value = "85°C"; VariantName = "[No Variations]"
Change component parameters (AddParameter): Name = "Operating Temperature Min"; Value = "-40°C"; VariantName = "[No Variations]"
Change component parameters (AddParameter): Name = "Packaging"; Value = "Tape and Reel"; VariantName = "[No Variations]"
Change component parameters (AddParameter): Name = "Peak Wavelength"; Value = "632nm"; VariantName = "[No Variations]"
Change component parameters (AddParameter): Name = "Viewing Angle"; Value = "20°"; VariantName = "[No Variations]"
Change component parameters (AddParameter): Name = "Width"; Value = "1.6mm"; VariantName = "[No Variations]"
Change component parameters: Designator = "" ("D28"); Footprint = "WL-SMRW_1206 dome_normal use"; UniqueID = "\OQZRUURF" ("\OQZRUURF")
Change component parameters (AddParameter): Name = "Case/Size Code"; Value = "1206 dome"; VariantName = "[No Variations]"
Change component parameters (AddParameter): Name = "Category"; Value = "Signal LEDs"; VariantName = "[No Variations]"
Change component parameters (AddParameter): Name = "Chip Technology"; Value = "AlInGaP"; VariantName = "[No Variations]"
Change component parameters (AddParameter): Name = "ComponentLink1Description"; Value = "Website Link"; VariantName = "[No Variations]"
Change component parameters (AddParameter): Name = "ComponentLink1URL"; Value = "https://www.we-online.com/redexpert/article/156120RS82500?ad"; VariantName = "[No Variations]"
Change component parameters (AddParameter): Name = "ComponentLink2Description"; Value = "Datasheet Link"; VariantName = "[No Variations]"
Change component parameters (AddParameter): Name = "ComponentLink2URL"; Value = "https://www.we-online.com/redexpert/spec/156120RS82500?ad"; VariantName = "[No Variations]"
Change component parameters (AddParameter): Name = "Dominant Wavelength"; Value = "624nm"; VariantName = "[No Variations]"
Change component parameters (AddParameter): Name = "Emitting Color"; Value = "Red"; VariantName = "[No Variations]"
Change component parameters (AddParameter): Name = "Forward Voltage"; Value = "2V"; VariantName = "[No Variations]"
Change component parameters (AddParameter): Name = "Height"; Value = "1.85mm"; VariantName = "[No Variations]"
Change component parameters (AddParameter): Name = "Length"; Value = "3.2mm"; VariantName = "[No Variations]"
Change component parameters (AddParameter): Name = "Luminous Intensity"; Value = "1100mcd"; VariantName = "[No Variations]"
Change component parameters (AddParameter): Name = "Manufacturer"; Value = "Wurth Elektronik"; VariantName = "[No Variations]"
Change component parameters (AddParameter): Name = "Manufacturer Part Number"; Value = "156120RS82500"; VariantName = "[No Variations]"
Change component parameters (AddParameter): Name = "Match Code"; Value = "WL-SMRW"; VariantName = "[No Variations]"
Change component parameters (AddParameter): Name = "Mount"; Value = "Surface Mount"; VariantName = "[No Variations]"
Change component parameters (AddParameter): Name = "Operating Temperature Max"; Value = "85°C"; VariantName = "[No Variations]"
Change component parameters (AddParameter): Name = "Operating Temperature Min"; Value = "-40°C"; VariantName = "[No Variations]"
Change component parameters (AddParameter): Name = "Packaging"; Value = "Tape and Reel"; VariantName = "[No Variations]"
Change component parameters (AddParameter): Name = "Peak Wavelength"; Value = "632nm"; VariantName = "[No Variations]"
Change component parameters (AddParameter): Name = "Viewing Angle"; Value = "20°"; VariantName = "[No Variations]"
Change component parameters (AddParameter): Name = "Width"; Value = "1.6mm"; VariantName = "[No Variations]"
Change component parameters: Designator = "" ("D6"); Footprint = "WL-SMRW_1206 dome_normal use"; UniqueID = "\TMFFRUWR" ("\TMFFRUWR")
Change component parameters (AddParameter): Name = "Case/Size Code"; Value = "1206 dome"; VariantName = "[No Variations]"
Change component parameters (AddParameter): Name = "Category"; Value = "Signal LEDs"; VariantName = "[No Variations]"
Change component parameters (AddParameter): Name = "Chip Technology"; Value = "AlInGaP"; VariantName = "[No Variations]"
Change component parameters (AddParameter): Name = "ComponentLink1Description"; Value = "Website Link"; VariantName = "[No Variations]"
Change component parameters (AddParameter): Name = "ComponentLink1URL"; Value = "https://www.we-online.com/redexpert/article/156120RS82500?ad"; VariantName = "[No Variations]"
Change component parameters (AddParameter): Name = "ComponentLink2Description"; Value = "Datasheet Link"; VariantName = "[No Variations]"
Change component parameters (AddParameter): Name = "ComponentLink2URL"; Value = "https://www.we-online.com/redexpert/spec/156120RS82500?ad"; VariantName = "[No Variations]"
Change component parameters (AddParameter): Name = "Dominant Wavelength"; Value = "624nm"; VariantName = "[No Variations]"
Change component parameters (AddParameter): Name = "Emitting Color"; Value = "Red"; VariantName = "[No Variations]"
Change component parameters (AddParameter): Name = "Forward Voltage"; Value = "2V"; VariantName = "[No Variations]"
Change component parameters (AddParameter): Name = "Height"; Value = "1.85mm"; VariantName = "[No Variations]"
Change component parameters (AddParameter): Name = "Length"; Value = "3.2mm"; VariantName = "[No Variations]"
Change component parameters (AddParameter): Name = "Luminous Intensity"; Value = "1100mcd"; VariantName = "[No Variations]"
Change component parameters (AddParameter): Name = "Manufacturer"; Value = "Wurth Elektronik"; VariantName = "[No Variations]"
Change component parameters (AddParameter): Name = "Manufacturer Part Number"; Value = "156120RS82500"; VariantName = "[No Variations]"
Change component parameters (AddParameter): Name = "Match Code"; Value = "WL-SMRW"; VariantName = "[No Variations]"
Change component parameters (AddParameter): Name = "Mount"; Value = "Surface Mount"; VariantName = "[No Variations]"
Change component parameters (AddParameter): Name = "Operating Temperature Max"; Value = "85°C"; VariantName = "[No Variations]"
Change component parameters (AddParameter): Name = "Operating Temperature Min"; Value = "-40°C"; VariantName = "[No Variations]"
Change component parameters (AddParameter): Name = "Packaging"; Value = "Tape and Reel"; VariantName = "[No Variations]"
Change component parameters (AddParameter): Name = "Peak Wavelength"; Value = "632nm"; VariantName = "[No Variations]"
Change component parameters (AddParameter): Name = "Viewing Angle"; Value = "20°"; VariantName = "[No Variations]"
Change component parameters (AddParameter): Name = "Width"; Value = "1.6mm"; VariantName = "[No Variations]"
Change component parameters: Designator = "" ("C11"); Footprint = "CAPC3216X180N"; UniqueID = "\GVKBYEMH" ("\GVKBYEMH")
Change component parameters (AddParameter): Name = "Availability"; Value = "In Stock"; VariantName = "[No Variations]"
Change component parameters (AddParameter): Name = "Check_prices"; Value = "https://www.snapeda.com/parts/CGA5L3X8R1H105M160AB/TDK/view-part/?ref=eda"; VariantName = "[No Variations]"
Change component parameters (AddParameter): Name = "MF"; Value = "TDK"; VariantName = "[No Variations]"
Change component parameters (AddParameter): Name = "MP"; Value = "CGA5L3X8R1H105M160AB"; VariantName = "[No Variations]"
Change component parameters (AddParameter): Name = "Package"; Value = "3216 TDK"; VariantName = "[No Variations]"
Change component parameters (AddParameter): Name = "Price"; Value = "None"; VariantName = "[No Variations]"
Change component parameters (AddParameter): Name = "Purchase-URL"; Value = "https://pricing.snapeda.com/search/part/CGA5L3X8R1H105M160AB/?ref=eda"; VariantName = "[No Variations]"
Change component parameters (AddParameter): Name = "SnapEDA_Link"; Value = "https://www.snapeda.com/parts/CGA5L3X8R1H105M160AB/TDK/view-part/?ref=snap"; VariantName = "[No Variations]"
Change component parameters (AddParameter): Name = "Value"; Value = ""; VariantName = "[No Variations]"
Change component parameters: Designator = "" ("C12"); Footprint = "CAPC3216X180N"; UniqueID = "\SNZCWMEN" ("\SNZCWMEN")
Change component parameters (AddParameter): Name = "Availability"; Value = "In Stock"; VariantName = "[No Variations]"
Change component parameters (AddParameter): Name = "Check_prices"; Value = "https://www.snapeda.com/parts/CGA5L3X8R1H105M160AB/TDK/view-part/?ref=eda"; VariantName = "[No Variations]"
Change component parameters (AddParameter): Name = "MF"; Value = "TDK"; VariantName = "[No Variations]"
Change component parameters (AddParameter): Name = "MP"; Value = "CGA5L3X8R1H105M160AB"; VariantName = "[No Variations]"
Change component parameters (AddParameter): Name = "Package"; Value = "3216 TDK"; VariantName = "[No Variations]"
Change component parameters (AddParameter): Name = "Price"; Value = "None"; VariantName = "[No Variations]"
Change component parameters (AddParameter): Name = "Purchase-URL"; Value = "https://pricing.snapeda.com/search/part/CGA5L3X8R1H105M160AB/?ref=eda"; VariantName = "[No Variations]"
Change component parameters (AddParameter): Name = "SnapEDA_Link"; Value = "https://www.snapeda.com/parts/CGA5L3X8R1H105M160AB/TDK/view-part/?ref=snap"; VariantName = "[No Variations]"
Change component parameters (AddParameter): Name = "Value"; Value = ""; VariantName = "[No Variations]"
Change component parameters: Designator = "" ("C9"); Footprint = "CAPC3216X180N"; UniqueID = "\ERRFODIO" ("\ERRFODIO")
Change component parameters (AddParameter): Name = "Availability"; Value = "In Stock"; VariantName = "[No Variations]"
Change component parameters (AddParameter): Name = "Check_prices"; Value = "https://www.snapeda.com/parts/CGA5L3X8R1H105M160AB/TDK/view-part/?ref=eda"; VariantName = "[No Variations]"
Change component parameters (AddParameter): Name = "MF"; Value = "TDK"; VariantName = "[No Variations]"
Change component parameters (AddParameter): Name = "MP"; Value = "CGA5L3X8R1H105M160AB"; VariantName = "[No Variations]"
Change component parameters (AddParameter): Name = "Package"; Value = "3216 TDK"; VariantName = "[No Variations]"
Change component parameters (AddParameter): Name = "Price"; Value = "None"; VariantName = "[No Variations]"
Change component parameters (AddParameter): Name = "Purchase-URL"; Value = "https://pricing.snapeda.com/search/part/CGA5L3X8R1H105M160AB/?ref=eda"; VariantName = "[No Variations]"
Change component parameters (AddParameter): Name = "SnapEDA_Link"; Value = "https://www.snapeda.com/parts/CGA5L3X8R1H105M160AB/TDK/view-part/?ref=snap"; VariantName = "[No Variations]"
Change component parameters (AddParameter): Name = "Value"; Value = ""; VariantName = "[No Variations]"
Change component parameters: Designator = "" ("C10"); Footprint = "CAPC3216X180N"; UniqueID = "\CKZERRAP" ("\CKZERRAP")
Change component parameters (AddParameter): Name = "Availability"; Value = "In Stock"; VariantName = "[No Variations]"
Change component parameters (AddParameter): Name = "Check_prices"; Value = "https://www.snapeda.com/parts/CGA5L3X8R1H105M160AB/TDK/view-part/?ref=eda"; VariantName = "[No Variations]"
Change component parameters (AddParameter): Name = "MF"; Value = "TDK"; VariantName = "[No Variations]"
Change component parameters (AddParameter): Name = "MP"; Value = "CGA5L3X8R1H105M160AB"; VariantName = "[No Variations]"
Change component parameters (AddParameter): Name = "Package"; Value = "3216 TDK"; VariantName = "[No Variations]"
Change component parameters (AddParameter): Name = "Price"; Value = "None"; VariantName = "[No Variations]"
Change component parameters (AddParameter): Name = "Purchase-URL"; Value = "https://pricing.snapeda.com/search/part/CGA5L3X8R1H105M160AB/?ref=eda"; VariantName = "[No Variations]"
Change component parameters (AddParameter): Name = "SnapEDA_Link"; Value = "https://www.snapeda.com/parts/CGA5L3X8R1H105M160AB/TDK/view-part/?ref=snap"; VariantName = "[No Variations]"
Change component parameters (AddParameter): Name = "Value"; Value = ""; VariantName = "[No Variations]"
Change component parameters: Designator = "" ("C15"); Footprint = "CAPC3216X180N"; UniqueID = "\RWMGTUJX" ("\RWMGTUJX")
Change component parameters (AddParameter): Name = "Availability"; Value = "In Stock"; VariantName = "[No Variations]"
Change component parameters (AddParameter): Name = "Check_prices"; Value = "https://www.snapeda.com/parts/CGA5L3X8R1H105M160AB/TDK/view-part/?ref=eda"; VariantName = "[No Variations]"
Change component parameters (AddParameter): Name = "MF"; Value = "TDK"; VariantName = "[No Variations]"
Change component parameters (AddParameter): Name = "MP"; Value = "CGA5L3X8R1H105M160AB"; VariantName = "[No Variations]"
Change component parameters (AddParameter): Name = "Package"; Value = "3216 TDK"; VariantName = "[No Variations]"
Change component parameters (AddParameter): Name = "Price"; Value = "None"; VariantName = "[No Variations]"
Change component parameters (AddParameter): Name = "Purchase-URL"; Value = "https://pricing.snapeda.com/search/part/CGA5L3X8R1H105M160AB/?ref=eda"; VariantName = "[No Variations]"
Change component parameters (AddParameter): Name = "SnapEDA_Link"; Value = "https://www.snapeda.com/parts/CGA5L3X8R1H105M160AB/TDK/view-part/?ref=snap"; VariantName = "[No Variations]"
Change component parameters (AddParameter): Name = "Value"; Value = ""; VariantName = "[No Variations]"
Change component parameters: Designator = "" ("C16"); Footprint = "CAPC3216X180N"; UniqueID = "\DHWNBAKV" ("\DHWNBAKV")
Change component parameters (AddParameter): Name = "Availability"; Value = "In Stock"; VariantName = "[No Variations]"
Change component parameters (AddParameter): Name = "Check_prices"; Value = "https://www.snapeda.com/parts/CGA5L3X8R1H105M160AB/TDK/view-part/?ref=eda"; VariantName = "[No Variations]"
Change component parameters (AddParameter): Name = "MF"; Value = "TDK"; VariantName = "[No Variations]"
Change component parameters (AddParameter): Name = "MP"; Value = "CGA5L3X8R1H105M160AB"; VariantName = "[No Variations]"
Change component parameters (AddParameter): Name = "Package"; Value = "3216 TDK"; VariantName = "[No Variations]"
Change component parameters (AddParameter): Name = "Price"; Value = "None"; VariantName = "[No Variations]"
Change component parameters (AddParameter): Name = "Purchase-URL"; Value = "https://pricing.snapeda.com/search/part/CGA5L3X8R1H105M160AB/?ref=eda"; VariantName = "[No Variations]"
Change component parameters (AddParameter): Name = "SnapEDA_Link"; Value = "https://www.snapeda.com/parts/CGA5L3X8R1H105M160AB/TDK/view-part/?ref=snap"; VariantName = "[No Variations]"
Change component parameters (AddParameter): Name = "Value"; Value = ""; VariantName = "[No Variations]"
Change component parameters: Designator = "" ("C13"); Footprint = "CAP_EEEFN1H101L"; UniqueID = "\GTXCUTZS" ("\GTXCUTZS")
Change component parameters (AddParameter): Name = "Check_prices"; Value = "https://www.snapeda.com/parts/EEEFN1H101L/Panasonic/view-part/?ref=eda"; VariantName = "[No Variations]"
Change component parameters (AddParameter): Name = "MF"; Value = "Panasonic"; VariantName = "[No Variations]"
Change component parameters (AddParameter): Name = "MP"; Value = "EEEFN1H101L"; VariantName = "[No Variations]"
Change component parameters (AddParameter): Name = "Package"; Value = "RADIAL-2 Panasonic"; VariantName = "[No Variations]"
Change component parameters (AddParameter): Name = "SnapEDA_Link"; Value = "https://www.snapeda.com/parts/EEEFN1H101L/Panasonic/view-part/?ref=snap"; VariantName = "[No Variations]"
Change component parameters (AddParameter): Name = "Value"; Value = ""; VariantName = "[No Variations]"
Change component parameters: Designator = "" ("C14"); Footprint = "CAPC3216X180N"; UniqueID = "\MHRWRAEK" ("\MHRWRAEK")
Change component parameters (AddParameter): Name = "Availability"; Value = "In Stock"; VariantName = "[No Variations]"
Change component parameters (AddParameter): Name = "Check_prices"; Value = "https://www.snapeda.com/parts/CGA5L3X8R1H105M160AB/TDK/view-part/?ref=eda"; VariantName = "[No Variations]"
Change component parameters (AddParameter): Name = "MF"; Value = "TDK"; VariantName = "[No Variations]"
Change component parameters (AddParameter): Name = "MP"; Value = "CGA5L3X8R1H105M160AB"; VariantName = "[No Variations]"
Change component parameters (AddParameter): Name = "Package"; Value = "3216 TDK"; VariantName = "[No Variations]"
Change component parameters (AddParameter): Name = "Price"; Value = "None"; VariantName = "[No Variations]"
Change component parameters (AddParameter): Name = "Purchase-URL"; Value = "https://pricing.snapeda.com/search/part/CGA5L3X8R1H105M160AB/?ref=eda"; VariantName = "[No Variations]"
Change component parameters (AddParameter): Name = "SnapEDA_Link"; Value = "https://www.snapeda.com/parts/CGA5L3X8R1H105M160AB/TDK/view-part/?ref=snap"; VariantName = "[No Variations]"
Change component parameters (AddParameter): Name = "Value"; Value = ""; VariantName = "[No Variations]"
Change component parameters: Designator = "" ("C3"); Footprint = "CAP_EEEFN1H101L"; UniqueID = "\FTQUFTAK" ("\FTQUFTAK")
Change component parameters (AddParameter): Name = "Check_prices"; Value = "https://www.snapeda.com/parts/EEEFN1H101L/Panasonic/view-part/?ref=eda"; VariantName = "[No Variations]"
Change component parameters (AddParameter): Name = "MF"; Value = "Panasonic"; VariantName = "[No Variations]"
Change component parameters (AddParameter): Name = "MP"; Value = "EEEFN1H101L"; VariantName = "[No Variations]"
Change component parameters (AddParameter): Name = "Package"; Value = "RADIAL-2 Panasonic"; VariantName = "[No Variations]"
Change component parameters (AddParameter): Name = "SnapEDA_Link"; Value = "https://www.snapeda.com/parts/EEEFN1H101L/Panasonic/view-part/?ref=snap"; VariantName = "[No Variations]"
Change component parameters (AddParameter): Name = "Value"; Value = ""; VariantName = "[No Variations]"
Change component parameters: Designator = "" ("C4"); Footprint = "CAPC3216X180N"; UniqueID = "\HXMUCYRI" ("\HXMUCYRI")
Change component parameters (AddParameter): Name = "Availability"; Value = "In Stock"; VariantName = "[No Variations]"
Change component parameters (AddParameter): Name = "Check_prices"; Value = "https://www.snapeda.com/parts/CGA5L3X8R1H105M160AB/TDK/view-part/?ref=eda"; VariantName = "[No Variations]"
Change component parameters (AddParameter): Name = "MF"; Value = "TDK"; VariantName = "[No Variations]"
Change component parameters (AddParameter): Name = "MP"; Value = "CGA5L3X8R1H105M160AB"; VariantName = "[No Variations]"
Change component parameters (AddParameter): Name = "Package"; Value = "3216 TDK"; VariantName = "[No Variations]"
Change component parameters (AddParameter): Name = "Price"; Value = "None"; VariantName = "[No Variations]"
Change component parameters (AddParameter): Name = "Purchase-URL"; Value = "https://pricing.snapeda.com/search/part/CGA5L3X8R1H105M160AB/?ref=eda"; VariantName = "[No Variations]"
Change component parameters (AddParameter): Name = "SnapEDA_Link"; Value = "https://www.snapeda.com/parts/CGA5L3X8R1H105M160AB/TDK/view-part/?ref=snap"; VariantName = "[No Variations]"
Change component parameters (AddParameter): Name = "Value"; Value = ""; VariantName = "[No Variations]"
Change component parameters: Designator = "" ("C1"); Footprint = "CAP_EEEFN1H101L"; UniqueID = "\GJTUAHKM" ("\GJTUAHKM")
Change component parameters (AddParameter): Name = "Check_prices"; Value = "https://www.snapeda.com/parts/EEEFN1H101L/Panasonic/view-part/?ref=eda"; VariantName = "[No Variations]"
Change component parameters (AddParameter): Name = "MF"; Value = "Panasonic"; VariantName = "[No Variations]"
Change component parameters (AddParameter): Name = "MP"; Value = "EEEFN1H101L"; VariantName = "[No Variations]"
Change component parameters (AddParameter): Name = "Package"; Value = "RADIAL-2 Panasonic"; VariantName = "[No Variations]"
Change component parameters (AddParameter): Name = "SnapEDA_Link"; Value = "https://www.snapeda.com/parts/EEEFN1H101L/Panasonic/view-part/?ref=snap"; VariantName = "[No Variations]"
Change component parameters (AddParameter): Name = "Value"; Value = ""; VariantName = "[No Variations]"
Change component parameters: Designator = "" ("C2"); Footprint = "CAP_EEEFN1H101L"; UniqueID = "\OGQJSVCJ" ("\OGQJSVCJ")
Change component parameters (AddParameter): Name = "Check_prices"; Value = "https://www.snapeda.com/parts/EEEFN1H101L/Panasonic/view-part/?ref=eda"; VariantName = "[No Variations]"
Change component parameters (AddParameter): Name = "MF"; Value = "Panasonic"; VariantName = "[No Variations]"
Change component parameters (AddParameter): Name = "MP"; Value = "EEEFN1H101L"; VariantName = "[No Variations]"
Change component parameters (AddParameter): Name = "Package"; Value = "RADIAL-2 Panasonic"; VariantName = "[No Variations]"
Change component parameters (AddParameter): Name = "SnapEDA_Link"; Value = "https://www.snapeda.com/parts/EEEFN1H101L/Panasonic/view-part/?ref=snap"; VariantName = "[No Variations]"
Change component parameters (AddParameter): Name = "Value"; Value = ""; VariantName = "[No Variations]"
Change component parameters: Designator = "" ("C7"); Footprint = "CAPC3216X180N"; UniqueID = "\JRUAEJEE" ("\JRUAEJEE")
Change component parameters (AddParameter): Name = "Availability"; Value = "In Stock"; VariantName = "[No Variations]"
Change component parameters (AddParameter): Name = "Check_prices"; Value = "https://www.snapeda.com/parts/CGA5L3X8R1H105M160AB/TDK/view-part/?ref=eda"; VariantName = "[No Variations]"
Change component parameters (AddParameter): Name = "MF"; Value = "TDK"; VariantName = "[No Variations]"
Change component parameters (AddParameter): Name = "MP"; Value = "CGA5L3X8R1H105M160AB"; VariantName = "[No Variations]"
Change component parameters (AddParameter): Name = "Package"; Value = "3216 TDK"; VariantName = "[No Variations]"
Change component parameters (AddParameter): Name = "Price"; Value = "None"; VariantName = "[No Variations]"
Change component parameters (AddParameter): Name = "Purchase-URL"; Value = "https://pricing.snapeda.com/search/part/CGA5L3X8R1H105M160AB/?ref=eda"; VariantName = "[No Variations]"
Change component parameters (AddParameter): Name = "SnapEDA_Link"; Value = "https://www.snapeda.com/parts/CGA5L3X8R1H105M160AB/TDK/view-part/?ref=snap"; VariantName = "[No Variations]"
Change component parameters (AddParameter): Name = "Value"; Value = ""; VariantName = "[No Variations]"
Change component parameters: Designator = "" ("C8"); Footprint = "CAPC3216X180N"; UniqueID = "\YTQWDUJA" ("\YTQWDUJA")
Change component parameters (AddParameter): Name = "Availability"; Value = "In Stock"; VariantName = "[No Variations]"
Change component parameters (AddParameter): Name = "Check_prices"; Value = "https://www.snapeda.com/parts/CGA5L3X8R1H105M160AB/TDK/view-part/?ref=eda"; VariantName = "[No Variations]"
Change component parameters (AddParameter): Name = "MF"; Value = "TDK"; VariantName = "[No Variations]"
Change component parameters (AddParameter): Name = "MP"; Value = "CGA5L3X8R1H105M160AB"; VariantName = "[No Variations]"
Change component parameters (AddParameter): Name = "Package"; Value = "3216 TDK"; VariantName = "[No Variations]"
Change component parameters (AddParameter): Name = "Price"; Value = "None"; VariantName = "[No Variations]"
Change component parameters (AddParameter): Name = "Purchase-URL"; Value = "https://pricing.snapeda.com/search/part/CGA5L3X8R1H105M160AB/?ref=eda"; VariantName = "[No Variations]"
Change component parameters (AddParameter): Name = "SnapEDA_Link"; Value = "https://www.snapeda.com/parts/CGA5L3X8R1H105M160AB/TDK/view-part/?ref=snap"; VariantName = "[No Variations]"
Change component parameters (AddParameter): Name = "Value"; Value = ""; VariantName = "[No Variations]"
Change component parameters: Designator = "" ("C5"); Footprint = "CAP_EEEFN1H101L"; UniqueID = "\CCDHHCUN" ("\CCDHHCUN")
Change component parameters (AddParameter): Name = "Check_prices"; Value = "https://www.snapeda.com/parts/EEEFN1H101L/Panasonic/view-part/?ref=eda"; VariantName = "[No Variations]"
Change component parameters (AddParameter): Name = "MF"; Value = "Panasonic"; VariantName = "[No Variations]"
Change component parameters (AddParameter): Name = "MP"; Value = "EEEFN1H101L"; VariantName = "[No Variations]"
Change component parameters (AddParameter): Name = "Package"; Value = "RADIAL-2 Panasonic"; VariantName = "[No Variations]"
Change component parameters (AddParameter): Name = "SnapEDA_Link"; Value = "https://www.snapeda.com/parts/EEEFN1H101L/Panasonic/view-part/?ref=snap"; VariantName = "[No Variations]"
Change component parameters (AddParameter): Name = "Value"; Value = ""; VariantName = "[No Variations]"
Change component parameters: Designator = "" ("C6"); Footprint = "CAPC3216X180N"; UniqueID = "\CYVYLGYF" ("\CYVYLGYF")
Change component parameters (AddParameter): Name = "Availability"; Value = "In Stock"; VariantName = "[No Variations]"
Change component parameters (AddParameter): Name = "Check_prices"; Value = "https://www.snapeda.com/parts/CGA5L3X8R1H105M160AB/TDK/view-part/?ref=eda"; VariantName = "[No Variations]"
Change component parameters (AddParameter): Name = "MF"; Value = "TDK"; VariantName = "[No Variations]"
Change component parameters (AddParameter): Name = "MP"; Value = "CGA5L3X8R1H105M160AB"; VariantName = "[No Variations]"
Change component parameters (AddParameter): Name = "Package"; Value = "3216 TDK"; VariantName = "[No Variations]"
Change component parameters (AddParameter): Name = "Price"; Value = "None"; VariantName = "[No Variations]"
Change component parameters (AddParameter): Name = "Purchase-URL"; Value = "https://pricing.snapeda.com/search/part/CGA5L3X8R1H105M160AB/?ref=eda"; VariantName = "[No Variations]"
Change component parameters (AddParameter): Name = "SnapEDA_Link"; Value = "https://www.snapeda.com/parts/CGA5L3X8R1H105M160AB/TDK/view-part/?ref=snap"; VariantName = "[No Variations]"
Change component parameters (AddParameter): Name = "Value"; Value = ""; VariantName = "[No Variations]"
Change component parameters: Designator = "" ("C27"); Footprint = "CAPC3216X180N"; UniqueID = "\BFHUOJSX" ("\BFHUOJSX")
Change component parameters (AddParameter): Name = "Availability"; Value = "In Stock"; VariantName = "[No Variations]"
Change component parameters (AddParameter): Name = "Check_prices"; Value = "https://www.snapeda.com/parts/CGA5L3X8R1H105M160AB/TDK/view-part/?ref=eda"; VariantName = "[No Variations]"
Change component parameters (AddParameter): Name = "MF"; Value = "TDK"; VariantName = "[No Variations]"
Change component parameters (AddParameter): Name = "MP"; Value = "CGA5L3X8R1H105M160AB"; VariantName = "[No Variations]"
Change component parameters (AddParameter): Name = "Package"; Value = "3216 TDK"; VariantName = "[No Variations]"
Change component parameters (AddParameter): Name = "Price"; Value = "None"; VariantName = "[No Variations]"
Change component parameters (AddParameter): Name = "Purchase-URL"; Value = "https://pricing.snapeda.com/search/part/CGA5L3X8R1H105M160AB/?ref=eda"; VariantName = "[No Variations]"
Change component parameters (AddParameter): Name = "SnapEDA_Link"; Value = "https://www.snapeda.com/parts/CGA5L3X8R1H105M160AB/TDK/view-part/?ref=snap"; VariantName = "[No Variations]"
Change component parameters (AddParameter): Name = "Value"; Value = ""; VariantName = "[No Variations]"
Change component parameters: Designator = "" ("D1"); Footprint = "WL-SMRW_1206 dome_normal use"; UniqueID = "\HGCZYNXU" ("\HGCZYNXU")
Change component parameters (AddParameter): Name = "Case/Size Code"; Value = "1206 dome"; VariantName = "[No Variations]"
Change component parameters (AddParameter): Name = "Category"; Value = "Signal LEDs"; VariantName = "[No Variations]"
Change component parameters (AddParameter): Name = "Chip Technology"; Value = "AlInGaP"; VariantName = "[No Variations]"
Change component parameters (AddParameter): Name = "ComponentLink1Description"; Value = "Website Link"; VariantName = "[No Variations]"
Change component parameters (AddParameter): Name = "ComponentLink1URL"; Value = "https://www.we-online.com/redexpert/article/156120RS82500?ad"; VariantName = "[No Variations]"
Change component parameters (AddParameter): Name = "ComponentLink2Description"; Value = "Datasheet Link"; VariantName = "[No Variations]"
Change component parameters (AddParameter): Name = "ComponentLink2URL"; Value = "https://www.we-online.com/redexpert/spec/156120RS82500?ad"; VariantName = "[No Variations]"
Change component parameters (AddParameter): Name = "Dominant Wavelength"; Value = "624nm"; VariantName = "[No Variations]"
Change component parameters (AddParameter): Name = "Emitting Color"; Value = "Red"; VariantName = "[No Variations]"
Change component parameters (AddParameter): Name = "Forward Voltage"; Value = "2V"; VariantName = "[No Variations]"
Change component parameters (AddParameter): Name = "Height"; Value = "1.85mm"; VariantName = "[No Variations]"
Change component parameters (AddParameter): Name = "Length"; Value = "3.2mm"; VariantName = "[No Variations]"
Change component parameters (AddParameter): Name = "Luminous Intensity"; Value = "1100mcd"; VariantName = "[No Variations]"
Change component parameters (AddParameter): Name = "Manufacturer"; Value = "Wurth Elektronik"; VariantName = "[No Variations]"
Change component parameters (AddParameter): Name = "Manufacturer Part Number"; Value = "156120RS82500"; VariantName = "[No Variations]"
Change component parameters (AddParameter): Name = "Match Code"; Value = "WL-SMRW"; VariantName = "[No Variations]"
Change component parameters (AddParameter): Name = "Mount"; Value = "Surface Mount"; VariantName = "[No Variations]"
Change component parameters (AddParameter): Name = "Operating Temperature Max"; Value = "85°C"; VariantName = "[No Variations]"
Change component parameters (AddParameter): Name = "Operating Temperature Min"; Value = "-40°C"; VariantName = "[No Variations]"
Change component parameters (AddParameter): Name = "Packaging"; Value = "Tape and Reel"; VariantName = "[No Variations]"
Change component parameters (AddParameter): Name = "Peak Wavelength"; Value = "632nm"; VariantName = "[No Variations]"
Change component parameters (AddParameter): Name = "Viewing Angle"; Value = "20°"; VariantName = "[No Variations]"
Change component parameters (AddParameter): Name = "Width"; Value = "1.6mm"; VariantName = "[No Variations]"
Change component parameters: Designator = "" ("C25"); Footprint = "CAPC3216X180N"; UniqueID = "\QOXPDAAP" ("\QOXPDAAP")
Change component parameters (AddParameter): Name = "Availability"; Value = "In Stock"; VariantName = "[No Variations]"
Change component parameters (AddParameter): Name = "Check_prices"; Value = "https://www.snapeda.com/parts/CGA5L3X8R1H105M160AB/TDK/view-part/?ref=eda"; VariantName = "[No Variations]"
Change component parameters (AddParameter): Name = "MF"; Value = "TDK"; VariantName = "[No Variations]"
Change component parameters (AddParameter): Name = "MP"; Value = "CGA5L3X8R1H105M160AB"; VariantName = "[No Variations]"
Change component parameters (AddParameter): Name = "Package"; Value = "3216 TDK"; VariantName = "[No Variations]"
Change component parameters (AddParameter): Name = "Price"; Value = "None"; VariantName = "[No Variations]"
Change component parameters (AddParameter): Name = "Purchase-URL"; Value = "https://pricing.snapeda.com/search/part/CGA5L3X8R1H105M160AB/?ref=eda"; VariantName = "[No Variations]"
Change component parameters (AddParameter): Name = "SnapEDA_Link"; Value = "https://www.snapeda.com/parts/CGA5L3X8R1H105M160AB/TDK/view-part/?ref=snap"; VariantName = "[No Variations]"
Change component parameters (AddParameter): Name = "Value"; Value = ""; VariantName = "[No Variations]"
Change component parameters: Designator = "" ("C26"); Footprint = "CAP_EEEFN1H101L"; UniqueID = "\RCWBQNYD" ("\RCWBQNYD")
Change component parameters (AddParameter): Name = "Check_prices"; Value = "https://www.snapeda.com/parts/EEEFN1H101L/Panasonic/view-part/?ref=eda"; VariantName = "[No Variations]"
Change component parameters (AddParameter): Name = "MF"; Value = "Panasonic"; VariantName = "[No Variations]"
Change component parameters (AddParameter): Name = "MP"; Value = "EEEFN1H101L"; VariantName = "[No Variations]"
Change component parameters (AddParameter): Name = "Package"; Value = "RADIAL-2 Panasonic"; VariantName = "[No Variations]"
Change component parameters (AddParameter): Name = "SnapEDA_Link"; Value = "https://www.snapeda.com/parts/EEEFN1H101L/Panasonic/view-part/?ref=snap"; VariantName = "[No Variations]"
Change component parameters (AddParameter): Name = "Value"; Value = ""; VariantName = "[No Variations]"
Change component parameters: Designator = "" ("D4"); Footprint = "DIOM4325X250N"; UniqueID = "\AFYDEYLA" ("\AFYDEYLA")
Change component parameters (AddParameter): Name = "Check_prices"; Value = "https://www.snapeda.com/parts/SMAJ26A/taiwan/view-part/?ref=eda"; VariantName = "[No Variations]"
Change component parameters (AddParameter): Name = "MF"; Value = "Taiwan Semiconductor"; VariantName = "[No Variations]"
Change component parameters (AddParameter): Name = "MP"; Value = "SMAJ26A"; VariantName = "[No Variations]"
Change component parameters (AddParameter): Name = "Package"; Value = "SMA-2 Taiwan Semiconductor"; VariantName = "[No Variations]"
Change component parameters (AddParameter): Name = "SnapEDA_Link"; Value = "https://www.snapeda.com/parts/SMAJ26A/taiwan/view-part/?ref=snap"; VariantName = "[No Variations]"
Change component parameters (AddParameter): Name = "Value"; Value = ""; VariantName = "[No Variations]"
Change component parameters: Designator = "" ("D5"); Footprint = "DIOM4325X250N"; UniqueID = "\WMYICZFZ" ("\WMYICZFZ")
Change component parameters (AddParameter): Name = "Check_prices"; Value = "https://www.snapeda.com/parts/SMAJ26A/taiwan/view-part/?ref=eda"; VariantName = "[No Variations]"
Change component parameters (AddParameter): Name = "MF"; Value = "Taiwan Semiconductor"; VariantName = "[No Variations]"
Change component parameters (AddParameter): Name = "MP"; Value = "SMAJ26A"; VariantName = "[No Variations]"
Change component parameters (AddParameter): Name = "Package"; Value = "SMA-2 Taiwan Semiconductor"; VariantName = "[No Variations]"
Change component parameters (AddParameter): Name = "SnapEDA_Link"; Value = "https://www.snapeda.com/parts/SMAJ26A/taiwan/view-part/?ref=snap"; VariantName = "[No Variations]"
Change component parameters (AddParameter): Name = "Value"; Value = ""; VariantName = "[No Variations]"
Change component parameters: Designator = "" ("D2"); Footprint = "DIOM4325X250N"; UniqueID = "\DLVAPCFG" ("\DLVAPCFG")
Change component parameters (AddParameter): Name = "Check_prices"; Value = "https://www.snapeda.com/parts/SMAJ26A/taiwan/view-part/?ref=eda"; VariantName = "[No Variations]"
Change component parameters (AddParameter): Name = "MF"; Value = "Taiwan Semiconductor"; VariantName = "[No Variations]"
Change component parameters (AddParameter): Name = "MP"; Value = "SMAJ26A"; VariantName = "[No Variations]"
Change component parameters (AddParameter): Name = "Package"; Value = "SMA-2 Taiwan Semiconductor"; VariantName = "[No Variations]"
Change component parameters (AddParameter): Name = "SnapEDA_Link"; Value = "https://www.snapeda.com/parts/SMAJ26A/taiwan/view-part/?ref=snap"; VariantName = "[No Variations]"
Change component parameters (AddParameter): Name = "Value"; Value = ""; VariantName = "[No Variations]"
Change component parameters: Designator = "" ("D3"); Footprint = "DIOM4325X250N"; UniqueID = "\IDQIQXAX" ("\IDQIQXAX")
Change component parameters (AddParameter): Name = "Check_prices"; Value = "https://www.snapeda.com/parts/SMAJ26A/taiwan/view-part/?ref=eda"; VariantName = "[No Variations]"
Change component parameters (AddParameter): Name = "MF"; Value = "Taiwan Semiconductor"; VariantName = "[No Variations]"
Change component parameters (AddParameter): Name = "MP"; Value = "SMAJ26A"; VariantName = "[No Variations]"
Change component parameters (AddParameter): Name = "Package"; Value = "SMA-2 Taiwan Semiconductor"; VariantName = "[No Variations]"
Change component parameters (AddParameter): Name = "SnapEDA_Link"; Value = "https://www.snapeda.com/parts/SMAJ26A/taiwan/view-part/?ref=snap"; VariantName = "[No Variations]"
Change component parameters (AddParameter): Name = "Value"; Value = ""; VariantName = "[No Variations]"
Change component parameters: Designator = "" ("C19"); Footprint = "CAPC3216X180N"; UniqueID = "\LQEOATQC" ("\LQEOATQC")
Change component parameters (AddParameter): Name = "Availability"; Value = "In Stock"; VariantName = "[No Variations]"
Change component parameters (AddParameter): Name = "Check_prices"; Value = "https://www.snapeda.com/parts/CGA5L3X8R1H105M160AB/TDK/view-part/?ref=eda"; VariantName = "[No Variations]"
Change component parameters (AddParameter): Name = "MF"; Value = "TDK"; VariantName = "[No Variations]"
Change component parameters (AddParameter): Name = "MP"; Value = "CGA5L3X8R1H105M160AB"; VariantName = "[No Variations]"
Change component parameters (AddParameter): Name = "Package"; Value = "3216 TDK"; VariantName = "[No Variations]"
Change component parameters (AddParameter): Name = "Price"; Value = "None"; VariantName = "[No Variations]"
Change component parameters (AddParameter): Name = "Purchase-URL"; Value = "https://pricing.snapeda.com/search/part/CGA5L3X8R1H105M160AB/?ref=eda"; VariantName = "[No Variations]"
Change component parameters (AddParameter): Name = "SnapEDA_Link"; Value = "https://www.snapeda.com/parts/CGA5L3X8R1H105M160AB/TDK/view-part/?ref=snap"; VariantName = "[No Variations]"
Change component parameters (AddParameter): Name = "Value"; Value = ""; VariantName = "[No Variations]"
Change component parameters: Designator = "" ("C20"); Footprint = "CAPC3216X180N"; UniqueID = "\MQZBYJFU" ("\MQZBYJFU")
Change component parameters (AddParameter): Name = "Availability"; Value = "In Stock"; VariantName = "[No Variations]"
Change component parameters (AddParameter): Name = "Check_prices"; Value = "https://www.snapeda.com/parts/CGA5L3X8R1H105M160AB/TDK/view-part/?ref=eda"; VariantName = "[No Variations]"
Change component parameters (AddParameter): Name = "MF"; Value = "TDK"; VariantName = "[No Variations]"
Change component parameters (AddParameter): Name = "MP"; Value = "CGA5L3X8R1H105M160AB"; VariantName = "[No Variations]"
Change component parameters (AddParameter): Name = "Package"; Value = "3216 TDK"; VariantName = "[No Variations]"
Change component parameters (AddParameter): Name = "Price"; Value = "None"; VariantName = "[No Variations]"
Change component parameters (AddParameter): Name = "Purchase-URL"; Value = "https://pricing.snapeda.com/search/part/CGA5L3X8R1H105M160AB/?ref=eda"; VariantName = "[No Variations]"
Change component parameters (AddParameter): Name = "SnapEDA_Link"; Value = "https://www.snapeda.com/parts/CGA5L3X8R1H105M160AB/TDK/view-part/?ref=snap"; VariantName = "[No Variations]"
Change component parameters (AddParameter): Name = "Value"; Value = ""; VariantName = "[No Variations]"
Change component parameters: Designator = "" ("C17"); Footprint = "CAPC3216X180N"; UniqueID = "\YBFKKIYH" ("\YBFKKIYH")
Change component parameters (AddParameter): Name = "Availability"; Value = "In Stock"; VariantName = "[No Variations]"
Change component parameters (AddParameter): Name = "Check_prices"; Value = "https://www.snapeda.com/parts/CGA5L3X8R1H105M160AB/TDK/view-part/?ref=eda"; VariantName = "[No Variations]"
Change component parameters (AddParameter): Name = "MF"; Value = "TDK"; VariantName = "[No Variations]"
Change component parameters (AddParameter): Name = "MP"; Value = "CGA5L3X8R1H105M160AB"; VariantName = "[No Variations]"
Change component parameters (AddParameter): Name = "Package"; Value = "3216 TDK"; VariantName = "[No Variations]"
Change component parameters (AddParameter): Name = "Price"; Value = "None"; VariantName = "[No Variations]"
Change component parameters (AddParameter): Name = "Purchase-URL"; Value = "https://pricing.snapeda.com/search/part/CGA5L3X8R1H105M160AB/?ref=eda"; VariantName = "[No Variations]"
Change component parameters (AddParameter): Name = "SnapEDA_Link"; Value = "https://www.snapeda.com/parts/CGA5L3X8R1H105M160AB/TDK/view-part/?ref=snap"; VariantName = "[No Variations]"
Change component parameters (AddParameter): Name = "Value"; Value = ""; VariantName = "[No Variations]"
Change component parameters: Designator = "" ("C18"); Footprint = "CAPC3216X180N"; UniqueID = "\VNEGFQQL" ("\VNEGFQQL")
Change component parameters (AddParameter): Name = "Availability"; Value = "In Stock"; VariantName = "[No Variations]"
Change component parameters (AddParameter): Name = "Check_prices"; Value = "https://www.snapeda.com/parts/CGA5L3X8R1H105M160AB/TDK/view-part/?ref=eda"; VariantName = "[No Variations]"
Change component parameters (AddParameter): Name = "MF"; Value = "TDK"; VariantName = "[No Variations]"
Change component parameters (AddParameter): Name = "MP"; Value = "CGA5L3X8R1H105M160AB"; VariantName = "[No Variations]"
Change component parameters (AddParameter): Name = "Package"; Value = "3216 TDK"; VariantName = "[No Variations]"
Change component parameters (AddParameter): Name = "Price"; Value = "None"; VariantName = "[No Variations]"
Change component parameters (AddParameter): Name = "Purchase-URL"; Value = "https://pricing.snapeda.com/search/part/CGA5L3X8R1H105M160AB/?ref=eda"; VariantName = "[No Variations]"
Change component parameters (AddParameter): Name = "SnapEDA_Link"; Value = "https://www.snapeda.com/parts/CGA5L3X8R1H105M160AB/TDK/view-part/?ref=snap"; VariantName = "[No Variations]"
Change component parameters (AddParameter): Name = "Value"; Value = ""; VariantName = "[No Variations]"
Change component parameters: Designator = "" ("C23"); Footprint = "CAPC3216X180N"; UniqueID = "\MLCKNEZP" ("\MLCKNEZP")
Change component parameters (AddParameter): Name = "Availability"; Value = "In Stock"; VariantName = "[No Variations]"
Change component parameters (AddParameter): Name = "Check_prices"; Value = "https://www.snapeda.com/parts/CGA5L3X8R1H105M160AB/TDK/view-part/?ref=eda"; VariantName = "[No Variations]"
Change component parameters (AddParameter): Name = "MF"; Value = "TDK"; VariantName = "[No Variations]"
Change component parameters (AddParameter): Name = "MP"; Value = "CGA5L3X8R1H105M160AB"; VariantName = "[No Variations]"
Change component parameters (AddParameter): Name = "Package"; Value = "3216 TDK"; VariantName = "[No Variations]"
Change component parameters (AddParameter): Name = "Price"; Value = "None"; VariantName = "[No Variations]"
Change component parameters (AddParameter): Name = "Purchase-URL"; Value = "https://pricing.snapeda.com/search/part/CGA5L3X8R1H105M160AB/?ref=eda"; VariantName = "[No Variations]"
Change component parameters (AddParameter): Name = "SnapEDA_Link"; Value = "https://www.snapeda.com/parts/CGA5L3X8R1H105M160AB/TDK/view-part/?ref=snap"; VariantName = "[No Variations]"
Change component parameters (AddParameter): Name = "Value"; Value = ""; VariantName = "[No Variations]"
Change component parameters: Designator = "" ("C24"); Footprint = "CAPC3216X180N"; UniqueID = "\GHXMYGJQ" ("\GHXMYGJQ")
Change component parameters (AddParameter): Name = "Availability"; Value = "In Stock"; VariantName = "[No Variations]"
Change component parameters (AddParameter): Name = "Check_prices"; Value = "https://www.snapeda.com/parts/CGA5L3X8R1H105M160AB/TDK/view-part/?ref=eda"; VariantName = "[No Variations]"
Change component parameters (AddParameter): Name = "MF"; Value = "TDK"; VariantName = "[No Variations]"
Change component parameters (AddParameter): Name = "MP"; Value = "CGA5L3X8R1H105M160AB"; VariantName = "[No Variations]"
Change component parameters (AddParameter): Name = "Package"; Value = "3216 TDK"; VariantName = "[No Variations]"
Change component parameters (AddParameter): Name = "Price"; Value = "None"; VariantName = "[No Variations]"
Change component parameters (AddParameter): Name = "Purchase-URL"; Value = "https://pricing.snapeda.com/search/part/CGA5L3X8R1H105M160AB/?ref=eda"; VariantName = "[No Variations]"
Change component parameters (AddParameter): Name = "SnapEDA_Link"; Value = "https://www.snapeda.com/parts/CGA5L3X8R1H105M160AB/TDK/view-part/?ref=snap"; VariantName = "[No Variations]"
Change component parameters (AddParameter): Name = "Value"; Value = ""; VariantName = "[No Variations]"
Change component parameters: Designator = "" ("C21"); Footprint = "CAPC3216X180N"; UniqueID = "\AYJVFDKM" ("\AYJVFDKM")
Change component parameters (AddParameter): Name = "Availability"; Value = "In Stock"; VariantName = "[No Variations]"
Change component parameters (AddParameter): Name = "Check_prices"; Value = "https://www.snapeda.com/parts/CGA5L3X8R1H105M160AB/TDK/view-part/?ref=eda"; VariantName = "[No Variations]"
Change component parameters (AddParameter): Name = "MF"; Value = "TDK"; VariantName = "[No Variations]"
Change component parameters (AddParameter): Name = "MP"; Value = "CGA5L3X8R1H105M160AB"; VariantName = "[No Variations]"
Change component parameters (AddParameter): Name = "Package"; Value = "3216 TDK"; VariantName = "[No Variations]"
Change component parameters (AddParameter): Name = "Price"; Value = "None"; VariantName = "[No Variations]"
Change component parameters (AddParameter): Name = "Purchase-URL"; Value = "https://pricing.snapeda.com/search/part/CGA5L3X8R1H105M160AB/?ref=eda"; VariantName = "[No Variations]"
Change component parameters (AddParameter): Name = "SnapEDA_Link"; Value = "https://www.snapeda.com/parts/CGA5L3X8R1H105M160AB/TDK/view-part/?ref=snap"; VariantName = "[No Variations]"
Change component parameters (AddParameter): Name = "Value"; Value = ""; VariantName = "[No Variations]"
Change component parameters: Designator = "" ("C22"); Footprint = "CAPC3216X180N"; UniqueID = "\OFERAYES" ("\OFERAYES")
Change component parameters (AddParameter): Name = "Availability"; Value = "In Stock"; VariantName = "[No Variations]"
Change component parameters (AddParameter): Name = "Check_prices"; Value = "https://www.snapeda.com/parts/CGA5L3X8R1H105M160AB/TDK/view-part/?ref=eda"; VariantName = "[No Variations]"
Change component parameters (AddParameter): Name = "MF"; Value = "TDK"; VariantName = "[No Variations]"
Change component parameters (AddParameter): Name = "MP"; Value = "CGA5L3X8R1H105M160AB"; VariantName = "[No Variations]"
Change component parameters (AddParameter): Name = "Package"; Value = "3216 TDK"; VariantName = "[No Variations]"
Change component parameters (AddParameter): Name = "Price"; Value = "None"; VariantName = "[No Variations]"
Change component parameters (AddParameter): Name = "Purchase-URL"; Value = "https://pricing.snapeda.com/search/part/CGA5L3X8R1H105M160AB/?ref=eda"; VariantName = "[No Variations]"
Change component parameters (AddParameter): Name = "SnapEDA_Link"; Value = "https://www.snapeda.com/parts/CGA5L3X8R1H105M160AB/TDK/view-part/?ref=snap"; VariantName = "[No Variations]"
Change component parameters (AddParameter): Name = "Value"; Value = ""; VariantName = "[No Variations]"
Change component parameters: Designator = "" ("Q11"); Footprint = "TRANS_SS8050-G"; UniqueID = "\CLAVTUWI" ("\CLAVTUWI")
Change component parameters (AddParameter): Name = "Check_prices"; Value = "https://www.snapeda.com/parts/SS8050G/Comchip/view-part/?ref=eda"; VariantName = "[No Variations]"
Change component parameters (AddParameter): Name = "Digi-Key_Part_Number"; Value = "641-1790-2-ND"; VariantName = "[No Variations]"
Change component parameters (AddParameter): Name = "MF"; Value = "Comchip"; VariantName = "[No Variations]"
Change component parameters (AddParameter): Name = "MP"; Value = "SS8050G"; VariantName = "[No Variations]"
Change component parameters (AddParameter): Name = "Package"; Value = "None"; VariantName = "[No Variations]"
Change component parameters (AddParameter): Name = "SnapEDA_Link"; Value = "https://www.snapeda.com/parts/SS8050G/Comchip/view-part/?ref=snap"; VariantName = "[No Variations]"
Change component parameters (AddParameter): Name = "Value"; Value = ""; VariantName = "[No Variations]"
Change component parameters: Designator = "" ("Q12"); Footprint = "TRANS_SS8050-G"; UniqueID = "\YYMHNPVD" ("\YYMHNPVD")
Change component parameters (AddParameter): Name = "Check_prices"; Value = "https://www.snapeda.com/parts/SS8050G/Comchip/view-part/?ref=eda"; VariantName = "[No Variations]"
Change component parameters (AddParameter): Name = "Digi-Key_Part_Number"; Value = "641-1790-2-ND"; VariantName = "[No Variations]"
Change component parameters (AddParameter): Name = "MF"; Value = "Comchip"; VariantName = "[No Variations]"
Change component parameters (AddParameter): Name = "MP"; Value = "SS8050G"; VariantName = "[No Variations]"
Change component parameters (AddParameter): Name = "Package"; Value = "None"; VariantName = "[No Variations]"
Change component parameters (AddParameter): Name = "SnapEDA_Link"; Value = "https://www.snapeda.com/parts/SS8050G/Comchip/view-part/?ref=snap"; VariantName = "[No Variations]"
Change component parameters (AddParameter): Name = "Value"; Value = ""; VariantName = "[No Variations]"
Change component parameters: Designator = "" ("Q9"); Footprint = "TRANS_SS8050-G"; UniqueID = "\DOCYCYJP" ("\DOCYCYJP")
Change component parameters (AddParameter): Name = "Check_prices"; Value = "https://www.snapeda.com/parts/SS8050G/Comchip/view-part/?ref=eda"; VariantName = "[No Variations]"
Change component parameters (AddParameter): Name = "Digi-Key_Part_Number"; Value = "641-1790-2-ND"; VariantName = "[No Variations]"
Change component parameters (AddParameter): Name = "MF"; Value = "Comchip"; VariantName = "[No Variations]"
Change component parameters (AddParameter): Name = "MP"; Value = "SS8050G"; VariantName = "[No Variations]"
Change component parameters (AddParameter): Name = "Package"; Value = "None"; VariantName = "[No Variations]"
Change component parameters (AddParameter): Name = "SnapEDA_Link"; Value = "https://www.snapeda.com/parts/SS8050G/Comchip/view-part/?ref=snap"; VariantName = "[No Variations]"
Change component parameters (AddParameter): Name = "Value"; Value = ""; VariantName = "[No Variations]"
Change component parameters: Designator = "" ("Q10"); Footprint = "TRANS_SS8050-G"; UniqueID = "\JKOEIBUH" ("\JKOEIBUH")
Change component parameters (AddParameter): Name = "Check_prices"; Value = "https://www.snapeda.com/parts/SS8050G/Comchip/view-part/?ref=eda"; VariantName = "[No Variations]"
Change component parameters (AddParameter): Name = "Digi-Key_Part_Number"; Value = "641-1790-2-ND"; VariantName = "[No Variations]"
Change component parameters (AddParameter): Name = "MF"; Value = "Comchip"; VariantName = "[No Variations]"
Change component parameters (AddParameter): Name = "MP"; Value = "SS8050G"; VariantName = "[No Variations]"
Change component parameters (AddParameter): Name = "Package"; Value = "None"; VariantName = "[No Variations]"
Change component parameters (AddParameter): Name = "SnapEDA_Link"; Value = "https://www.snapeda.com/parts/SS8050G/Comchip/view-part/?ref=snap"; VariantName = "[No Variations]"
Change component parameters (AddParameter): Name = "Value"; Value = ""; VariantName = "[No Variations]"
Change component parameters: Designator = "" ("Q15"); Footprint = "TRANS_SS8050-G"; UniqueID = "\ALBOBWDH" ("\ALBOBWDH")
Change component parameters (AddParameter): Name = "Check_prices"; Value = "https://www.snapeda.com/parts/SS8050G/Comchip/view-part/?ref=eda"; VariantName = "[No Variations]"
Change component parameters (AddParameter): Name = "Digi-Key_Part_Number"; Value = "641-1790-2-ND"; VariantName = "[No Variations]"
Change component parameters (AddParameter): Name = "MF"; Value = "Comchip"; VariantName = "[No Variations]"
Change component parameters (AddParameter): Name = "MP"; Value = "SS8050G"; VariantName = "[No Variations]"
Change component parameters (AddParameter): Name = "Package"; Value = "None"; VariantName = "[No Variations]"
Change component parameters (AddParameter): Name = "SnapEDA_Link"; Value = "https://www.snapeda.com/parts/SS8050G/Comchip/view-part/?ref=snap"; VariantName = "[No Variations]"
Change component parameters (AddParameter): Name = "Value"; Value = ""; VariantName = "[No Variations]"
Change component parameters: Designator = "" ("Q16"); Footprint = "TRANS_SS8050-G"; UniqueID = "\JNSISPMK" ("\JNSISPMK")
Change component parameters (AddParameter): Name = "Check_prices"; Value = "https://www.snapeda.com/parts/SS8050G/Comchip/view-part/?ref=eda"; VariantName = "[No Variations]"
Change component parameters (AddParameter): Name = "Digi-Key_Part_Number"; Value = "641-1790-2-ND"; VariantName = "[No Variations]"
Change component parameters (AddParameter): Name = "MF"; Value = "Comchip"; VariantName = "[No Variations]"
Change component parameters (AddParameter): Name = "MP"; Value = "SS8050G"; VariantName = "[No Variations]"
Change component parameters (AddParameter): Name = "Package"; Value = "None"; VariantName = "[No Variations]"
Change component parameters (AddParameter): Name = "SnapEDA_Link"; Value = "https://www.snapeda.com/parts/SS8050G/Comchip/view-part/?ref=snap"; VariantName = "[No Variations]"
Change component parameters (AddParameter): Name = "Value"; Value = ""; VariantName = "[No Variations]"
Change component parameters: Designator = "" ("Q13"); Footprint = "TRANS_SS8050-G"; UniqueID = "\JFLOTEYU" ("\JFLOTEYU")
Change component parameters (AddParameter): Name = "Check_prices"; Value = "https://www.snapeda.com/parts/SS8050G/Comchip/view-part/?ref=eda"; VariantName = "[No Variations]"
Change component parameters (AddParameter): Name = "Digi-Key_Part_Number"; Value = "641-1790-2-ND"; VariantName = "[No Variations]"
Change component parameters (AddParameter): Name = "MF"; Value = "Comchip"; VariantName = "[No Variations]"
Change component parameters (AddParameter): Name = "MP"; Value = "SS8050G"; VariantName = "[No Variations]"
Change component parameters (AddParameter): Name = "Package"; Value = "None"; VariantName = "[No Variations]"
Change component parameters (AddParameter): Name = "SnapEDA_Link"; Value = "https://www.snapeda.com/parts/SS8050G/Comchip/view-part/?ref=snap"; VariantName = "[No Variations]"
Change component parameters (AddParameter): Name = "Value"; Value = ""; VariantName = "[No Variations]"
Change component parameters: Designator = "" ("Q14"); Footprint = "TRANS_SS8050-G"; UniqueID = "\GSVZDLNM" ("\GSVZDLNM")
Change component parameters (AddParameter): Name = "Check_prices"; Value = "https://www.snapeda.com/parts/SS8050G/Comchip/view-part/?ref=eda"; VariantName = "[No Variations]"
Change component parameters (AddParameter): Name = "Digi-Key_Part_Number"; Value = "641-1790-2-ND"; VariantName = "[No Variations]"
Change component parameters (AddParameter): Name = "MF"; Value = "Comchip"; VariantName = "[No Variations]"
Change component parameters (AddParameter): Name = "MP"; Value = "SS8050G"; VariantName = "[No Variations]"
Change component parameters (AddParameter): Name = "Package"; Value = "None"; VariantName = "[No Variations]"
Change component parameters (AddParameter): Name = "SnapEDA_Link"; Value = "https://www.snapeda.com/parts/SS8050G/Comchip/view-part/?ref=snap"; VariantName = "[No Variations]"
Change component parameters (AddParameter): Name = "Value"; Value = ""; VariantName = "[No Variations]"
Change component parameters: Designator = "" ("Q3"); Footprint = "TRANS_SS8050-G"; UniqueID = "\TWOPTLJA" ("\TWOPTLJA")
Change component parameters (AddParameter): Name = "Check_prices"; Value = "https://www.snapeda.com/parts/SS8050G/Comchip/view-part/?ref=eda"; VariantName = "[No Variations]"
Change component parameters (AddParameter): Name = "Digi-Key_Part_Number"; Value = "641-1790-2-ND"; VariantName = "[No Variations]"
Change component parameters (AddParameter): Name = "MF"; Value = "Comchip"; VariantName = "[No Variations]"
Change component parameters (AddParameter): Name = "MP"; Value = "SS8050G"; VariantName = "[No Variations]"
Change component parameters (AddParameter): Name = "Package"; Value = "None"; VariantName = "[No Variations]"
Change component parameters (AddParameter): Name = "SnapEDA_Link"; Value = "https://www.snapeda.com/parts/SS8050G/Comchip/view-part/?ref=snap"; VariantName = "[No Variations]"
Change component parameters (AddParameter): Name = "Value"; Value = ""; VariantName = "[No Variations]"
Change component parameters: Designator = "" ("Q4"); Footprint = "TRANS_SS8050-G"; UniqueID = "\DJORJFKA" ("\DJORJFKA")
Change component parameters (AddParameter): Name = "Check_prices"; Value = "https://www.snapeda.com/parts/SS8050G/Comchip/view-part/?ref=eda"; VariantName = "[No Variations]"
Change component parameters (AddParameter): Name = "Digi-Key_Part_Number"; Value = "641-1790-2-ND"; VariantName = "[No Variations]"
Change component parameters (AddParameter): Name = "MF"; Value = "Comchip"; VariantName = "[No Variations]"
Change component parameters (AddParameter): Name = "MP"; Value = "SS8050G"; VariantName = "[No Variations]"
Change component parameters (AddParameter): Name = "Package"; Value = "None"; VariantName = "[No Variations]"
Change component parameters (AddParameter): Name = "SnapEDA_Link"; Value = "https://www.snapeda.com/parts/SS8050G/Comchip/view-part/?ref=snap"; VariantName = "[No Variations]"
Change component parameters (AddParameter): Name = "Value"; Value = ""; VariantName = "[No Variations]"
Change component parameters: Designator = "" ("Q1"); Footprint = "SOT95P240X111-3N"; UniqueID = "\YAEEXJCD" ("\YAEEXJCD")
Change component parameters (AddParameter): Name = "Availability"; Value = "Unavailable"; VariantName = "[No Variations]"
Change component parameters (AddParameter): Name = "MF"; Value = "{'manufacturer': u'onsemi'}"; VariantName = "[No Variations]"
Change component parameters (AddParameter): Name = "MP"; Value = "2N7002"; VariantName = "[No Variations]"
Change component parameters (AddParameter): Name = "Package"; Value = "None"; VariantName = "[No Variations]"
Change component parameters (AddParameter): Name = "Price"; Value = "None"; VariantName = "[No Variations]"
Change component parameters (AddParameter): Name = "Value"; Value = ""; VariantName = "[No Variations]"
Change component parameters: Designator = "" ("Q2"); Footprint = "SOT95P240X111-3N"; UniqueID = "\QKOPCFXT" ("\QKOPCFXT")
Change component parameters (AddParameter): Name = "Availability"; Value = "Unavailable"; VariantName = "[No Variations]"
Change component parameters (AddParameter): Name = "MF"; Value = "{'manufacturer': u'onsemi'}"; VariantName = "[No Variations]"
Change component parameters (AddParameter): Name = "MP"; Value = "2N7002"; VariantName = "[No Variations]"
Change component parameters (AddParameter): Name = "Package"; Value = "None"; VariantName = "[No Variations]"
Change component parameters (AddParameter): Name = "Price"; Value = "None"; VariantName = "[No Variations]"
Change component parameters (AddParameter): Name = "Value"; Value = ""; VariantName = "[No Variations]"
Change component parameters: Designator = "" ("Q7"); Footprint = "TRANS_SS8050-G"; UniqueID = "\YZJIDNBO" ("\YZJIDNBO")
Change component parameters (AddParameter): Name = "Check_prices"; Value = "https://www.snapeda.com/parts/SS8050G/Comchip/view-part/?ref=eda"; VariantName = "[No Variations]"
Change component parameters (AddParameter): Name = "Digi-Key_Part_Number"; Value = "641-1790-2-ND"; VariantName = "[No Variations]"
Change component parameters (AddParameter): Name = "MF"; Value = "Comchip"; VariantName = "[No Variations]"
Change component parameters (AddParameter): Name = "MP"; Value = "SS8050G"; VariantName = "[No Variations]"
Change component parameters (AddParameter): Name = "Package"; Value = "None"; VariantName = "[No Variations]"
Change component parameters (AddParameter): Name = "SnapEDA_Link"; Value = "https://www.snapeda.com/parts/SS8050G/Comchip/view-part/?ref=snap"; VariantName = "[No Variations]"
Change component parameters (AddParameter): Name = "Value"; Value = ""; VariantName = "[No Variations]"
Change component parameters: Designator = "" ("Q8"); Footprint = "TRANS_SS8050-G"; UniqueID = "\CGAYSCXF" ("\CGAYSCXF")
Change component parameters (AddParameter): Name = "Check_prices"; Value = "https://www.snapeda.com/parts/SS8050G/Comchip/view-part/?ref=eda"; VariantName = "[No Variations]"
Change component parameters (AddParameter): Name = "Digi-Key_Part_Number"; Value = "641-1790-2-ND"; VariantName = "[No Variations]"
Change component parameters (AddParameter): Name = "MF"; Value = "Comchip"; VariantName = "[No Variations]"
Change component parameters (AddParameter): Name = "MP"; Value = "SS8050G"; VariantName = "[No Variations]"
Change component parameters (AddParameter): Name = "Package"; Value = "None"; VariantName = "[No Variations]"
Change component parameters (AddParameter): Name = "SnapEDA_Link"; Value = "https://www.snapeda.com/parts/SS8050G/Comchip/view-part/?ref=snap"; VariantName = "[No Variations]"
Change component parameters (AddParameter): Name = "Value"; Value = ""; VariantName = "[No Variations]"
Change component parameters: Designator = "" ("Q5"); Footprint = "SOT95P240X111-3N"; UniqueID = "\JSRLGHEC" ("\JSRLGHEC")
Change component parameters (AddParameter): Name = "Availability"; Value = "Unavailable"; VariantName = "[No Variations]"
Change component parameters (AddParameter): Name = "MF"; Value = "{'manufacturer': u'onsemi'}"; VariantName = "[No Variations]"
Change component parameters (AddParameter): Name = "MP"; Value = "2N7002"; VariantName = "[No Variations]"
Change component parameters (AddParameter): Name = "Package"; Value = "None"; VariantName = "[No Variations]"
Change component parameters (AddParameter): Name = "Price"; Value = "None"; VariantName = "[No Variations]"
Change component parameters (AddParameter): Name = "Value"; Value = ""; VariantName = "[No Variations]"
Change component parameters: Designator = "" ("Q6"); Footprint = "SOT95P240X111-3N"; UniqueID = "\YCDXRWVW" ("\YCDXRWVW")
Change component parameters (AddParameter): Name = "Availability"; Value = "Unavailable"; VariantName = "[No Variations]"
Change component parameters (AddParameter): Name = "MF"; Value = "{'manufacturer': u'onsemi'}"; VariantName = "[No Variations]"
Change component parameters (AddParameter): Name = "MP"; Value = "2N7002"; VariantName = "[No Variations]"
Change component parameters (AddParameter): Name = "Package"; Value = "None"; VariantName = "[No Variations]"
Change component parameters (AddParameter): Name = "Price"; Value = "None"; VariantName = "[No Variations]"
Change component parameters (AddParameter): Name = "Value"; Value = ""; VariantName = "[No Variations]"
Change component parameters: Designator = "" ("Q27"); Footprint = "SOT95P240X111-3N"; UniqueID = "\CDHXBBFL" ("\CDHXBBFL")
Change component parameters (AddParameter): Name = "Availability"; Value = "Unavailable"; VariantName = "[No Variations]"
Change component parameters (AddParameter): Name = "MF"; Value = "{'manufacturer': u'onsemi'}"; VariantName = "[No Variations]"
Change component parameters (AddParameter): Name = "MP"; Value = "2N7002"; VariantName = "[No Variations]"
Change component parameters (AddParameter): Name = "Package"; Value = "None"; VariantName = "[No Variations]"
Change component parameters (AddParameter): Name = "Price"; Value = "None"; VariantName = "[No Variations]"
Change component parameters (AddParameter): Name = "Value"; Value = ""; VariantName = "[No Variations]"
Change component parameters: Designator = "" ("Q28"); Footprint = "SOT95P240X111-3N"; UniqueID = "\UDZVFKXE" ("\UDZVFKXE")
Change component parameters (AddParameter): Name = "Availability"; Value = "Unavailable"; VariantName = "[No Variations]"
Change component parameters (AddParameter): Name = "MF"; Value = "{'manufacturer': u'onsemi'}"; VariantName = "[No Variations]"
Change component parameters (AddParameter): Name = "MP"; Value = "2N7002"; VariantName = "[No Variations]"
Change component parameters (AddParameter): Name = "Package"; Value = "None"; VariantName = "[No Variations]"
Change component parameters (AddParameter): Name = "Price"; Value = "None"; VariantName = "[No Variations]"
Change component parameters (AddParameter): Name = "Value"; Value = ""; VariantName = "[No Variations]"
Change component parameters: Designator = "" ("Q25"); Footprint = "SOT95P240X111-3N"; UniqueID = "\GYTSDGUF" ("\GYTSDGUF")
Change component parameters (AddParameter): Name = "Availability"; Value = "Unavailable"; VariantName = "[No Variations]"
Change component parameters (AddParameter): Name = "MF"; Value = "{'manufacturer': u'onsemi'}"; VariantName = "[No Variations]"
Change component parameters (AddParameter): Name = "MP"; Value = "2N7002"; VariantName = "[No Variations]"
Change component parameters (AddParameter): Name = "Package"; Value = "None"; VariantName = "[No Variations]"
Change component parameters (AddParameter): Name = "Price"; Value = "None"; VariantName = "[No Variations]"
Change component parameters (AddParameter): Name = "Value"; Value = ""; VariantName = "[No Variations]"
Change component parameters: Designator = "" ("Q26"); Footprint = "SOT95P240X111-3N"; UniqueID = "\RPTVOYBX" ("\RPTVOYBX")
Change component parameters (AddParameter): Name = "Availability"; Value = "Unavailable"; VariantName = "[No Variations]"
Change component parameters (AddParameter): Name = "MF"; Value = "{'manufacturer': u'onsemi'}"; VariantName = "[No Variations]"
Change component parameters (AddParameter): Name = "MP"; Value = "2N7002"; VariantName = "[No Variations]"
Change component parameters (AddParameter): Name = "Package"; Value = "None"; VariantName = "[No Variations]"
Change component parameters (AddParameter): Name = "Price"; Value = "None"; VariantName = "[No Variations]"
Change component parameters (AddParameter): Name = "Value"; Value = ""; VariantName = "[No Variations]"
Change component parameters: Designator = "" ("Q31"); Footprint = "SOT95P240X111-3N"; UniqueID = "\QEVVDUTG" ("\QEVVDUTG")
Change component parameters (AddParameter): Name = "Availability"; Value = "Unavailable"; VariantName = "[No Variations]"
Change component parameters (AddParameter): Name = "MF"; Value = "{'manufacturer': u'onsemi'}"; VariantName = "[No Variations]"
Change component parameters (AddParameter): Name = "MP"; Value = "2N7002"; VariantName = "[No Variations]"
Change component parameters (AddParameter): Name = "Package"; Value = "None"; VariantName = "[No Variations]"
Change component parameters (AddParameter): Name = "Price"; Value = "None"; VariantName = "[No Variations]"
Change component parameters (AddParameter): Name = "Value"; Value = ""; VariantName = "[No Variations]"
Change component parameters: Designator = "" ("Q32"); Footprint = "SOT95P240X111-3N"; UniqueID = "\NXGOTKLW" ("\NXGOTKLW")
Change component parameters (AddParameter): Name = "Availability"; Value = "Unavailable"; VariantName = "[No Variations]"
Change component parameters (AddParameter): Name = "MF"; Value = "{'manufacturer': u'onsemi'}"; VariantName = "[No Variations]"
Change component parameters (AddParameter): Name = "MP"; Value = "2N7002"; VariantName = "[No Variations]"
Change component parameters (AddParameter): Name = "Package"; Value = "None"; VariantName = "[No Variations]"
Change component parameters (AddParameter): Name = "Price"; Value = "None"; VariantName = "[No Variations]"
Change component parameters (AddParameter): Name = "Value"; Value = ""; VariantName = "[No Variations]"
Change component parameters: Designator = "" ("Q29"); Footprint = "TRANS_SS8050-G"; UniqueID = "\EEXGPVOW" ("\EEXGPVOW")
Change component parameters (AddParameter): Name = "Check_prices"; Value = "https://www.snapeda.com/parts/SS8050G/Comchip/view-part/?ref=eda"; VariantName = "[No Variations]"
Change component parameters (AddParameter): Name = "Digi-Key_Part_Number"; Value = "641-1790-2-ND"; VariantName = "[No Variations]"
Change component parameters (AddParameter): Name = "MF"; Value = "Comchip"; VariantName = "[No Variations]"
Change component parameters (AddParameter): Name = "MP"; Value = "SS8050G"; VariantName = "[No Variations]"
Change component parameters (AddParameter): Name = "Package"; Value = "None"; VariantName = "[No Variations]"
Change component parameters (AddParameter): Name = "SnapEDA_Link"; Value = "https://www.snapeda.com/parts/SS8050G/Comchip/view-part/?ref=snap"; VariantName = "[No Variations]"
Change component parameters (AddParameter): Name = "Value"; Value = ""; VariantName = "[No Variations]"
Change component parameters: Designator = "" ("Q30"); Footprint = "TRANS_SS8050-G"; UniqueID = "\OLYASEFG" ("\OLYASEFG")
Change component parameters (AddParameter): Name = "Check_prices"; Value = "https://www.snapeda.com/parts/SS8050G/Comchip/view-part/?ref=eda"; VariantName = "[No Variations]"
Change component parameters (AddParameter): Name = "Digi-Key_Part_Number"; Value = "641-1790-2-ND"; VariantName = "[No Variations]"
Change component parameters (AddParameter): Name = "MF"; Value = "Comchip"; VariantName = "[No Variations]"
Change component parameters (AddParameter): Name = "MP"; Value = "SS8050G"; VariantName = "[No Variations]"
Change component parameters (AddParameter): Name = "Package"; Value = "None"; VariantName = "[No Variations]"
Change component parameters (AddParameter): Name = "SnapEDA_Link"; Value = "https://www.snapeda.com/parts/SS8050G/Comchip/view-part/?ref=snap"; VariantName = "[No Variations]"
Change component parameters (AddParameter): Name = "Value"; Value = ""; VariantName = "[No Variations]"
Change component parameters: Designator = "" ("Q19"); Footprint = "TRANS_SS8050-G"; UniqueID = "\UGSQOHSV" ("\UGSQOHSV")
Change component parameters (AddParameter): Name = "Check_prices"; Value = "https://www.snapeda.com/parts/SS8050G/Comchip/view-part/?ref=eda"; VariantName = "[No Variations]"
Change component parameters (AddParameter): Name = "Digi-Key_Part_Number"; Value = "641-1790-2-ND"; VariantName = "[No Variations]"
Change component parameters (AddParameter): Name = "MF"; Value = "Comchip"; VariantName = "[No Variations]"
Change component parameters (AddParameter): Name = "MP"; Value = "SS8050G"; VariantName = "[No Variations]"
Change component parameters (AddParameter): Name = "Package"; Value = "None"; VariantName = "[No Variations]"
Change component parameters (AddParameter): Name = "SnapEDA_Link"; Value = "https://www.snapeda.com/parts/SS8050G/Comchip/view-part/?ref=snap"; VariantName = "[No Variations]"
Change component parameters (AddParameter): Name = "Value"; Value = ""; VariantName = "[No Variations]"
Change component parameters: Designator = "" ("Q20"); Footprint = "TRANS_SS8050-G"; UniqueID = "\YCABDRWC" ("\YCABDRWC")
Change component parameters (AddParameter): Name = "Check_prices"; Value = "https://www.snapeda.com/parts/SS8050G/Comchip/view-part/?ref=eda"; VariantName = "[No Variations]"
Change component parameters (AddParameter): Name = "Digi-Key_Part_Number"; Value = "641-1790-2-ND"; VariantName = "[No Variations]"
Change component parameters (AddParameter): Name = "MF"; Value = "Comchip"; VariantName = "[No Variations]"
Change component parameters (AddParameter): Name = "MP"; Value = "SS8050G"; VariantName = "[No Variations]"
Change component parameters (AddParameter): Name = "Package"; Value = "None"; VariantName = "[No Variations]"
Change component parameters (AddParameter): Name = "SnapEDA_Link"; Value = "https://www.snapeda.com/parts/SS8050G/Comchip/view-part/?ref=snap"; VariantName = "[No Variations]"
Change component parameters (AddParameter): Name = "Value"; Value = ""; VariantName = "[No Variations]"
Change component parameters: Designator = "" ("Q17"); Footprint = "TRANS_SS8050-G"; UniqueID = "\USBAWEXT" ("\USBAWEXT")
Change component parameters (AddParameter): Name = "Check_prices"; Value = "https://www.snapeda.com/parts/SS8050G/Comchip/view-part/?ref=eda"; VariantName = "[No Variations]"
Change component parameters (AddParameter): Name = "Digi-Key_Part_Number"; Value = "641-1790-2-ND"; VariantName = "[No Variations]"
Change component parameters (AddParameter): Name = "MF"; Value = "Comchip"; VariantName = "[No Variations]"
Change component parameters (AddParameter): Name = "MP"; Value = "SS8050G"; VariantName = "[No Variations]"
Change component parameters (AddParameter): Name = "Package"; Value = "None"; VariantName = "[No Variations]"
Change component parameters (AddParameter): Name = "SnapEDA_Link"; Value = "https://www.snapeda.com/parts/SS8050G/Comchip/view-part/?ref=snap"; VariantName = "[No Variations]"
Change component parameters (AddParameter): Name = "Value"; Value = ""; VariantName = "[No Variations]"
Change component parameters: Designator = "" ("Q18"); Footprint = "TRANS_SS8050-G"; UniqueID = "\LEFTSOJG" ("\LEFTSOJG")
Change component parameters (AddParameter): Name = "Check_prices"; Value = "https://www.snapeda.com/parts/SS8050G/Comchip/view-part/?ref=eda"; VariantName = "[No Variations]"
Change component parameters (AddParameter): Name = "Digi-Key_Part_Number"; Value = "641-1790-2-ND"; VariantName = "[No Variations]"
Change component parameters (AddParameter): Name = "MF"; Value = "Comchip"; VariantName = "[No Variations]"
Change component parameters (AddParameter): Name = "MP"; Value = "SS8050G"; VariantName = "[No Variations]"
Change component parameters (AddParameter): Name = "Package"; Value = "None"; VariantName = "[No Variations]"
Change component parameters (AddParameter): Name = "SnapEDA_Link"; Value = "https://www.snapeda.com/parts/SS8050G/Comchip/view-part/?ref=snap"; VariantName = "[No Variations]"
Change component parameters (AddParameter): Name = "Value"; Value = ""; VariantName = "[No Variations]"
Change component parameters: Designator = "" ("Q23"); Footprint = "TRANS_SS8050-G"; UniqueID = "\PMJLNWBT" ("\PMJLNWBT")
Change component parameters (AddParameter): Name = "Check_prices"; Value = "https://www.snapeda.com/parts/SS8050G/Comchip/view-part/?ref=eda"; VariantName = "[No Variations]"
Change component parameters (AddParameter): Name = "Digi-Key_Part_Number"; Value = "641-1790-2-ND"; VariantName = "[No Variations]"
Change component parameters (AddParameter): Name = "MF"; Value = "Comchip"; VariantName = "[No Variations]"
Change component parameters (AddParameter): Name = "MP"; Value = "SS8050G"; VariantName = "[No Variations]"
Change component parameters (AddParameter): Name = "Package"; Value = "None"; VariantName = "[No Variations]"
Change component parameters (AddParameter): Name = "SnapEDA_Link"; Value = "https://www.snapeda.com/parts/SS8050G/Comchip/view-part/?ref=snap"; VariantName = "[No Variations]"
Change component parameters (AddParameter): Name = "Value"; Value = ""; VariantName = "[No Variations]"
Change component parameters: Designator = "" ("Q24"); Footprint = "TRANS_SS8050-G"; UniqueID = "\PRJIUMGN" ("\PRJIUMGN")
Change component parameters (AddParameter): Name = "Check_prices"; Value = "https://www.snapeda.com/parts/SS8050G/Comchip/view-part/?ref=eda"; VariantName = "[No Variations]"
Change component parameters (AddParameter): Name = "Digi-Key_Part_Number"; Value = "641-1790-2-ND"; VariantName = "[No Variations]"
Change component parameters (AddParameter): Name = "MF"; Value = "Comchip"; VariantName = "[No Variations]"
Change component parameters (AddParameter): Name = "MP"; Value = "SS8050G"; VariantName = "[No Variations]"
Change component parameters (AddParameter): Name = "Package"; Value = "None"; VariantName = "[No Variations]"
Change component parameters (AddParameter): Name = "SnapEDA_Link"; Value = "https://www.snapeda.com/parts/SS8050G/Comchip/view-part/?ref=snap"; VariantName = "[No Variations]"
Change component parameters (AddParameter): Name = "Value"; Value = ""; VariantName = "[No Variations]"
Change component parameters: Designator = "" ("Q21"); Footprint = "TRANS_SS8050-G"; UniqueID = "\SHLWNEDX" ("\SHLWNEDX")
Change component parameters (AddParameter): Name = "Check_prices"; Value = "https://www.snapeda.com/parts/SS8050G/Comchip/view-part/?ref=eda"; VariantName = "[No Variations]"
Change component parameters (AddParameter): Name = "Digi-Key_Part_Number"; Value = "641-1790-2-ND"; VariantName = "[No Variations]"
Change component parameters (AddParameter): Name = "MF"; Value = "Comchip"; VariantName = "[No Variations]"
Change component parameters (AddParameter): Name = "MP"; Value = "SS8050G"; VariantName = "[No Variations]"
Change component parameters (AddParameter): Name = "Package"; Value = "None"; VariantName = "[No Variations]"
Change component parameters (AddParameter): Name = "SnapEDA_Link"; Value = "https://www.snapeda.com/parts/SS8050G/Comchip/view-part/?ref=snap"; VariantName = "[No Variations]"
Change component parameters (AddParameter): Name = "Value"; Value = ""; VariantName = "[No Variations]"
Change component parameters: Designator = "" ("Q22"); Footprint = "TRANS_SS8050-G"; UniqueID = "\GEUDKLNR" ("\GEUDKLNR")
Change component parameters (AddParameter): Name = "Check_prices"; Value = "https://www.snapeda.com/parts/SS8050G/Comchip/view-part/?ref=eda"; VariantName = "[No Variations]"
Change component parameters (AddParameter): Name = "Digi-Key_Part_Number"; Value = "641-1790-2-ND"; VariantName = "[No Variations]"
Change component parameters (AddParameter): Name = "MF"; Value = "Comchip"; VariantName = "[No Variations]"
Change component parameters (AddParameter): Name = "MP"; Value = "SS8050G"; VariantName = "[No Variations]"
Change component parameters (AddParameter): Name = "Package"; Value = "None"; VariantName = "[No Variations]"
Change component parameters (AddParameter): Name = "SnapEDA_Link"; Value = "https://www.snapeda.com/parts/SS8050G/Comchip/view-part/?ref=snap"; VariantName = "[No Variations]"
Change component parameters (AddParameter): Name = "Value"; Value = ""; VariantName = "[No Variations]"
Change component parameters: Designator = "" ("P13"); Footprint = "PHOENIX_1803578"; UniqueID = "\BHGUKPNX" ("\BHGUKPNX")
Change component parameters (AddParameter): Name = "Availability"; Value = "Good"; VariantName = "[No Variations]"
Change component parameters (AddParameter): Name = "Check_prices"; Value = "https://www.snapeda.com/parts/1803578/Phoenix%20Contact/view-part/46882/?ref=eda"; VariantName = "[No Variations]"
Change component parameters (AddParameter): Name = "MF"; Value = "Phoenix Contact"; VariantName = "[No Variations]"
Change component parameters (AddParameter): Name = "MP"; Value = "1803578"; VariantName = "[No Variations]"
Change component parameters (AddParameter): Name = "Package"; Value = "Custom Package Phoenix Contact"; VariantName = "[No Variations]"
Change component parameters (AddParameter): Name = "Price"; Value = "None"; VariantName = "[No Variations]"
Change component parameters (AddParameter): Name = "Purchase-URL"; Value = "https://pricing.snapeda.com/search/part/1803578/?ref=eda"; VariantName = "[No Variations]"
Change component parameters (AddParameter): Name = "SnapEDA_Link"; Value = "https://www.snapeda.com/parts/1803578/Phoenix%20Contact/view-part/46882/?ref=snap"; VariantName = "[No Variations]"
Change component parameters (AddParameter): Name = "Value"; Value = ""; VariantName = "[No Variations]"
Change component parameters: Designator = "" ("JP3"); Footprint = "HDRLP_F_1X3"; UniqueID = "\MEVMRLWH" ("\MEVMRLWH")
Change component parameters (AddParameter): Name = "MANF"; Value = ""; VariantName = "[No Variations]"
Change component parameters (AddParameter): Name = "MANF_P#"; Value = ""; VariantName = "[No Variations]"
Change component parameters (AddParameter): Name = "VALUE"; Value = "HDRF3"; VariantName = "[No Variations]"
Change component parameters: Designator = "" ("JP4"); Footprint = "HDRLP_F_1X3"; UniqueID = "\GMCYEYZV" ("\GMCYEYZV")
Change component parameters (AddParameter): Name = "MANF"; Value = ""; VariantName = "[No Variations]"
Change component parameters (AddParameter): Name = "MANF_P#"; Value = ""; VariantName = "[No Variations]"
Change component parameters (AddParameter): Name = "VALUE"; Value = "HDRF3"; VariantName = "[No Variations]"
Change component parameters: Designator = "" ("JP1"); Footprint = "HDRLP_F_1X3"; UniqueID = "\WORDWRFK" ("\WORDWRFK")
Change component parameters (AddParameter): Name = "MANF"; Value = ""; VariantName = "[No Variations]"
Change component parameters (AddParameter): Name = "MANF_P#"; Value = ""; VariantName = "[No Variations]"
Change component parameters (AddParameter): Name = "VALUE"; Value = "HDRF3"; VariantName = "[No Variations]"
Change component parameters: Designator = "" ("JP2"); Footprint = "HDRLP_F_1X3"; UniqueID = "\QJIYPYUC" ("\QJIYPYUC")
Change component parameters (AddParameter): Name = "MANF"; Value = ""; VariantName = "[No Variations]"
Change component parameters (AddParameter): Name = "MANF_P#"; Value = ""; VariantName = "[No Variations]"
Change component parameters (AddParameter): Name = "VALUE"; Value = "HDRF3"; VariantName = "[No Variations]"
Change component parameters: Designator = "" ("K3"); Footprint = "REL_SPDT_5_1512"; UniqueID = "\RPGBWBTZ" ("\RPGBWBTZ")
Change component parameters (AddParameter): Name = "MANF"; Value = "OMRON"; VariantName = "[No Variations]"
Change component parameters (AddParameter): Name = "MANF_P#"; Value = "G8QN-1C4 DC12"; VariantName = "[No Variations]"
Change component parameters (AddParameter): Name = "PARAM"; Value = "12V, 50mA"; VariantName = "[No Variations]"
Change component parameters (AddParameter): Name = "PARAM2"; Value = "16VDC, 30A"; VariantName = "[No Variations]"
Change component parameters (AddParameter): Name = "PRICE"; Value = "PRICE"; VariantName = "[No Variations]"
Change component parameters (AddParameter): Name = "Value"; Value = "RELAY_SPDT"; VariantName = "[No Variations]"
Change component parameters: Designator = "" ("K4"); Footprint = "REL_SPDT_5_1512"; UniqueID = "\HJBLIKMA" ("\HJBLIKMA")
Change component parameters (AddParameter): Name = "MANF"; Value = "OMRON"; VariantName = "[No Variations]"
Change component parameters (AddParameter): Name = "MANF_P#"; Value = "G8QN-1C4 DC12"; VariantName = "[No Variations]"
Change component parameters (AddParameter): Name = "PARAM"; Value = "12V, 50mA"; VariantName = "[No Variations]"
Change component parameters (AddParameter): Name = "PARAM2"; Value = "16VDC, 30A"; VariantName = "[No Variations]"
Change component parameters (AddParameter): Name = "PRICE"; Value = "PRICE"; VariantName = "[No Variations]"
Change component parameters (AddParameter): Name = "Value"; Value = "RELAY_SPDT"; VariantName = "[No Variations]"
Change component parameters: Designator = "" ("K1"); Footprint = "REL_SPDT_5_1512"; UniqueID = "\KWTHFQYN" ("\KWTHFQYN")
Change component parameters (AddParameter): Name = "MANF"; Value = "OMRON"; VariantName = "[No Variations]"
Change component parameters (AddParameter): Name = "MANF_P#"; Value = "G8QN-1C4 DC12"; VariantName = "[No Variations]"
Change component parameters (AddParameter): Name = "PARAM"; Value = "12V, 50mA"; VariantName = "[No Variations]"
Change component parameters (AddParameter): Name = "PARAM2"; Value = "16VDC, 30A"; VariantName = "[No Variations]"
Change component parameters (AddParameter): Name = "PRICE"; Value = "PRICE"; VariantName = "[No Variations]"
Change component parameters (AddParameter): Name = "Value"; Value = "RELAY_SPDT"; VariantName = "[No Variations]"
Change component parameters: Designator = "" ("K2"); Footprint = "REL_SPDT_5_1512"; UniqueID = "\HEVOANJH" ("\HEVOANJH")
Change component parameters (AddParameter): Name = "MANF"; Value = "OMRON"; VariantName = "[No Variations]"
Change component parameters (AddParameter): Name = "MANF_P#"; Value = "G8QN-1C4 DC12"; VariantName = "[No Variations]"
Change component parameters (AddParameter): Name = "PARAM"; Value = "12V, 50mA"; VariantName = "[No Variations]"
Change component parameters (AddParameter): Name = "PARAM2"; Value = "16VDC, 30A"; VariantName = "[No Variations]"
Change component parameters (AddParameter): Name = "PRICE"; Value = "PRICE"; VariantName = "[No Variations]"
Change component parameters (AddParameter): Name = "Value"; Value = "RELAY_SPDT"; VariantName = "[No Variations]"
Change component parameters: Designator = "" ("J8"); Footprint = "PHOENIX_1715721"; UniqueID = "\VTBAMVLY" ("\VTBAMVLY")
Change component parameters (AddParameter): Name = "Availability"; Value = "Unavailable"; VariantName = "[No Variations]"
Change component parameters (AddParameter): Name = "MF"; Value = ""; VariantName = "[No Variations]"
Change component parameters (AddParameter): Name = "MP"; Value = "1715721"; VariantName = "[No Variations]"
Change component parameters (AddParameter): Name = "Package"; Value = "None"; VariantName = "[No Variations]"
Change component parameters (AddParameter): Name = "Price"; Value = "None"; VariantName = "[No Variations]"
Change component parameters (AddParameter): Name = "Value"; Value = ""; VariantName = "[No Variations]"
Change component parameters: Designator = "" ("J9"); Footprint = "PHOENIX_1715721"; UniqueID = "\FGGVEAVM" ("\FGGVEAVM")
Change component parameters (AddParameter): Name = "Availability"; Value = "Unavailable"; VariantName = "[No Variations]"
Change component parameters (AddParameter): Name = "MF"; Value = ""; VariantName = "[No Variations]"
Change component parameters (AddParameter): Name = "MP"; Value = "1715721"; VariantName = "[No Variations]"
Change component parameters (AddParameter): Name = "Package"; Value = "None"; VariantName = "[No Variations]"
Change component parameters (AddParameter): Name = "Price"; Value = "None"; VariantName = "[No Variations]"
Change component parameters (AddParameter): Name = "Value"; Value = ""; VariantName = "[No Variations]"
Change component parameters: Designator = "" ("J6"); Footprint = "PHOENIX_1715721"; UniqueID = "\EJFBTXBY" ("\EJFBTXBY")
Change component parameters (AddParameter): Name = "Availability"; Value = "Unavailable"; VariantName = "[No Variations]"
Change component parameters (AddParameter): Name = "MF"; Value = ""; VariantName = "[No Variations]"
Change component parameters (AddParameter): Name = "MP"; Value = "1715721"; VariantName = "[No Variations]"
Change component parameters (AddParameter): Name = "Package"; Value = "None"; VariantName = "[No Variations]"
Change component parameters (AddParameter): Name = "Price"; Value = "None"; VariantName = "[No Variations]"
Change component parameters (AddParameter): Name = "Value"; Value = ""; VariantName = "[No Variations]"
Change component parameters: Designator = "" ("J7"); Footprint = "PHOENIX_1715721"; UniqueID = "\MKKTPGTM" ("\MKKTPGTM")
Change component parameters (AddParameter): Name = "Availability"; Value = "Unavailable"; VariantName = "[No Variations]"
Change component parameters (AddParameter): Name = "MF"; Value = ""; VariantName = "[No Variations]"
Change component parameters (AddParameter): Name = "MP"; Value = "1715721"; VariantName = "[No Variations]"
Change component parameters (AddParameter): Name = "Package"; Value = "None"; VariantName = "[No Variations]"
Change component parameters (AddParameter): Name = "Price"; Value = "None"; VariantName = "[No Variations]"
Change component parameters (AddParameter): Name = "Value"; Value = ""; VariantName = "[No Variations]"
Change component parameters: Designator = "" ("J12"); Footprint = "PHOENIX_1715721"; UniqueID = "\UZMJYYTV" ("\UZMJYYTV")
Change component parameters (AddParameter): Name = "Availability"; Value = "Unavailable"; VariantName = "[No Variations]"
Change component parameters (AddParameter): Name = "MF"; Value = ""; VariantName = "[No Variations]"
Change component parameters (AddParameter): Name = "MP"; Value = "1715721"; VariantName = "[No Variations]"
Change component parameters (AddParameter): Name = "Package"; Value = "None"; VariantName = "[No Variations]"
Change component parameters (AddParameter): Name = "Price"; Value = "None"; VariantName = "[No Variations]"
Change component parameters (AddParameter): Name = "Value"; Value = ""; VariantName = "[No Variations]"
Change component parameters: Designator = "" ("J13"); Footprint = "PHOENIX_1759020"; UniqueID = "\EDSWECKC" ("\EDSWECKC")
Change component parameters (AddParameter): Name = "Check_prices"; Value = "https://www.snapeda.com/parts/1759020/Phoenix+Contact/view-part/?ref=eda"; VariantName = "[No Variations]"
Change component parameters (AddParameter): Name = "MF"; Value = "Phoenix Contact"; VariantName = "[No Variations]"
Change component parameters (AddParameter): Name = "MP"; Value = "1759020"; VariantName = "[No Variations]"
Change component parameters (AddParameter): Name = "Package"; Value = "None"; VariantName = "[No Variations]"
Change component parameters (AddParameter): Name = "SnapEDA_Link"; Value = "https://www.snapeda.com/parts/1759020/Phoenix+Contact/view-part/?ref=snap"; VariantName = "[No Variations]"
Change component parameters (AddParameter): Name = "Value"; Value = ""; VariantName = "[No Variations]"
Change component parameters: Designator = "" ("J10"); Footprint = "PHOENIX_1715721"; UniqueID = "\OTUWFYEV" ("\OTUWFYEV")
Change component parameters (AddParameter): Name = "Availability"; Value = "Unavailable"; VariantName = "[No Variations]"
Change component parameters (AddParameter): Name = "MF"; Value = ""; VariantName = "[No Variations]"
Change component parameters (AddParameter): Name = "MP"; Value = "1715721"; VariantName = "[No Variations]"
Change component parameters (AddParameter): Name = "Package"; Value = "None"; VariantName = "[No Variations]"
Change component parameters (AddParameter): Name = "Price"; Value = "None"; VariantName = "[No Variations]"
Change component parameters (AddParameter): Name = "Value"; Value = ""; VariantName = "[No Variations]"
Change component parameters: Designator = "" ("J11"); Footprint = "PHOENIX_1715721"; UniqueID = "\GYWTORXR" ("\GYWTORXR")
Change component parameters (AddParameter): Name = "Availability"; Value = "Unavailable"; VariantName = "[No Variations]"
Change component parameters (AddParameter): Name = "MF"; Value = ""; VariantName = "[No Variations]"
Change component parameters (AddParameter): Name = "MP"; Value = "1715721"; VariantName = "[No Variations]"
Change component parameters (AddParameter): Name = "Package"; Value = "None"; VariantName = "[No Variations]"
Change component parameters (AddParameter): Name = "Price"; Value = "None"; VariantName = "[No Variations]"
Change component parameters (AddParameter): Name = "Value"; Value = ""; VariantName = "[No Variations]"
Change component parameters: Designator = "" ("P7"); Footprint = "PHOENIX_1803578"; UniqueID = "\WYDAPENU" ("\WYDAPENU")
Change component parameters (AddParameter): Name = "Availability"; Value = "Good"; VariantName = "[No Variations]"
Change component parameters (AddParameter): Name = "Check_prices"; Value = "https://www.snapeda.com/parts/1803578/Phoenix%20Contact/view-part/46882/?ref=eda"; VariantName = "[No Variations]"
Change component parameters (AddParameter): Name = "MF"; Value = "Phoenix Contact"; VariantName = "[No Variations]"
Change component parameters (AddParameter): Name = "MP"; Value = "1803578"; VariantName = "[No Variations]"
Change component parameters (AddParameter): Name = "Package"; Value = "Custom Package Phoenix Contact"; VariantName = "[No Variations]"
Change component parameters (AddParameter): Name = "Price"; Value = "None"; VariantName = "[No Variations]"
Change component parameters (AddParameter): Name = "Purchase-URL"; Value = "https://pricing.snapeda.com/search/part/1803578/?ref=eda"; VariantName = "[No Variations]"
Change component parameters (AddParameter): Name = "SnapEDA_Link"; Value = "https://www.snapeda.com/parts/1803578/Phoenix%20Contact/view-part/46882/?ref=snap"; VariantName = "[No Variations]"
Change component parameters (AddParameter): Name = "Value"; Value = ""; VariantName = "[No Variations]"
Change component parameters: Designator = "" ("P8"); Footprint = "PHOENIX_1803578"; UniqueID = "\TLQMQDHU" ("\TLQMQDHU")
Change component parameters (AddParameter): Name = "Availability"; Value = "Good"; VariantName = "[No Variations]"
Change component parameters (AddParameter): Name = "Check_prices"; Value = "https://www.snapeda.com/parts/1803578/Phoenix%20Contact/view-part/46882/?ref=eda"; VariantName = "[No Variations]"
Change component parameters (AddParameter): Name = "MF"; Value = "Phoenix Contact"; VariantName = "[No Variations]"
Change component parameters (AddParameter): Name = "MP"; Value = "1803578"; VariantName = "[No Variations]"
Change component parameters (AddParameter): Name = "Package"; Value = "Custom Package Phoenix Contact"; VariantName = "[No Variations]"
Change component parameters (AddParameter): Name = "Price"; Value = "None"; VariantName = "[No Variations]"
Change component parameters (AddParameter): Name = "Purchase-URL"; Value = "https://pricing.snapeda.com/search/part/1803578/?ref=eda"; VariantName = "[No Variations]"
Change component parameters (AddParameter): Name = "SnapEDA_Link"; Value = "https://www.snapeda.com/parts/1803578/Phoenix%20Contact/view-part/46882/?ref=snap"; VariantName = "[No Variations]"
Change component parameters (AddParameter): Name = "Value"; Value = ""; VariantName = "[No Variations]"
Change component parameters: Designator = "" ("P5"); Footprint = "PHOENIX_1803578"; UniqueID = "\LQMKWKUY" ("\LQMKWKUY")
Change component parameters (AddParameter): Name = "Availability"; Value = "Good"; VariantName = "[No Variations]"
Change component parameters (AddParameter): Name = "Check_prices"; Value = "https://www.snapeda.com/parts/1803578/Phoenix%20Contact/view-part/46882/?ref=eda"; VariantName = "[No Variations]"
Change component parameters (AddParameter): Name = "MF"; Value = "Phoenix Contact"; VariantName = "[No Variations]"
Change component parameters (AddParameter): Name = "MP"; Value = "1803578"; VariantName = "[No Variations]"
Change component parameters (AddParameter): Name = "Package"; Value = "Custom Package Phoenix Contact"; VariantName = "[No Variations]"
Change component parameters (AddParameter): Name = "Price"; Value = "None"; VariantName = "[No Variations]"
Change component parameters (AddParameter): Name = "Purchase-URL"; Value = "https://pricing.snapeda.com/search/part/1803578/?ref=eda"; VariantName = "[No Variations]"
Change component parameters (AddParameter): Name = "SnapEDA_Link"; Value = "https://www.snapeda.com/parts/1803578/Phoenix%20Contact/view-part/46882/?ref=snap"; VariantName = "[No Variations]"
Change component parameters (AddParameter): Name = "Value"; Value = ""; VariantName = "[No Variations]"
Change component parameters: Designator = "" ("P6"); Footprint = "PHOENIX_1803578"; UniqueID = "\BXZXVWVU" ("\BXZXVWVU")
Change component parameters (AddParameter): Name = "Availability"; Value = "Good"; VariantName = "[No Variations]"
Change component parameters (AddParameter): Name = "Check_prices"; Value = "https://www.snapeda.com/parts/1803578/Phoenix%20Contact/view-part/46882/?ref=eda"; VariantName = "[No Variations]"
Change component parameters (AddParameter): Name = "MF"; Value = "Phoenix Contact"; VariantName = "[No Variations]"
Change component parameters (AddParameter): Name = "MP"; Value = "1803578"; VariantName = "[No Variations]"
Change component parameters (AddParameter): Name = "Package"; Value = "Custom Package Phoenix Contact"; VariantName = "[No Variations]"
Change component parameters (AddParameter): Name = "Price"; Value = "None"; VariantName = "[No Variations]"
Change component parameters (AddParameter): Name = "Purchase-URL"; Value = "https://pricing.snapeda.com/search/part/1803578/?ref=eda"; VariantName = "[No Variations]"
Change component parameters (AddParameter): Name = "SnapEDA_Link"; Value = "https://www.snapeda.com/parts/1803578/Phoenix%20Contact/view-part/46882/?ref=snap"; VariantName = "[No Variations]"
Change component parameters (AddParameter): Name = "Value"; Value = ""; VariantName = "[No Variations]"
Change component parameters: Designator = "" ("P11"); Footprint = "PHOENIX_1803578"; UniqueID = "\AFWBGNKZ" ("\AFWBGNKZ")
Change component parameters (AddParameter): Name = "Availability"; Value = "Good"; VariantName = "[No Variations]"
Change component parameters (AddParameter): Name = "Check_prices"; Value = "https://www.snapeda.com/parts/1803578/Phoenix%20Contact/view-part/46882/?ref=eda"; VariantName = "[No Variations]"
Change component parameters (AddParameter): Name = "MF"; Value = "Phoenix Contact"; VariantName = "[No Variations]"
Change component parameters (AddParameter): Name = "MP"; Value = "1803578"; VariantName = "[No Variations]"
Change component parameters (AddParameter): Name = "Package"; Value = "Custom Package Phoenix Contact"; VariantName = "[No Variations]"
Change component parameters (AddParameter): Name = "Price"; Value = "None"; VariantName = "[No Variations]"
Change component parameters (AddParameter): Name = "Purchase-URL"; Value = "https://pricing.snapeda.com/search/part/1803578/?ref=eda"; VariantName = "[No Variations]"
Change component parameters (AddParameter): Name = "SnapEDA_Link"; Value = "https://www.snapeda.com/parts/1803578/Phoenix%20Contact/view-part/46882/?ref=snap"; VariantName = "[No Variations]"
Change component parameters (AddParameter): Name = "Value"; Value = ""; VariantName = "[No Variations]"
Change component parameters: Designator = "" ("P12"); Footprint = "PHOENIX_1803578"; UniqueID = "\HHLCCJFN" ("\HHLCCJFN")
Change component parameters (AddParameter): Name = "Availability"; Value = "Good"; VariantName = "[No Variations]"
Change component parameters (AddParameter): Name = "Check_prices"; Value = "https://www.snapeda.com/parts/1803578/Phoenix%20Contact/view-part/46882/?ref=eda"; VariantName = "[No Variations]"
Change component parameters (AddParameter): Name = "MF"; Value = "Phoenix Contact"; VariantName = "[No Variations]"
Change component parameters (AddParameter): Name = "MP"; Value = "1803578"; VariantName = "[No Variations]"
Change component parameters (AddParameter): Name = "Package"; Value = "Custom Package Phoenix Contact"; VariantName = "[No Variations]"
Change component parameters (AddParameter): Name = "Price"; Value = "None"; VariantName = "[No Variations]"
Change component parameters (AddParameter): Name = "Purchase-URL"; Value = "https://pricing.snapeda.com/search/part/1803578/?ref=eda"; VariantName = "[No Variations]"
Change component parameters (AddParameter): Name = "SnapEDA_Link"; Value = "https://www.snapeda.com/parts/1803578/Phoenix%20Contact/view-part/46882/?ref=snap"; VariantName = "[No Variations]"
Change component parameters (AddParameter): Name = "Value"; Value = ""; VariantName = "[No Variations]"
Change component parameters: Designator = "" ("P9"); Footprint = "PHOENIX_1803578"; UniqueID = "\ZSIELCJZ" ("\ZSIELCJZ")
Change component parameters (AddParameter): Name = "Availability"; Value = "Good"; VariantName = "[No Variations]"
Change component parameters (AddParameter): Name = "Check_prices"; Value = "https://www.snapeda.com/parts/1803578/Phoenix%20Contact/view-part/46882/?ref=eda"; VariantName = "[No Variations]"
Change component parameters (AddParameter): Name = "MF"; Value = "Phoenix Contact"; VariantName = "[No Variations]"
Change component parameters (AddParameter): Name = "MP"; Value = "1803578"; VariantName = "[No Variations]"
Change component parameters (AddParameter): Name = "Package"; Value = "Custom Package Phoenix Contact"; VariantName = "[No Variations]"
Change component parameters (AddParameter): Name = "Price"; Value = "None"; VariantName = "[No Variations]"
Change component parameters (AddParameter): Name = "Purchase-URL"; Value = "https://pricing.snapeda.com/search/part/1803578/?ref=eda"; VariantName = "[No Variations]"
Change component parameters (AddParameter): Name = "SnapEDA_Link"; Value = "https://www.snapeda.com/parts/1803578/Phoenix%20Contact/view-part/46882/?ref=snap"; VariantName = "[No Variations]"
Change component parameters (AddParameter): Name = "Value"; Value = ""; VariantName = "[No Variations]"
Change component parameters: Designator = "" ("P10"); Footprint = "PHOENIX_1803578"; UniqueID = "\ITBRHBPB" ("\ITBRHBPB")
Change component parameters (AddParameter): Name = "Availability"; Value = "Good"; VariantName = "[No Variations]"
Change component parameters (AddParameter): Name = "Check_prices"; Value = "https://www.snapeda.com/parts/1803578/Phoenix%20Contact/view-part/46882/?ref=eda"; VariantName = "[No Variations]"
Change component parameters (AddParameter): Name = "MF"; Value = "Phoenix Contact"; VariantName = "[No Variations]"
Change component parameters (AddParameter): Name = "MP"; Value = "1803578"; VariantName = "[No Variations]"
Change component parameters (AddParameter): Name = "Package"; Value = "Custom Package Phoenix Contact"; VariantName = "[No Variations]"
Change component parameters (AddParameter): Name = "Price"; Value = "None"; VariantName = "[No Variations]"
Change component parameters (AddParameter): Name = "Purchase-URL"; Value = "https://pricing.snapeda.com/search/part/1803578/?ref=eda"; VariantName = "[No Variations]"
Change component parameters (AddParameter): Name = "SnapEDA_Link"; Value = "https://www.snapeda.com/parts/1803578/Phoenix%20Contact/view-part/46882/?ref=snap"; VariantName = "[No Variations]"
Change component parameters (AddParameter): Name = "Value"; Value = ""; VariantName = "[No Variations]"
Change component parameters: Designator = "" ("K7"); Footprint = "REL_SPDT_5_1512"; UniqueID = "\ZLWTCMHK" ("\ZLWTCMHK")
Change component parameters (AddParameter): Name = "MANF"; Value = "OMRON"; VariantName = "[No Variations]"
Change component parameters (AddParameter): Name = "MANF_P#"; Value = "G8QN-1C4 DC12"; VariantName = "[No Variations]"
Change component parameters (AddParameter): Name = "PARAM"; Value = "12V, 50mA"; VariantName = "[No Variations]"
Change component parameters (AddParameter): Name = "PARAM2"; Value = "16VDC, 30A"; VariantName = "[No Variations]"
Change component parameters (AddParameter): Name = "PRICE"; Value = "PRICE"; VariantName = "[No Variations]"
Change component parameters (AddParameter): Name = "Value"; Value = "RELAY_SPDT"; VariantName = "[No Variations]"
Change component parameters: Designator = "" ("K8"); Footprint = "REL_SPDT_5_1512"; UniqueID = "\WMHKPJJT" ("\WMHKPJJT")
Change component parameters (AddParameter): Name = "MANF"; Value = "OMRON"; VariantName = "[No Variations]"
Change component parameters (AddParameter): Name = "MANF_P#"; Value = "G8QN-1C4 DC12"; VariantName = "[No Variations]"
Change component parameters (AddParameter): Name = "PARAM"; Value = "12V, 50mA"; VariantName = "[No Variations]"
Change component parameters (AddParameter): Name = "PARAM2"; Value = "16VDC, 30A"; VariantName = "[No Variations]"
Change component parameters (AddParameter): Name = "PRICE"; Value = "PRICE"; VariantName = "[No Variations]"
Change component parameters (AddParameter): Name = "Value"; Value = "RELAY_SPDT"; VariantName = "[No Variations]"
Change component parameters: Designator = "" ("K5"); Footprint = "REL_SPDT_5_1512"; UniqueID = "\CPOYRBEQ" ("\CPOYRBEQ")
Change component parameters (AddParameter): Name = "MANF"; Value = "OMRON"; VariantName = "[No Variations]"
Change component parameters (AddParameter): Name = "MANF_P#"; Value = "G8QN-1C4 DC12"; VariantName = "[No Variations]"
Change component parameters (AddParameter): Name = "PARAM"; Value = "12V, 50mA"; VariantName = "[No Variations]"
Change component parameters (AddParameter): Name = "PARAM2"; Value = "16VDC, 30A"; VariantName = "[No Variations]"
Change component parameters (AddParameter): Name = "PRICE"; Value = "PRICE"; VariantName = "[No Variations]"
Change component parameters (AddParameter): Name = "Value"; Value = "RELAY_SPDT"; VariantName = "[No Variations]"
Change component parameters: Designator = "" ("K6"); Footprint = "REL_SPDT_5_1512"; UniqueID = "\KDPCWKFM" ("\KDPCWKFM")
Change component parameters (AddParameter): Name = "MANF"; Value = "OMRON"; VariantName = "[No Variations]"
Change component parameters (AddParameter): Name = "MANF_P#"; Value = "G8QN-1C4 DC12"; VariantName = "[No Variations]"
Change component parameters (AddParameter): Name = "PARAM"; Value = "12V, 50mA"; VariantName = "[No Variations]"
Change component parameters (AddParameter): Name = "PARAM2"; Value = "16VDC, 30A"; VariantName = "[No Variations]"
Change component parameters (AddParameter): Name = "PRICE"; Value = "PRICE"; VariantName = "[No Variations]"
Change component parameters (AddParameter): Name = "Value"; Value = "RELAY_SPDT"; VariantName = "[No Variations]"
Change component parameters: Designator = "" ("P3"); Footprint = "PHOENIX_1803578"; UniqueID = "\CCBPIXQD" ("\CCBPIXQD")
Change component parameters (AddParameter): Name = "Availability"; Value = "Good"; VariantName = "[No Variations]"
Change component parameters (AddParameter): Name = "Check_prices"; Value = "https://www.snapeda.com/parts/1803578/Phoenix%20Contact/view-part/46882/?ref=eda"; VariantName = "[No Variations]"
Change component parameters (AddParameter): Name = "MF"; Value = "Phoenix Contact"; VariantName = "[No Variations]"
Change component parameters (AddParameter): Name = "MP"; Value = "1803578"; VariantName = "[No Variations]"
Change component parameters (AddParameter): Name = "Package"; Value = "Custom Package Phoenix Contact"; VariantName = "[No Variations]"
Change component parameters (AddParameter): Name = "Price"; Value = "None"; VariantName = "[No Variations]"
Change component parameters (AddParameter): Name = "Purchase-URL"; Value = "https://pricing.snapeda.com/search/part/1803578/?ref=eda"; VariantName = "[No Variations]"
Change component parameters (AddParameter): Name = "SnapEDA_Link"; Value = "https://www.snapeda.com/parts/1803578/Phoenix%20Contact/view-part/46882/?ref=snap"; VariantName = "[No Variations]"
Change component parameters (AddParameter): Name = "Value"; Value = ""; VariantName = "[No Variations]"
Change component parameters: Designator = "" ("P4"); Footprint = "PHOENIX_1803578"; UniqueID = "\XKGNSLCV" ("\XKGNSLCV")
Change component parameters (AddParameter): Name = "Availability"; Value = "Good"; VariantName = "[No Variations]"
Change component parameters (AddParameter): Name = "Check_prices"; Value = "https://www.snapeda.com/parts/1803578/Phoenix%20Contact/view-part/46882/?ref=eda"; VariantName = "[No Variations]"
Change component parameters (AddParameter): Name = "MF"; Value = "Phoenix Contact"; VariantName = "[No Variations]"
Change component parameters (AddParameter): Name = "MP"; Value = "1803578"; VariantName = "[No Variations]"
Change component parameters (AddParameter): Name = "Package"; Value = "Custom Package Phoenix Contact"; VariantName = "[No Variations]"
Change component parameters (AddParameter): Name = "Price"; Value = "None"; VariantName = "[No Variations]"
Change component parameters (AddParameter): Name = "Purchase-URL"; Value = "https://pricing.snapeda.com/search/part/1803578/?ref=eda"; VariantName = "[No Variations]"
Change component parameters (AddParameter): Name = "SnapEDA_Link"; Value = "https://www.snapeda.com/parts/1803578/Phoenix%20Contact/view-part/46882/?ref=snap"; VariantName = "[No Variations]"
Change component parameters (AddParameter): Name = "Value"; Value = ""; VariantName = "[No Variations]"
Change component parameters: Designator = "" ("P1"); Footprint = "PHOENIX_1803578"; UniqueID = "\UZXXNWGH" ("\UZXXNWGH")
Change component parameters (AddParameter): Name = "Availability"; Value = "Good"; VariantName = "[No Variations]"
Change component parameters (AddParameter): Name = "Check_prices"; Value = "https://www.snapeda.com/parts/1803578/Phoenix%20Contact/view-part/46882/?ref=eda"; VariantName = "[No Variations]"
Change component parameters (AddParameter): Name = "MF"; Value = "Phoenix Contact"; VariantName = "[No Variations]"
Change component parameters (AddParameter): Name = "MP"; Value = "1803578"; VariantName = "[No Variations]"
Change component parameters (AddParameter): Name = "Package"; Value = "Custom Package Phoenix Contact"; VariantName = "[No Variations]"
Change component parameters (AddParameter): Name = "Price"; Value = "None"; VariantName = "[No Variations]"
Change component parameters (AddParameter): Name = "Purchase-URL"; Value = "https://pricing.snapeda.com/search/part/1803578/?ref=eda"; VariantName = "[No Variations]"
Change component parameters (AddParameter): Name = "SnapEDA_Link"; Value = "https://www.snapeda.com/parts/1803578/Phoenix%20Contact/view-part/46882/?ref=snap"; VariantName = "[No Variations]"
Change component parameters (AddParameter): Name = "Value"; Value = ""; VariantName = "[No Variations]"
Change component parameters: Designator = "" ("P2"); Footprint = "PHOENIX_1803578"; UniqueID = "\NECHPLZY" ("\NECHPLZY")
Change component parameters (AddParameter): Name = "Availability"; Value = "Good"; VariantName = "[No Variations]"
Change component parameters (AddParameter): Name = "Check_prices"; Value = "https://www.snapeda.com/parts/1803578/Phoenix%20Contact/view-part/46882/?ref=eda"; VariantName = "[No Variations]"
Change component parameters (AddParameter): Name = "MF"; Value = "Phoenix Contact"; VariantName = "[No Variations]"
Change component parameters (AddParameter): Name = "MP"; Value = "1803578"; VariantName = "[No Variations]"
Change component parameters (AddParameter): Name = "Package"; Value = "Custom Package Phoenix Contact"; VariantName = "[No Variations]"
Change component parameters (AddParameter): Name = "Price"; Value = "None"; VariantName = "[No Variations]"
Change component parameters (AddParameter): Name = "Purchase-URL"; Value = "https://pricing.snapeda.com/search/part/1803578/?ref=eda"; VariantName = "[No Variations]"
Change component parameters (AddParameter): Name = "SnapEDA_Link"; Value = "https://www.snapeda.com/parts/1803578/Phoenix%20Contact/view-part/46882/?ref=snap"; VariantName = "[No Variations]"
Change component parameters (AddParameter): Name = "Value"; Value = ""; VariantName = "[No Variations]"
Added Member To Class: ClassName=Power Member=Component *1 mp 1584 12v
Added Member To Class: ClassName=Power Member=Component C1 470uF-16v-polymer
Added Member To Class: ClassName=Power Member=Component C2 470uF-16v-polymer
Added Member To Class: ClassName=Power Member=Component C3 470uF-16v-polymer
Added Member To Class: ClassName=Power Member=Component C4 1nF-1206
Added Member To Class: ClassName=Power Member=Component C5 470uF-6.3v-polymer
Added Member To Class: ClassName=MCU Member=Component C6 22pf-1206
Added Member To Class: ClassName=MCU Member=Component C7 22pf-1206
Added Member To Class: ClassName=MCU Member=Component C8 1uf-1206
Added Member To Class: ClassName=MCU Member=Component C9 1uf-1206
Added Member To Class: ClassName=MCU Member=Component C10 1uf-1206
Added Member To Class: ClassName=MCU Member=Component C11 1uf-1206
Added Member To Class: ClassName=jack driver 1 Member=Component C12 1nf-1206
Added Member To Class: ClassName=jack driver 1 Member=Component C13 100uF-50v-polymer
Added Member To Class: ClassName=motor driver 1 Member=Component C14 1nf-1206
Added Member To Class: ClassName=interface Member=Component C15 1uf-1206
Added Member To Class: ClassName=interface Member=Component C16 1nf-1206
Added Member To Class: ClassName=receiver 1 Member=Component C17 1uf-1206
Added Member To Class: ClassName=receiver 1 Member=Component C18 1uf-1206
Added Member To Class: ClassName=receiver 1 Member=Component C19 1uf-1206
Added Member To Class: ClassName=receiver 1 Member=Component C20 1uf-1206
Added Member To Class: ClassName=receiver 2 Member=Component C21 1uf-1206
Added Member To Class: ClassName=receiver 2 Member=Component C22 1uf-1206
Added Member To Class: ClassName=receiver 2 Member=Component C23 1uf-1206
Added Member To Class: ClassName=receiver 2 Member=Component C24 1uf-1206
Added Member To Class: ClassName=jack driver 2 Member=Component C25 1nf-1206
Added Member To Class: ClassName=jack driver 2 Member=Component C26 100uF-50v-polymer
Added Member To Class: ClassName=motor driver 2 Member=Component C27 1nf-1206
Added Member To Class: ClassName=Power Member=Component D1 led-red-1206
Added Member To Class: ClassName=jack driver 1 Member=Component D2 1N4007-SMA
Added Member To Class: ClassName=jack driver 1 Member=Component D3 1N4007-SMA
Added Member To Class: ClassName=motor driver 1 Member=Component D4 1N4007-SMA
Added Member To Class: ClassName=motor driver 1 Member=Component D5 1N4007-SMA
Added Member To Class: ClassName=interface Member=Component D6 led-red-1206
Added Member To Class: ClassName=interface Member=Component D7 led-red-1206
Added Member To Class: ClassName=interface Member=Component D8 led-red-1206
Added Member To Class: ClassName=interface Member=Component D9 led-red-1206
Added Member To Class: ClassName=interface Member=Component D10 led-red-1206
Added Member To Class: ClassName=interface Member=Component D11 led-red-1206
Added Member To Class: ClassName=interface Member=Component D12 led-red-1206
Added Member To Class: ClassName=interface Member=Component D13 led-red-1206
Added Member To Class: ClassName=interface Member=Component D14 led-red-1206
Added Member To Class: ClassName=interface Member=Component D15 led-red-1206
Added Member To Class: ClassName=interface Member=Component D16 led-red-1206
Added Member To Class: ClassName=interface Member=Component D17 led-red-1206
Added Member To Class: ClassName=interface Member=Component D18 led-red-1206
Added Member To Class: ClassName=interface Member=Component D19 led-red-1206
Added Member To Class: ClassName=interface Member=Component D20 led-red-1206
Added Member To Class: ClassName=interface Member=Component D21 led-red-1206
Added Member To Class: ClassName=receiver 1 Member=Component D22 led-red-1206
Added Member To Class: ClassName=receiver 1 Member=Component D23 led-red-1206
Added Member To Class: ClassName=receiver 1 Member=Component D24 led-red-1206
Added Member To Class: ClassName=receiver 1 Member=Component D25 led-red-1206
Added Member To Class: ClassName=receiver 2 Member=Component D26 led-red-1206
Added Member To Class: ClassName=receiver 2 Member=Component D27 led-red-1206
Added Member To Class: ClassName=receiver 2 Member=Component D28 led-red-1206
Added Member To Class: ClassName=receiver 2 Member=Component D29 led-red-1206
Added Member To Class: ClassName=jack driver 2 Member=Component D30 1N4007-SMA
Added Member To Class: ClassName=jack driver 2 Member=Component D31 1N4007-SMA
Added Member To Class: ClassName=motor driver 2 Member=Component D32 1N4007-SMA
Added Member To Class: ClassName=motor driver 2 Member=Component D33 1N4007-SMA
Added Member To Class: ClassName=MCU Member=Component EEPROM1 Component_1
Added Member To Class: ClassName=Power Member=Component J1 phoenix-5.08mm-2pos
Added Member To Class: ClassName=MCU Member=Component J2 MTSW-104-24-G-S-230
Added Member To Class: ClassName=MCU Member=Component J3 MTSW-104-24-G-S-230
Added Member To Class: ClassName=motor driver 1 Member=Component J4 phoenix-5.08mm-3pos
Added Member To Class: ClassName=receiver 1 Member=Component J5 phoenix-5.08mm-2pos
Added Member To Class: ClassName=receiver 1 Member=Component J6 phoenix-5.08mm-2pos
Added Member To Class: ClassName=receiver 1 Member=Component J7 phoenix-5.08mm-2pos
Added Member To Class: ClassName=receiver 1 Member=Component J8 phoenix-5.08mm-2pos
Added Member To Class: ClassName=receiver 2 Member=Component J9 phoenix-5.08mm-2pos
Added Member To Class: ClassName=receiver 2 Member=Component J10 phoenix-5.08mm-2pos
Added Member To Class: ClassName=receiver 2 Member=Component J11 phoenix-5.08mm-2pos
Added Member To Class: ClassName=receiver 2 Member=Component J12 phoenix-5.08mm-2pos
Added Member To Class: ClassName=motor driver 2 Member=Component J13 phoenix-5.08mm-3pos
Added Member To Class: ClassName=jack driver 1 Member=Component JP1 HDRF3
Added Member To Class: ClassName=motor driver 1 Member=Component JP2 HDRF3
Added Member To Class: ClassName=jack driver 2 Member=Component JP3 HDRF3
Added Member To Class: ClassName=motor driver 2 Member=Component JP4 HDRF3
Added Member To Class: ClassName=jack driver 1 Member=Component K1 RELAY_SPDT
Added Member To Class: ClassName=jack driver 1 Member=Component K2 RELAY_SPDT
Added Member To Class: ClassName=motor driver 1 Member=Component K3 RELAY_SPDT
Added Member To Class: ClassName=motor driver 1 Member=Component K4 RELAY_SPDT
Added Member To Class: ClassName=jack driver 2 Member=Component K5 RELAY_SPDT
Added Member To Class: ClassName=jack driver 2 Member=Component K6 RELAY_SPDT
Added Member To Class: ClassName=motor driver 2 Member=Component K7 RELAY_SPDT
Added Member To Class: ClassName=motor driver 2 Member=Component K8 RELAY_SPDT
Added Member To Class: ClassName=Power Member=Component P1 phoenix-3.81mm-2pos
Added Member To Class: ClassName=jack driver 1 Member=Component P2 phoenix-3.81mm-2pos
Added Member To Class: ClassName=jack driver 1 Member=Component P3 phoenix-3.81mm-2pos
Added Member To Class: ClassName=jack driver 1 Member=Component P4 phoenix-3.81mm-2pos
Added Member To Class: ClassName=jack driver 1 Member=Component P5 phoenix-3.81mm-2pos
Added Member To Class: ClassName=motor driver 1 Member=Component P6 phoenix-3.81mm-2pos
Added Member To Class: ClassName=motor driver 1 Member=Component P7 phoenix-3.81mm-2pos
Added Member To Class: ClassName=jack driver 2 Member=Component P8 phoenix-3.81mm-2pos
Added Member To Class: ClassName=jack driver 2 Member=Component P9 phoenix-3.81mm-2pos
Added Member To Class: ClassName=jack driver 2 Member=Component P10 phoenix-3.81mm-2pos
Added Member To Class: ClassName=jack driver 2 Member=Component P11 phoenix-3.81mm-2pos
Added Member To Class: ClassName=motor driver 2 Member=Component P12 phoenix-3.81mm-2pos
Added Member To Class: ClassName=motor driver 2 Member=Component P13 phoenix-3.81mm-2pos
Added Member To Class: ClassName=jack driver 1 Member=Component Q1 2N7002
Added Member To Class: ClassName=jack driver 1 Member=Component Q2 2N7002
Added Member To Class: ClassName=jack driver 1 Member=Component Q3 SS8050
Added Member To Class: ClassName=jack driver 1 Member=Component Q4 SS8050
Added Member To Class: ClassName=motor driver 1 Member=Component Q5 2N7002
Added Member To Class: ClassName=motor driver 1 Member=Component Q6 2N7002
Added Member To Class: ClassName=motor driver 1 Member=Component Q7 SS8050
Added Member To Class: ClassName=motor driver 1 Member=Component Q8 SS8050
Added Member To Class: ClassName=interface Member=Component Q9 SS8050
Added Member To Class: ClassName=interface Member=Component Q10 SS8050
Added Member To Class: ClassName=interface Member=Component Q11 SS8050
Added Member To Class: ClassName=interface Member=Component Q12 SS8050
Added Member To Class: ClassName=interface Member=Component Q13 SS8050
Added Member To Class: ClassName=interface Member=Component Q14 SS8050
Added Member To Class: ClassName=interface Member=Component Q15 SS8050
Added Member To Class: ClassName=interface Member=Component Q16 SS8050
Added Member To Class: ClassName=interface Member=Component Q17 SS8050
Added Member To Class: ClassName=interface Member=Component Q18 SS8050
Added Member To Class: ClassName=interface Member=Component Q19 SS8050
Added Member To Class: ClassName=interface Member=Component Q20 SS8050
Added Member To Class: ClassName=interface Member=Component Q21 SS8050
Added Member To Class: ClassName=interface Member=Component Q22 SS8050
Added Member To Class: ClassName=interface Member=Component Q23 SS8050
Added Member To Class: ClassName=interface Member=Component Q24 SS8050
Added Member To Class: ClassName=interface Member=Component Q25 2N7002
Added Member To Class: ClassName=interface Member=Component Q26 2N7002
Added Member To Class: ClassName=jack driver 2 Member=Component Q27 2N7002
Added Member To Class: ClassName=jack driver 2 Member=Component Q28 2N7002
Added Member To Class: ClassName=jack driver 2 Member=Component Q29 SS8050
Added Member To Class: ClassName=jack driver 2 Member=Component Q30 SS8050
Added Member To Class: ClassName=motor driver 2 Member=Component Q31 2N7002
Added Member To Class: ClassName=motor driver 2 Member=Component Q32 2N7002
Added Member To Class: ClassName=motor driver 2 Member=Component Q33 SS8050
Added Member To Class: ClassName=motor driver 2 Member=Component Q34 SS8050
Added Member To Class: ClassName=Power Member=Component R1 4.7k-1206
Added Member To Class: ClassName=Power Member=Component R2 220k-1206
Added Member To Class: ClassName=Power Member=Component R3 22k-1206
Added Member To Class: ClassName=MCU Member=Component R4 4.7k-1206
Added Member To Class: ClassName=MCU Member=Component R5 4.7k-1206
Added Member To Class: ClassName=MCU Member=Component R6 4.7k -0805
Added Member To Class: ClassName=MCU Member=Component R7 4.7k -0805
Added Member To Class: ClassName=jack driver 1 Member=Component R8 4.7k-1206
Added Member To Class: ClassName=jack driver 1 Member=Component R9 4.7k-1206
Added Member To Class: ClassName=jack driver 1 Member=Component R10 4.7k-1206
Added Member To Class: ClassName=jack driver 1 Member=Component R11 4.7k-1206
Added Member To Class: ClassName=jack driver 1 Member=Component R12 4.7k-1206
Added Member To Class: ClassName=jack driver 1 Member=Component R13 4.7k-1206
Added Member To Class: ClassName=motor driver 1 Member=Component R14 4.7k-1206
Added Member To Class: ClassName=motor driver 1 Member=Component R15 4.7k-1206
Added Member To Class: ClassName=motor driver 1 Member=Component R16 4.7k-1206
Added Member To Class: ClassName=motor driver 1 Member=Component R17 4.7k-1206
Added Member To Class: ClassName=motor driver 1 Member=Component R18 4.7k-1206
Added Member To Class: ClassName=motor driver 1 Member=Component R19 4.7k-1206
Added Member To Class: ClassName=interface Member=Component R20 300 ohm-1206
Added Member To Class: ClassName=interface Member=Component R21 300 ohm-1206
Added Member To Class: ClassName=interface Member=Component R22 300 ohm-1206
Added Member To Class: ClassName=interface Member=Component R23 300 ohm-1206
Added Member To Class: ClassName=interface Member=Component R24 300 ohm-1206
Added Member To Class: ClassName=interface Member=Component R25 300 ohm-1206
Added Member To Class: ClassName=interface Member=Component R26 300 ohm-1206
Added Member To Class: ClassName=interface Member=Component R27 300 ohm-1206
Added Member To Class: ClassName=interface Member=Component R28 4.7k-1206
Added Member To Class: ClassName=interface Member=Component R29 4.7k-1206
Added Member To Class: ClassName=interface Member=Component R30 4.7k-1206
Added Member To Class: ClassName=interface Member=Component R31 4.7k-1206
Added Member To Class: ClassName=interface Member=Component R32 4.7k-1206
Added Member To Class: ClassName=interface Member=Component R33 4.7k-1206
Added Member To Class: ClassName=interface Member=Component R34 4.7k-1206
Added Member To Class: ClassName=interface Member=Component R35 4.7k-1206
Added Member To Class: ClassName=interface Member=Component R36 300 ohm-1206
Added Member To Class: ClassName=interface Member=Component R37 300 ohm-1206
Added Member To Class: ClassName=interface Member=Component R38 300 ohm-1206
Added Member To Class: ClassName=interface Member=Component R39 300 ohm-1206
Added Member To Class: ClassName=interface Member=Component R40 300 ohm-1206
Added Member To Class: ClassName=interface Member=Component R41 300 ohm-1206
Added Member To Class: ClassName=interface Member=Component R42 300 ohm-1206
Added Member To Class: ClassName=interface Member=Component R43 300 ohm-1206
Added Member To Class: ClassName=interface Member=Component R44 4.7k-1206
Added Member To Class: ClassName=interface Member=Component R45 4.7k-1206
Added Member To Class: ClassName=interface Member=Component R46 4.7k-1206
Added Member To Class: ClassName=interface Member=Component R47 4.7k-1206
Added Member To Class: ClassName=interface Member=Component R48 4.7k-1206
Added Member To Class: ClassName=interface Member=Component R49 4.7k-1206
Added Member To Class: ClassName=interface Member=Component R50 4.7k-1206
Added Member To Class: ClassName=interface Member=Component R51 4.7k-1206
Added Member To Class: ClassName=interface Member=Component R52 4.7k-1206
Added Member To Class: ClassName=interface Member=Component R53 4.7k-1206
Added Member To Class: ClassName=interface Member=Component R54 4.7k-1206
Added Member To Class: ClassName=interface Member=Component R55 4.7k-1206
Added Member To Class: ClassName=interface Member=Component R56 4.7k-1206
Added Member To Class: ClassName=receiver 1 Member=Component R57 10k-2512
Added Member To Class: ClassName=receiver 1 Member=Component R58 10k-2512
Added Member To Class: ClassName=receiver 1 Member=Component R59 10k-2512
Added Member To Class: ClassName=receiver 1 Member=Component R60 10k-2512
Added Member To Class: ClassName=receiver 1 Member=Component R61 10k-2512
Added Member To Class: ClassName=receiver 1 Member=Component R62 10k-2512
Added Member To Class: ClassName=receiver 1 Member=Component R63 10k-2512
Added Member To Class: ClassName=receiver 1 Member=Component R64 10k-2512
Added Member To Class: ClassName=receiver 1 Member=Component R65 10K -1206
Added Member To Class: ClassName=receiver 1 Member=Component R66 10K -1206
Added Member To Class: ClassName=receiver 1 Member=Component R67 4.7k-1206
Added Member To Class: ClassName=receiver 1 Member=Component R68 4.7k-1206
Added Member To Class: ClassName=receiver 1 Member=Component R69 10k-2512
Added Member To Class: ClassName=receiver 1 Member=Component R70 10k-2512
Added Member To Class: ClassName=receiver 1 Member=Component R71 10k-2512
Added Member To Class: ClassName=receiver 1 Member=Component R72 10k-2512
Added Member To Class: ClassName=receiver 1 Member=Component R73 10k-2512
Added Member To Class: ClassName=receiver 1 Member=Component R74 10k-2512
Added Member To Class: ClassName=receiver 1 Member=Component R75 10k-2512
Added Member To Class: ClassName=receiver 1 Member=Component R76 10k-2512
Added Member To Class: ClassName=receiver 1 Member=Component R77 10K -1206
Added Member To Class: ClassName=receiver 1 Member=Component R78 10K -1206
Added Member To Class: ClassName=receiver 1 Member=Component R79 4.7k-1206
Added Member To Class: ClassName=receiver 1 Member=Component R80 4.7k-1206
Added Member To Class: ClassName=receiver 2 Member=Component R81 10k-2512
Added Member To Class: ClassName=receiver 2 Member=Component R82 10k-2512
Added Member To Class: ClassName=receiver 2 Member=Component R83 10k-2512
Added Member To Class: ClassName=receiver 2 Member=Component R84 10k-2512
Added Member To Class: ClassName=receiver 2 Member=Component R85 10k-2512
Added Member To Class: ClassName=receiver 2 Member=Component R86 10k-2512
Added Member To Class: ClassName=receiver 2 Member=Component R87 10k-2512
Added Member To Class: ClassName=receiver 2 Member=Component R88 10k-2512
Added Member To Class: ClassName=receiver 2 Member=Component R89 10K -1206
Added Member To Class: ClassName=receiver 2 Member=Component R90 10K -1206
Added Member To Class: ClassName=receiver 2 Member=Component R91 4.7k-1206
Added Member To Class: ClassName=receiver 2 Member=Component R92 4.7k-1206
Added Member To Class: ClassName=receiver 2 Member=Component R93 10k-2512
Added Member To Class: ClassName=receiver 2 Member=Component R94 10k-2512
Added Member To Class: ClassName=receiver 2 Member=Component R95 10k-2512
Added Member To Class: ClassName=receiver 2 Member=Component R96 10k-2512
Added Member To Class: ClassName=receiver 2 Member=Component R97 10k-2512
Added Member To Class: ClassName=receiver 2 Member=Component R98 10k-2512
Added Member To Class: ClassName=receiver 2 Member=Component R99 10k-2512
Added Member To Class: ClassName=receiver 2 Member=Component R100 10k-2512
Added Member To Class: ClassName=receiver 2 Member=Component R101 10K -1206
Added Member To Class: ClassName=receiver 2 Member=Component R102 10K -1206
Added Member To Class: ClassName=receiver 2 Member=Component R103 4.7k-1206
Added Member To Class: ClassName=receiver 2 Member=Component R104 4.7k-1206
Added Member To Class: ClassName=jack driver 2 Member=Component R105 4.7k-1206
Added Member To Class: ClassName=jack driver 2 Member=Component R106 4.7k-1206
Added Member To Class: ClassName=jack driver 2 Member=Component R107 4.7k-1206
Added Member To Class: ClassName=jack driver 2 Member=Component R108 4.7k-1206
Added Member To Class: ClassName=jack driver 2 Member=Component R109 4.7k-1206
Added Member To Class: ClassName=jack driver 2 Member=Component R110 4.7k-1206
Added Member To Class: ClassName=motor driver 2 Member=Component R111 4.7k-1206
Added Member To Class: ClassName=motor driver 2 Member=Component R112 4.7k-1206
Added Member To Class: ClassName=motor driver 2 Member=Component R113 4.7k-1206
Added Member To Class: ClassName=motor driver 2 Member=Component R114 4.7k-1206
Added Member To Class: ClassName=motor driver 2 Member=Component R115 4.7k-1206
Added Member To Class: ClassName=motor driver 2 Member=Component R116 4.7k-1206
Added Member To Class: ClassName=interface Member=Component SW1 RotaryEncoderSwitch
Added Member To Class: ClassName=Power Member=Component U1 LF50
Added Member To Class: ClassName=Power Member=Component U2 AMS1117
Added Member To Class: ClassName=MCU Member=Component U3 STM32G070RBT6
Added Member To Class: ClassName=receiver 1 Member=Component U4 EL817
Added Member To Class: ClassName=receiver 1 Member=Component U5 EL817
Added Member To Class: ClassName=receiver 1 Member=Component U6 EL817
Added Member To Class: ClassName=receiver 1 Member=Component U7 EL817
Added Member To Class: ClassName=receiver 2 Member=Component U8 EL817
Added Member To Class: ClassName=receiver 2 Member=Component U9 EL817
Added Member To Class: ClassName=receiver 2 Member=Component U10 EL817
Added Member To Class: ClassName=receiver 2 Member=Component U11 EL817
Added Member To Class: ClassName=MCU Member=Component Y1 8MHZ
